t_source,device_serial,segment,px,py,pz,qx,qy,qz,qw,valid
999.9986286937415,LHR-TRKR0001,pelvis,0.6008177246201613,1.000617983922931,-1.2001121873493934,0.0,0.31730465640509214,0.0,0.9483236552061993,1
1000.0001166048693,LHR-TRKR0002,foot_left,0.5204443986625854,0.0805956381649209,-1.1403193185054021,0.0,0.31730465640509214,0.0,0.9483236552061993,1
1000.000125730221,LHR-HMD00001,head,0.5992994511769084,1.701338279515128,-1.1994177941514268,0.0,0.31730465640509214,0.0,0.9483236552061993,1
1000.0002837067581,LHR-CTRL0001,hand_left,0.4011988682566961,0.949112602253508,-1.0496995625225922,0.0,0.31730465640509214,0.0,0.9483236552061993,1
1000.0005876808835,LHR-CTRL0002,hand_right,0.80077269937176,0.9507367705016561,-1.3510219727818424,0.0,0.31730465640509214,0.0,0.9483236552061993,1
1000.0098240583395,LHR-CTRL0002,hand_right,0.7997910275252804,0.9502789293788801,-1.3517509753822727,0.0,0.31730465640509214,0.0,0.9483236552061993,1
1000.0103254978867,LHR-TRKR0002,foot_left,0.5202390500157338,0.08055275630281405,-1.1398884112612555,0.0,0.31730465640509214,0.0,0.9483236552061993,1
1000.0109790062478,LHR-HMD00001,head,0.5982481994347199,1.7010414021981866,-1.2010747914952231,0.0,0.31730465640509214,0.0,0.9483236552061993,1
1000.0115847507151,LHR-TRKR0001,pelvis,0.5982323267030177,0.9999195673814762,-1.2004791953448049,0.0,0.31730465640509214,0.0,0.9483236552061993,1
1000.0127237773613,LHR-CTRL0001,hand_left,0.402988096759256,0.950670437819059,-1.048230657891209,0.0,0.31730465640509214,0.0,0.9483236552061993,1
1000.0209056209028,LHR-TRKR0002,foot_left,0.5184556055818195,0.08035920864709493,-1.1394566584815211,0.0,0.31730465640509214,0.0,0.9483236552061993,1
1000.0214413770526,LHR-TRKR0001,pelvis,0.5999564655760123,0.9988974550296643,-1.1999800212441518,0.0,0.31730465640509214,0.0,0.9483236552061993,1
1000.0215166447321,LHR-CTRL0001,hand_left,0.4002924684983844,0.9484653677092205,-1.0509983942271781,0.0,0.31730465640509214,0.0,0.9483236552061993,1
1000.0218826651669,LHR-CTRL0002,hand_right,0.8015221494519106,0.9499312924648964,-1.3496286942425826,0.0,0.31730465640509214,0.0,0.9483236552061993,1
1000.0228626448727,LHR-HMD00001,head,0.5998220860534174,1.700668113421684,-1.200299853160599,0.0,0.31730465640509214,0.0,0.9483236552061993,1
1000.0321313105705,LHR-CTRL0001,hand_left,0.40117078798947237,0.9503004282082443,-1.048090741509409,0.0,0.31730465640509214,0.0,0.9483236552061993,1
1000.0323787734561,LHR-CTRL0002,hand_right,0.8009653853926068,0.9489528857150064,-1.3516827983954447,0.0,0.31730465640509214,0.0,0.9483236552061993,1
1000.032875865203,LHR-TRKR0001,pelvis,0.5988038772638956,0.9997444953269882,-1.1999471704679865,0.0,0.31730465640509214,0.0,0.9483236552061993,1
1000.0330030530607,LHR-TRKR0002,foot_left,0.5212577193455237,0.07904902318672159,-1.1407803196850417,0.0,0.31730465640509214,0.0,0.9483236552061993,1
1000.0334382334505,LHR-HMD00001,head,0.6011189440556172,1.7007612637605132,-1.201576875610487,0.0,0.31730465640509214,0.0,0.9483236552061993,1
1000.0431897408444,LHR-CTRL0001,hand_left,0.39986499171557194,0.9503558794034075,-1.0502416714083371,0.0,0.31730465640509214,0.0,0.9483236552061993,1
1000.0439087750714,LHR-HMD00001,head,0.5995275658435661,1.7002820737332214,-1.200574998681265,0.0,0.31730465640509214,0.0,0.9483236552061993,1
1000.0443288667649,LHR-TRKR0002,foot_left,0.5205163694862103,0.08121524565287577,-1.1378715360977176,0.0,0.31730465640509214,0.0,0.9483236552061993,1
1000.0450045879293,LHR-CTRL0002,hand_right,0.7984835720605354,0.950753394955802,-1.3506463558270174,0.0,0.31730465640509214,0.0,0.9483236552061993,1
1000.045688896763,LHR-TRKR0001,pelvis,0.6003706198034706,1.0006796110995488,-1.200182776524023,0.0,0.31730465640509214,0.0,0.9483236552061993,1
1000.0550797609644,LHR-CTRL0001,hand_left,0.401005970358625,0.947917861851487,-1.0495087009559767,0.0,0.31730465640509214,0.0,0.9483236552061993,1
1000.0552591272731,LHR-TRKR0001,pelvis,0.5970421709259821,0.9997366463498747,-1.200817922437121,0.0,0.31730465640509214,0.0,0.9483236552061993,1
1000.0555448853014,LHR-TRKR0002,foot_left,0.5213573494130762,0.08037546527678249,-1.1405058740274234,0.0,0.31730465640509214,0.0,0.9483236552061993,1
1000.0559171506104,LHR-HMD00001,head,0.5997837234938188,1.700799784911389,-1.1996832186933164,0.0,0.31730465640509214,0.0,0.9483236552061993,1
1000.0571824184103,LHR-CTRL0002,hand_right,0.8006723052930399,0.9509586953369247,-1.3504827121612384,0.0,0.31730465640509214,0.0,0.9483236552061993,1
1000.0661834462106,LHR-CTRL0002,hand_right,0.8012214741880078,0.9503750646430676,-1.3512421121821208,0.0,0.31730465640509214,0.0,0.9483236552061993,1
1000.0667170233531,LHR-TRKR0002,foot_left,0.5206732774086373,0.08003831741046748,-1.1396310539728673,0.0,0.31730465640509214,0.0,0.9483236552061993,1
1000.0671670285492,LHR-CTRL0001,hand_left,0.3994542648351467,0.9498705114406458,-1.048531627640707,0.0,0.31730465640509214,0.0,0.9483236552061993,1
1000.0676630453927,LHR-TRKR0001,pelvis,0.5993991245187517,1.0004687007723143,-1.1988801317564763,0.0,0.31730465640509214,0.0,0.9483236552061993,1
1000.0679706667119,LHR-HMD00001,head,0.5990793809648451,1.7001746063693537,-1.2006122696351098,0.0,0.31730465640509214,0.0,0.9483236552061993,1
1000.0770064537937,LHR-TRKR0002,foot_left,0.5199443552647681,0.08064861969984696,-1.140401671370263,0.0,0.31730465640509214,0.0,0.9483236552061993,1
1000.0772837211857,LHR-TRKR0001,pelvis,0.6017398204115695,1.0002743120733766,-1.199760698111794,0.0,0.31730465640509214,0.0,0.9483236552061993,1
1000.0776212745579,LHR-CTRL0001,hand_left,0.40072846330047884,0.9506268909258112,-1.0503399187037965,0.0,0.31730465640509214,0.0,0.9483236552061993,1
1000.0778564031517,LHR-CTRL0002,hand_right,0.8005193463213927,0.9495934186189148,-1.349863233701267,0.0,0.31730465640509214,0.0,0.9483236552061993,1
1000.0787248587409,LHR-HMD00001,head,0.5987848076407712,1.698869944149998,-1.199713044462899,0.0,0.31730465640509214,0.0,0.9483236552061993,1
1000.0871325724802,LHR-TRKR0002,foot_left,0.520873047633977,0.07984465827684599,-1.141004894444972,0.0,0.31730465640509214,0.0,0.9483236552061993,1
1000.0881851536531,LHR-HMD00001,head,0.5999718862940064,1.7000054318085585,-1.2011462090478724,0.0,0.31730465640509214,0.0,0.9483236552061993,1
1000.0881996073551,LHR-CTRL0001,hand_left,0.39766923217179195,0.9488741031592757,-1.0492845025438486,0.0,0.31730465640509214,0.0,0.9483236552061993,1
1000.0892178775451,LHR-TRKR0001,pelvis,0.6021015820348362,0.9993344857341815,-1.1995844439887524,0.0,0.31730465640509214,0.0,0.9483236552061993,1
1000.0907768291123,LHR-CTRL0002,hand_right,0.7990856742206695,0.9509544363294131,-1.3504527585283488,0.0,0.31730465640509214,0.0,0.9483236552061993,1
1000.0987345785289,LHR-HMD00001,head,0.5998160704500124,1.6989628323922508,-1.2009263938335666,0.0,0.31730465640509214,0.0,0.9483236552061993,1
1000.0988915384881,LHR-CTRL0001,hand_left,0.3991719343355789,0.9503710374234744,-1.051387987966068,0.0,0.31730465640509214,0.0,0.9483236552061993,1
1000.0991695136797,LHR-TRKR0001,pelvis,0.6014952293077991,0.9996415302185331,-1.2000963736595878,0.0,0.31730465640509214,0.0,0.9483236552061993,1
1000.0999147217473,LHR-CTRL0002,hand_right,0.7996094041026063,0.9495574468906941,-1.348493741512374,0.0,0.31730465640509214,0.0,0.9483236552061993,1
1000.1020223700556,LHR-TRKR0002,foot_left,0.5212523335662916,0.0793437302176484,-1.1386895233342296,0.0,0.31730465640509214,0.0,0.9483236552061993,1
1000.1092541206758,LHR-TRKR0001,pelvis,0.5991262305012008,0.999319110631722,-1.198651936433704,0.0,0.31730465640509214,0.0,0.9483236552061993,1
1000.1096787216653,LHR-TRKR0002,foot_left,0.5204428318372971,0.07982655873602375,-1.1381743808846134,0.0,0.31730465640509214,0.0,0.9483236552061993,1
1000.1104878366485,LHR-HMD00001,head,0.5998348732432095,1.6986166095486794,-1.1993307327336329,0.0,0.31730465640509214,0.0,0.9483236552061993,1
1000.1108758500876,LHR-CTRL0001,hand_left,0.4001843087434778,0.9513321678217462,-1.049043534960352,0.0,0.31730465640509214,0.0,0.9483236552061993,1
1000.1114263709635,LHR-CTRL0002,hand_right,0.7996383247293767,0.951620577409313,-1.3533712350509395,0.0,0.31730465640509214,0.0,0.9483236552061993,1
1000.1213528582809,LHR-TRKR0001,pelvis,0.6013436165236561,0.9990169307053561,-1.199741212437868,0.0,0.31730465640509214,0.0,0.9483236552061993,1
1000.1222635482017,LHR-HMD00001,head,0.6024868828512728,1.7004588232490907,-1.2010429031389955,0.0,0.31730465640509214,0.0,0.9483236552061993,1
1000.1224592395478,LHR-CTRL0002,hand_right,0.7997895427365945,0.9498336632238227,-1.3500248722165886,0.0,0.31730465640509214,0.0,0.9483236552061993,1
1000.1225675831463,LHR-TRKR0002,foot_left,0.5190922168062971,0.0799817579046956,-1.1420158428450589,0.0,0.31730465640509214,0.0,0.9483236552061993,1
1000.1228422341269,LHR-CTRL0001,hand_left,0.39949158609300933,0.9506790911281319,-1.0496793974329264,0.0,0.31730465640509214,0.0,0.9483236552061993,1
1000.1310083025587,LHR-HMD00001,head,0.5997288144858485,1.6984445620564177,-1.2003776163812923,0.0,0.31730465640509214,0.0,0.9483236552061993,1
1000.1328192493824,LHR-TRKR0001,pelvis,0.599360605452002,0.9983949728574788,-1.1998004735518775,0.0,0.31730465640509214,0.0,0.9483236552061993,1
1000.1336680627444,LHR-CTRL0002,hand_right,0.8006080194670898,0.9489700654525292,-1.348068327942879,0.0,0.31730465640509214,0.0,0.9483236552061993,1
1000.1344486510641,LHR-CTRL0001,hand_left,0.3997170710641769,0.9511248531568213,-1.0491664126348532,0.0,0.31730465640509214,0.0,0.9483236552061993,1
1000.1346669138416,LHR-TRKR0002,foot_left,0.5194642062381066,0.08001885275936742,-1.1416241328685353,0.0,0.31730465640509214,0.0,0.9483236552061993,1
1000.1427913980848,LHR-CTRL0002,hand_right,0.8007477085848469,0.9503612835764439,-1.350406910144352,0.0,0.31730465640509214,0.0,0.9483236552061993,1
1000.1441960403293,LHR-TRKR0002,foot_left,0.520987796143741,0.08151258690954591,-1.1395001262415179,0.0,0.31730465640509214,0.0,0.9483236552061993,1
1000.1442256527805,LHR-HMD00001,head,0.6005073139355693,1.7005893847661857,-1.2010317427538584,0.0,0.31730465640509214,0.0,0.9483236552061993,1
1000.1445327894182,LHR-TRKR0001,pelvis,0.5992229183799853,1.001377182298699,-1.199618468946023,0.0,0.31730465640509214,0.0,0.9483236552061993,1
1000.1456929802281,LHR-CTRL0001,hand_left,0.3983814250343506,0.9493589656484566,-1.0480034822002362,0.0,0.31730465640509214,0.0,0.9483236552061993,1
1000.1543096446084,LHR-HMD00001,head,0.6002991456534866,1.7011564080250055,-1.198244908414901,0.0,0.31730465640509214,0.0,0.9483236552061993,1
1000.1557044843894,LHR-TRKR0001,pelvis,0.6005220196506251,1.0014488976198868,-1.200563908520833,0.0,0.31730465640509214,0.0,0.9483236552061993,1
1000.1558270043137,LHR-TRKR0002,foot_left,0.5199488047345266,0.08213851203480776,-1.1401307275616375,0.0,0.31730465640509214,0.0,0.9483236552061993,1
1000.156265859224,LHR-CTRL0001,hand_left,0.40022587301554613,0.9519798825891184,-1.048792662143126,0.0,0.31730465640509214,0.0,0.9483236552061993,1
1000.1564394705032,LHR-CTRL0002,hand_right,0.799967808388615,0.9491153912455452,-1.350724307179231,0.0,0.31730465640509214,0.0,0.9483236552061993,1
1000.1659343993119,LHR-HMD00001,head,0.5992992051173013,1.6991357999879206,-1.1999455841308795,0.0,0.31730465640509214,0.0,0.9483236552061993,1
1000.166352628787,LHR-TRKR0002,foot_left,0.5217246273938223,0.07941617502579976,-1.1380722983157754,0.0,0.31730465640509214,0.0,0.9483236552061993,1
1000.1669707013282,LHR-CTRL0001,hand_left,0.40128974726334316,0.9483346983819597,-1.0500236037598278,0.0,0.31730465640509214,0.0,0.9483236552061993,1
1000.167279041358,LHR-CTRL0002,hand_right,0.7993369390725485,0.9494727740797846,-1.3496346100756313,0.0,0.31730465640509214,0.0,0.9483236552061993,1
1000.1673539475381,LHR-TRKR0001,pelvis,0.6012931729500917,0.9970519434115506,-1.1997890096249533,0.0,0.31730465640509214,0.0,0.9483236552061993,1
1000.1759119425211,LHR-CTRL0002,hand_right,0.7993404361618373,0.9504825231593693,-1.349376922152626,0.0,0.31730465640509214,0.0,0.9483236552061993,1
1000.1771129437511,LHR-TRKR0001,pelvis,0.6011142073011643,1.0007711738395897,-1.1982349808438761,0.0,0.31730465640509214,0.0,0.9483236552061993,1
1000.1771540706656,LHR-CTRL0001,hand_left,0.4018495572336061,0.951373116182814,-1.0493500244186997,0.0,0.31730465640509214,0.0,0.9483236552061993,1
1000.177233518795,LHR-HMD00001,head,0.5970719098274316,1.6994689659988491,-1.2002709749693121,0.0,0.31730465640509214,0.0,0.9483236552061993,1
1000.1794513744535,LHR-TRKR0002,foot_left,0.5195291385483171,0.08109422168484742,-1.1391787177075157,0.0,0.31730465640509214,0.0,0.9483236552061993,1
1000.188203283144,LHR-TRKR0002,foot_left,0.5193844464204266,0.07883650423831033,-1.1399609445029606,0.0,0.31730465640509214,0.0,0.9483236552061993,1
1000.1885725887325,LHR-HMD00001,head,0.599540658012462,1.6984161267718374,-1.2002455511077297,0.0,0.31730465640509214,0.0,0.9483236552061993,1
1000.1888629306308,LHR-TRKR0001,pelvis,0.5987441590006848,0.999212157695858,-1.1992038448359885,0.0,0.31730465640509214,0.0,0.9483236552061993,1
1000.1892000301424,LHR-CTRL0001,hand_left,0.39967747558190514,0.9491022396710246,-1.0498185023238358,0.0,0.31730465640509214,0.0,0.9483236552061993,1
1000.190838327492,LHR-CTRL0002,hand_right,0.8004400603905525,0.9513876058476597,-1.3505901788458838,0.0,0.31730465640509214,0.0,0.9483236552061993,1
1000.1995583881819,LHR-TRKR0001,pelvis,0.6000008429426739,0.9968345007920232,-1.2008193660950228,0.0,0.31730465640509214,0.0,0.9483236552061993,1
1000.1998978206507,LHR-CTRL0002,hand_right,0.8001538731047789,0.9493714383672249,-1.3514441183467267,0.0,0.31730465640509214,0.0,0.9483236552061993,1
1000.200066922563,LHR-TRKR0002,foot_left,0.5212121575296502,0.07911073601491063,-1.1397745362131404,0.0,0.31730465640509214,0.0,0.9483236552061993,1
1000.2004116305365,LHR-HMD00001,head,0.5992233913799443,1.700757483058458,-1.2009184748174226,0.0,0.31730465640509214,0.0,0.9483236552061993,1
1000.2014837704938,LHR-CTRL0001,hand_left,0.4002342509242666,0.9490193273796029,-1.0505198495178982,0.0,0.31730465640509214,0.0,0.9483236552061993,1
1000.2097547677754,LHR-CTRL0002,hand_right,0.7999696434997162,0.950306741431007,-1.3506784967201493,0.0,0.31730465640509214,0.0,0.9483236552061993,1
1000.2112191320988,LHR-CTRL0001,hand_left,0.4009078863315946,0.951267486611427,-1.0491314865743095,0.0,0.31730465640509214,0.0,0.9483236552061993,1
1000.2117343233141,LHR-TRKR0002,foot_left,0.5192440773198483,0.0794972835039401,-1.139857485161622,0.0,0.31730465640509214,0.0,0.9483236552061993,1
1000.2120353141213,LHR-TRKR0001,pelvis,0.6009157822200568,0.9983718595354354,-1.1974702734646068,0.0,0.31730465640509214,0.0,0.9483236552061993,1
1000.2121536244806,LHR-HMD00001,head,0.5997176548702388,1.6997670520748815,-1.1994324285786755,0.0,0.31730465640509214,0.0,0.9483236552061993,1
1000.2220936875592,LHR-HMD00001,head,0.5974540953996339,1.699659375064204,-1.1992403848507263,0.0,0.31730465640509214,0.0,0.9483236552061993,1
1000.2221097422536,LHR-CTRL0002,hand_right,0.8003173203004192,0.9493920129919519,-1.3517905121886855,0.0,0.31730465640509214,0.0,0.9483236552061993,1
1000.2225576994765,LHR-TRKR0001,pelvis,0.5989765849191324,1.0004974843342878,-1.1995885502877697,0.0,0.31730465640509214,0.0,0.9483236552061993,1
1000.2229675650161,LHR-CTRL0001,hand_left,0.4004577994880646,0.9513659577035315,-1.0507479560798234,0.0,0.31730465640509214,0.0,0.9483236552061993,1
1000.2241704671128,LHR-TRKR0002,foot_left,0.5210990754181297,0.07856922978520309,-1.1403481524848895,0.0,0.31730465640509214,0.0,0.9483236552061993,1
1000.233335782222,LHR-CTRL0001,hand_left,0.4001785296242749,0.9496027680883368,-1.0500699570154552,0.0,0.31730465640509214,0.0,0.9483236552061993,1
1000.2340994520141,LHR-CTRL0002,hand_right,0.7984629959198947,0.9499968992072598,-1.3499116058639136,0.0,0.31730465640509214,0.0,0.9483236552061993,1
1000.2342969332511,LHR-TRKR0001,pelvis,0.5996776649781177,0.999374734615918,-1.199988014537241,0.0,0.31730465640509214,0.0,0.9483236552061993,1
1000.2346033761334,LHR-TRKR0002,foot_left,0.5203350290420572,0.07769104677604757,-1.138944176554419,0.0,0.31730465640509214,0.0,0.9483236552061993,1
1000.2346997968039,LHR-HMD00001,head,0.5996383117627734,1.698473063033612,-1.199673401827416,0.0,0.31730465640509214,0.0,0.9483236552061993,1
1000.2430543669282,LHR-TRKR0002,foot_left,0.5203156416685635,0.07795994340034021,-1.1396131989260085,0.0,0.31730465640509214,0.0,0.9483236552061993,1
1000.2431627504975,LHR-TRKR0001,pelvis,0.5983230167421407,1.000396117100307,-1.2004440616440537,0.0,0.31730465640509214,0.0,0.9483236552061993,1
1000.243777208219,LHR-CTRL0002,hand_right,0.800853091684823,0.9504692228837845,-1.350991916742017,0.0,0.31730465640509214,0.0,0.9483236552061993,1
1000.2437792497709,LHR-HMD00001,head,0.6003366869062435,1.6997295106080426,-1.2011597957072917,0.0,0.31730465640509214,0.0,0.9483236552061993,1
1000.2449180677452,LHR-CTRL0001,hand_left,0.39938157606020236,0.9510003030882028,-1.0489548102160877,0.0,0.31730465640509214,0.0,0.9483236552061993,1
1000.2546295716488,LHR-CTRL0001,hand_left,0.40010932731731674,0.9515317049578234,-1.0510401789343338,0.0,0.31730465640509214,0.0,0.9483236552061993,1
1000.2556022692428,LHR-TRKR0002,foot_left,0.518795597367549,0.07998982533050883,-1.1385642748565996,0.0,0.31730465640509214,0.0,0.9483236552061993,1
1000.2559070656257,LHR-HMD00001,head,0.5992593248544729,1.6996862434910636,-1.2008755328557583,0.0,0.31730465640509214,0.0,0.9483236552061993,1
1000.2561725160336,LHR-CTRL0002,hand_right,0.798877633568835,0.9481055055580557,-1.3506482396402903,0.0,0.31730465640509214,0.0,0.9483236552061993,1
1000.2564052213437,LHR-TRKR0001,pelvis,0.5984157927889572,1.0012039065517089,-1.199798497966468,0.0,0.31730465640509214,0.0,0.9483236552061993,1
1000.2653858885617,LHR-CTRL0001,hand_left,0.40015368011581187,0.949063557395506,-1.047869343296306,0.0,0.31730465640509214,0.0,0.9483236552061993,1
1000.2663670993644,LHR-TRKR0001,pelvis,0.6010630019473435,0.999547552584419,-1.201955009510857,0.0,0.31730465640509214,0.0,0.9483236552061993,1
1000.2665027154733,LHR-CTRL0002,hand_right,0.8012352643901156,0.9498423675337504,-1.3497432285990318,0.0,0.31730465640509214,0.0,0.9483236552061993,1
1000.2675701368483,LHR-HMD00001,head,0.5980798216516471,1.6992307132010689,-1.2000617439344716,0.0,0.31730465640509214,0.0,0.9483236552061993,1
1000.2678977868765,LHR-TRKR0002,foot_left,0.5197912278679173,0.08001908213339542,-1.1399108915501608,0.0,0.31730465640509214,0.0,0.9483236552061993,1
1000.2767943809848,LHR-CTRL0001,hand_left,0.40016146619858195,0.9503117032575785,-1.049899846766045,0.0,0.31730465640509214,0.0,0.9483236552061993,1
1000.2778717900756,LHR-HMD00001,head,0.5994929399327085,1.6999244271608616,-1.199916342021037,0.0,0.31730465640509214,0.0,0.9483236552061993,1
1000.2784403306698,LHR-TRKR0001,pelvis,0.601092548489458,0.999564616053244,-1.2003853684838872,0.0,0.31730465640509214,0.0,0.9483236552061993,1
1000.2786482984204,LHR-CTRL0002,hand_right,0.8002160884193407,0.9507839468018798,-1.3493178174135168,0.0,0.31730465640509214,0.0,0.9483236552061993,1
1000.2787002613417,LHR-TRKR0002,foot_left,0.5191505932735764,0.07841901422152812,-1.141543039442958,0.0,0.31730465640509214,0.0,0.9483236552061993,1
1000.2869411575048,LHR-CTRL0001,hand_left,0.4014403478608492,0.9505479692525794,-1.0490599566262124,0.0,0.31730465640509214,0.0,0.9483236552061993,1
1000.2881064215734,LHR-TRKR0001,pelvis,0.5992116502942831,1.001815198178604,-1.2001389946250833,0.0,0.31730465640509214,0.0,0.9483236552061993,1
1000.2881295667943,LHR-TRKR0002,foot_left,0.5203342055850063,0.07967756564432259,-1.140442927992219,0.0,0.31730465640509214,0.0,0.9483236552061993,1
1000.2881453896396,LHR-HMD00001,head,0.6008965755003643,1.7022038241234516,-1.1992682211598735,0.0,0.31730465640509214,0.0,0.9483236552061993,1
1000.2888280949879,LHR-CTRL0002,hand_right,0.800991769824357,0.9500279862874593,-1.352439583925092,0.0,0.31730465640509214,0.0,0.9483236552061993,1
1000.2990782746238,LHR-HMD00001,head,0.5985956714534512,1.6973430550526976,-1.2000944621686693,0.0,0.31730465640509214,0.0,0.9483236552061993,1
1000.3004431958879,LHR-TRKR0001,pelvis,0.6000592512035545,1.00280055733415,-1.1999650649784503,0.0,0.31730465640509214,0.0,0.9483236552061993,1
1000.3004919425925,LHR-CTRL0002,hand_right,0.8007399812097855,0.9503228414684792,-1.3501643026336647,0.0,0.31730465640509214,0.0,0.9483236552061993,1
1000.3008459060319,LHR-TRKR0002,foot_left,0.5191311734800137,0.08006905329197207,-1.1405821325394059,0.0,0.31730465640509214,0.0,0.9483236552061993,1
1000.3008598280575,LHR-CTRL0001,hand_left,0.4004982678062795,0.950859253568357,-1.0490328164011151,0.0,0.31730465640509214,0.0,0.9483236552061993,1
1000.3102390011028,LHR-TRKR0002,foot_left,0.5201395296681793,0.07936054360373056,-1.1385460684574693,0.0,0.31730465640509214,0.0,0.9483236552061993,1
1000.3106533852855,LHR-HMD00001,head,0.600071388435258,1.6988381266941655,-1.199727967862798,0.0,0.31730465640509214,0.0,0.9483236552061993,1
1000.3109015916289,LHR-TRKR0001,pelvis,0.5999787991877641,0.9994140185146896,-1.2021390409017816,0.0,0.31730465640509214,0.0,0.9483236552061993,1
1000.3119291185756,LHR-CTRL0002,hand_right,0.7999997567247674,0.9496141271989484,-1.351825180714155,0.0,0.31730465640509214,0.0,0.9483236552061993,1
1000.3134947427069,LHR-CTRL0001,hand_left,0.4009624459940207,0.948572313192295,-1.0483255393621098,0.0,0.31730465640509214,0.0,0.9483236552061993,1
1000.3211485927847,LHR-TRKR0002,foot_left,0.5197400056872409,0.07881163879355549,-1.1398846559881382,0.0,0.31730465640509214,0.0,0.9483236552061993,1
1000.321481564348,LHR-TRKR0001,pelvis,0.5999513672966298,1.001768370138932,-1.2003601034708749,0.0,0.31730465640509214,0.0,0.9483236552061993,1
1000.322013522264,LHR-CTRL0001,hand_left,0.4014323683548578,0.9506947029025792,-1.0498269511565568,0.0,0.31730465640509214,0.0,0.9483236552061993,1
1000.3224424173457,LHR-HMD00001,head,0.5992330604121312,1.7004026697327816,-1.2003255181729717,0.0,0.31730465640509214,0.0,0.9483236552061993,1
1000.3225070372145,LHR-CTRL0002,hand_right,0.7991879171337397,0.9513356008256106,-1.3503617720041567,0.0,0.31730465640509214,0.0,0.9483236552061993,1
1000.3316620414638,LHR-TRKR0002,foot_left,0.5189215107220571,0.07982671402264795,-1.141314007548884,0.0,0.31730465640509214,0.0,0.9483236552061993,1
1000.3321534763302,LHR-TRKR0001,pelvis,0.601842620119958,0.9998779333783736,-1.1999059351194852,0.0,0.31730465640509214,0.0,0.9483236552061993,1
1000.3323237151499,LHR-HMD00001,head,0.6003974625907246,1.6982568048058946,-1.2004384668750994,0.0,0.31730465640509214,0.0,0.9483236552061993,1
1000.3325393897419,LHR-CTRL0001,hand_left,0.4003852451992242,0.9489313134594453,-1.0500238588687576,0.0,0.31730465640509214,0.0,0.9483236552061993,1
1000.3340166283322,LHR-CTRL0002,hand_right,0.7999133293162561,0.9499741086711035,-1.3493627916245958,0.0,0.31730465640509214,0.0,0.9483236552061993,1
1000.3436718142555,LHR-TRKR0002,foot_left,0.5200660249907614,0.07957111357206091,-1.1408002882533554,0.0,0.31730465640509214,0.0,0.9483236552061993,1
1000.3442352688695,LHR-HMD00001,head,0.5998514039935274,1.6985751252749,-1.1981176617417733,0.0,0.31730465640509214,0.0,0.9483236552061993,1
1000.3444795188846,LHR-CTRL0002,hand_right,0.7989056980186657,0.9504114494783213,-1.350777336803418,0.0,0.31730465640509214,0.0,0.9483236552061993,1
1000.3448001763257,LHR-CTRL0001,hand_left,0.402345330325434,0.9498871250846291,-1.0500934049191888,0.0,0.31730465640509214,0.0,0.9483236552061993,1
1000.3460040773706,LHR-TRKR0001,pelvis,0.5992925586782222,1.000724180723418,-1.198665740385157,0.0,0.31730465640509214,0.0,0.9483236552061993,1
1000.3525140641226,LHR-TRKR0002,foot_left,0.5197055297048796,0.0814545146544624,-1.1415545295862934,0.0,0.31730465640509214,0.0,0.9483236552061993,1
1000.3553963305457,LHR-HMD00001,head,0.5994592265879044,1.7013899717290084,-1.20066434209112,0.0,0.31730465640509214,0.0,0.9483236552061993,1
1000.3557413548762,LHR-TRKR0001,pelvis,0.6005608658172038,1.0005456400971466,-1.1999733695679444,0.0,0.31730465640509214,0.0,0.9483236552061993,1
1000.3559077619983,LHR-CTRL0002,hand_right,0.8007490201273283,0.9491469910893839,-1.3485033945158744,0.0,0.31730465640509214,0.0,0.9483236552061993,1
1000.3571501259041,LHR-CTRL0001,hand_left,0.4006395214071752,0.9498845022269389,-1.0506030265648352,0.0,0.31730465640509214,0.0,0.9483236552061993,1
1000.3650663404763,LHR-TRKR0002,foot_left,0.5190634811034939,0.07863971386964048,-1.138960289407262,0.0,0.31730465640509214,0.0,0.9483236552061993,1
1000.3667571523936,LHR-CTRL0001,hand_left,0.4008395596331998,0.9495753963327753,-1.0494812861549676,0.0,0.31730465640509214,0.0,0.9483236552061993,1
1000.367096381391,LHR-TRKR0001,pelvis,0.6004459982690166,0.999097819590359,-1.1992150906633832,0.0,0.31730465640509214,0.0,0.9483236552061993,1
1000.3672075122514,LHR-HMD00001,head,0.599770028844519,1.7011839019117099,-1.1996961731549722,0.0,0.31730465640509214,0.0,0.9483236552061993,1
1000.3681288581379,LHR-CTRL0002,hand_right,0.8003544964712846,0.9514554356900824,-1.3496958520512776,0.0,0.31730465640509214,0.0,0.9483236552061993,1
1000.375375609395,LHR-TRKR0001,pelvis,0.6001105413470139,0.9993757501036099,-1.2015947271878964,0.0,0.31730465640509214,0.0,0.9483236552061993,1
1000.3773063962082,LHR-CTRL0002,hand_right,0.7984493884991135,0.9504388145243152,-1.3497186947359674,0.0,0.31730465640509214,0.0,0.9483236552061993,1
1000.3779924369003,LHR-HMD00001,head,0.6001920543502899,1.7002659434481762,-1.201366157876241,0.0,0.31730465640509214,0.0,0.9483236552061993,1
1000.3790619625191,LHR-CTRL0001,hand_left,0.40153818969585764,0.9502764625397278,-1.0481933154286085,0.0,0.31730465640509214,0.0,0.9483236552061993,1
1000.3798028308693,LHR-TRKR0002,foot_left,0.5192782524223133,0.07917654594368864,-1.1387168102427416,0.0,0.31730465640509214,0.0,0.9483236552061993,1
1000.3881293135375,LHR-TRKR0001,pelvis,0.6003359810927928,1.00054678463078,-1.1999266379448092,0.0,0.31730465640509214,0.0,0.9483236552061993,1
1000.3885100028776,LHR-TRKR0002,foot_left,0.5193300845235926,0.0813992790156262,-1.1401457722707542,0.0,0.31730465640509214,0.0,0.9483236552061993,1
1000.3888793633124,LHR-CTRL0001,hand_left,0.4008894370544704,0.9493425871737364,-1.0502990092830826,0.0,0.31730465640509214,0.0,0.9483236552061993,1
1000.3892442615979,LHR-HMD00001,head,0.5996104465263619,1.6990435543461182,-1.1998025863476856,0.0,0.31730465640509214,0.0,0.9483236552061993,1
1000.3893697243208,LHR-CTRL0002,hand_right,0.8005676821500152,0.9501470031289325,-1.3490220983706176,0.0,0.31730465640509214,0.0,0.9483236552061993,1
1000.3977457221506,LHR-CTRL0002,hand_right,0.7991413181586279,0.9499832305206669,-1.3494684649868431,0.0,0.31730465640509214,0.0,0.9483236552061993,1
1000.3993461713906,LHR-HMD00001,head,0.5994560018695965,1.6999559408785,-1.2000772925632608,0.0,0.31730465640509214,0.0,0.9483236552061993,1
1000.4002327589282,LHR-CTRL0001,hand_left,0.40043745112291385,0.9489766282267939,-1.0490852831578514,0.0,0.31730465640509214,0.0,0.9483236552061993,1
1000.4005161124255,LHR-TRKR0001,pelvis,0.5996068975759464,0.9997236641649537,-1.199356268471861,0.0,0.31730465640509214,0.0,0.9483236552061993,1
1000.4009390947954,LHR-TRKR0002,foot_left,0.5204697869064111,0.08083234009780535,-1.139298118100146,0.0,0.31730465640509214,0.0,0.9483236552061993,1
1000.4094529666108,LHR-TRKR0002,foot_left,0.5203514277741853,0.07760997390390954,-1.1396370406292207,0.0,0.31730465640509214,0.0,0.9483236552061993,1
1000.409594755628,LHR-CTRL0001,hand_left,0.40184873339930377,0.949790668099996,-1.0496572172623517,0.0,0.31730465640509214,0.0,0.9483236552061993,1
1000.4104338984978,LHR-TRKR0001,pelvis,0.5988544330326812,0.998984351977878,-1.199203445855419,0.0,0.31730465640509214,0.0,0.9483236552061993,1
1000.4109814974775,LHR-HMD00001,head,0.599963629615095,1.6999652528780884,-1.2006523781063836,0.0,0.31730465640509214,0.0,0.9483236552061993,1
1000.4110359811738,LHR-CTRL0002,hand_right,0.7991753850696569,0.9487221595788898,-1.3481324948900741,0.0,0.31730465640509214,0.0,0.9483236552061993,1
1000.4214745141579,LHR-TRKR0001,pelvis,0.5997339377070895,0.9999444451350546,-1.1985554138616363,0.0,0.31730465640509214,0.0,0.9483236552061993,1
1000.4219973947161,LHR-TRKR0002,foot_left,0.5198755286267642,0.08078960027890017,-1.1389861559176553,0.0,0.31730465640509214,0.0,0.9483236552061993,1
1000.4225719000009,LHR-CTRL0001,hand_left,0.4022594852844496,0.9508929245638815,-1.048969027773422,0.0,0.31730465640509214,0.0,0.9483236552061993,1
1000.4230061976923,LHR-HMD00001,head,0.5989459972044434,1.6993356436906464,-1.1989284616593563,0.0,0.31730465640509214,0.0,0.9483236552061993,1
1000.4230191069233,LHR-CTRL0002,hand_right,0.8003847814381823,0.9486537834134238,-1.3497226689187785,0.0,0.31730465640509214,0.0,0.9483236552061993,1
1000.4324029575661,LHR-CTRL0001,hand_left,0.4013146541814025,0.9501799930809816,-1.0479683255235457,0.0,0.31730465640509214,0.0,0.9483236552061993,1
1000.4334368777961,LHR-TRKR0001,pelvis,0.6010394324963311,0.9994456054260481,-1.200324304441309,0.0,0.31730465640509214,0.0,0.9483236552061993,1
1000.4335840839664,LHR-TRKR0002,foot_left,0.5180461386518609,0.07897816483307621,-1.1396348779268317,0.0,0.31730465640509214,0.0,0.9483236552061993,1
1000.4337906305261,LHR-CTRL0002,hand_right,0.7997537085954783,0.9498293012342387,-1.3507138035846649,0.0,0.31730465640509214,0.0,0.9483236552061993,1
1000.4348267644785,LHR-HMD00001,head,0.6003741618064649,1.700586955360592,-1.1986200320836957,0.0,0.31730465640509214,0.0,0.9483236552061993,1
1000.4431853789124,LHR-HMD00001,head,0.5988205690668268,1.7005099524214817,-1.2010750741052028,0.0,0.31730465640509214,0.0,0.9483236552061993,1
1000.4433970224123,LHR-CTRL0001,hand_left,0.4012866549665532,0.9476555063765658,-1.048781724147409,0.0,0.31730465640509214,0.0,0.9483236552061993,1
1000.4435792891802,LHR-TRKR0001,pelvis,0.6009709635058215,0.9997757411666608,-1.2005440154403495,0.0,0.31730465640509214,0.0,0.9483236552061993,1
1000.4436151517875,LHR-CTRL0002,hand_right,0.7999034042448703,0.9509909229341481,-1.3505917073782274,0.0,0.31730465640509214,0.0,0.9483236552061993,1
1000.4444180162355,LHR-TRKR0002,foot_left,0.5217358066146056,0.07903216323199055,-1.1398356874813462,0.0,0.31730465640509214,0.0,0.9483236552061993,1
1000.4539889095847,LHR-CTRL0001,hand_left,0.40075314531748674,0.9484924585653839,-1.0484007770215196,0.0,0.31730465640509214,0.0,0.9483236552061993,1
1000.4548194411707,LHR-TRKR0001,pelvis,0.6013049931546908,0.9990897770180687,-1.1991011516243637,0.0,0.31730465640509214,0.0,0.9483236552061993,1
1000.4556569898684,LHR-CTRL0002,hand_right,0.7999729017835079,0.9507254241409913,-1.3497194046617158,0.0,0.31730465640509214,0.0,0.9483236552061993,1
1000.4558383987924,LHR-TRKR0002,foot_left,0.5187026688109531,0.07987478812463113,-1.139981167444991,0.0,0.31730465640509214,0.0,0.9483236552061993,1
1000.4570694793302,LHR-HMD00001,head,0.5996656674011331,1.7004842398427706,-1.1983856547328635,0.0,0.31730465640509214,0.0,0.9483236552061993,1
1000.4657753254772,LHR-TRKR0001,pelvis,0.5978468147960245,0.9996128855383671,-1.1998930922480886,0.0,0.31730465640509214,0.0,0.9483236552061993,1
1000.4664836527885,LHR-CTRL0002,hand_right,0.7989466462790129,0.9491155233716886,-1.3507436554038428,0.0,0.31730465640509214,0.0,0.9483236552061993,1
1000.4668167343998,LHR-TRKR0002,foot_left,0.5201330656241905,0.07948784009925597,-1.1393698404623882,0.0,0.31730465640509214,0.0,0.9483236552061993,1
1000.4672673992369,LHR-CTRL0001,hand_left,0.40029530682206343,0.9494490192814137,-1.051611587782785,0.0,0.31730465640509214,0.0,0.9483236552061993,1
1000.4680125420905,LHR-HMD00001,head,0.5992178350575248,1.6999052037464062,-1.1988437631960451,0.0,0.31730465640509214,0.0,0.9483236552061993,1
1000.4773237244502,LHR-TRKR0002,foot_left,0.5193570067511435,0.08131946628045847,-1.1387449543087933,0.0,0.31730465640509214,0.0,0.9483236552061993,1
1000.478035443924,LHR-TRKR0001,pelvis,0.6005005629549804,0.9981927302809896,-1.2010560798583014,0.0,0.31730465640509214,0.0,0.9483236552061993,1
1000.4784729467968,LHR-CTRL0002,hand_right,0.7987108279381748,0.948378608383701,-1.3500810142358275,0.0,0.31730465640509214,0.0,0.9483236552061993,1
1000.4785590891785,LHR-HMD00001,head,0.5985101918806346,1.7003621129147066,-1.2003082781503978,0.0,0.31730465640509214,0.0,0.9483236552061993,1
1000.4800631123671,LHR-CTRL0001,hand_left,0.40032783184338133,0.9500113779487529,-1.048918468121941,0.0,0.31730465640509214,0.0,0.9483236552061993,1
1000.4880359427002,LHR-TRKR0002,foot_left,0.5214035713181594,0.08024017711288925,-1.1403862247166374,0.0,0.31730465640509214,0.0,0.9483236552061993,1
1000.4881680616447,LHR-CTRL0001,hand_left,0.4005919757223474,0.9499818826585309,-1.050308588253887,0.0,0.31730465640509214,0.0,0.9483236552061993,1
1000.4881798988326,LHR-TRKR0001,pelvis,0.6006442661336199,0.9998891495375634,-1.201148658005119,0.0,0.31730465640509214,0.0,0.9483236552061993,1
1000.4891533445193,LHR-HMD00001,head,0.5991183050285299,1.7001466308230735,-1.1994050741381532,0.0,0.31730465640509214,0.0,0.9483236552061993,1
1000.4894698649031,LHR-CTRL0002,hand_right,0.8007718245925244,0.9502923629411683,-1.351356838079929,0.0,0.31730465640509214,0.0,0.9483236552061993,1
1000.4992235479764,LHR-CTRL0002,hand_right,0.7968150960694108,0.9500823978983363,-1.3503459069405936,0.0,0.31730465640509214,0.0,0.9483236552061993,1
1000.4996860771855,LHR-HMD00001,head,0.5990879002376738,1.7003799897818468,-1.19982663001038,0.0,0.31730465640509214,0.0,0.9483236552061993,1
1000.4997303956061,LHR-CTRL0001,hand_left,0.40003287584138464,0.9505637933944149,-1.0512268906774136,0.0,0.31730465640509214,0.0,0.9483236552061993,1
1000.5002073078081,LHR-TRKR0002,foot_left,0.5186411988045752,0.07967207575047713,-1.1412968983679672,0.0,0.31730465640509214,0.0,0.9483236552061993,1
1000.5011287492416,LHR-TRKR0001,pelvis,0.5999248034165919,1.0013193678023031,-1.1996269530553048,0.0,0.31730465640509214,0.0,0.9483236552061993,1
1000.5096149632085,LHR-TRKR0001,pelvis,0.5987080691668858,1.0014065475324099,-1.1994073105278364,0.0,0.31730465640509214,0.0,0.9483236552061993,1
1000.5101946364845,LHR-TRKR0002,foot_left,0.5189728058300054,0.08216922313923362,-1.139903710326909,0.0,0.31730465640509214,0.0,0.9483236552061993,1
1000.5107505084876,LHR-CTRL0001,hand_left,0.39983537754952003,0.949999220643037,-1.0495839305983587,0.0,0.31730465640509214,0.0,0.9483236552061993,1
1000.5125691317946,LHR-HMD00001,head,0.5987581866939973,1.70155341286694,-1.1989100973301798,0.0,0.31730465640509214,0.0,0.9483236552061993,1
1000.5133414958126,LHR-CTRL0002,hand_right,0.798107775727005,0.951480389016509,-1.3495833893037907,0.0,0.31730465640509214,0.0,0.9483236552061993,1
1000.520403219621,LHR-TRKR0002,foot_left,0.5195685226089471,0.0795695448446906,-1.1408549444071319,0.0,0.31730465640509214,0.0,0.9483236552061993,1
1000.5212054214388,LHR-CTRL0002,hand_right,0.7999188961012943,0.9513673314192813,-1.350949175270716,0.0,0.31730465640509214,0.0,0.9483236552061993,1
1000.5226266768146,LHR-TRKR0001,pelvis,0.6005213080987433,1.0003658927331958,-1.1999133575720287,0.0,0.31730465640509214,0.0,0.9483236552061993,1
1000.5226633486833,LHR-CTRL0001,hand_left,0.4010213248419856,0.9518202473236863,-1.0498620615137313,0.0,0.31730465640509214,0.0,0.9483236552061993,1
1000.5241824805387,LHR-HMD00001,head,0.5991400732521108,1.699413369117269,-1.1992292197662524,0.0,0.31730465640509214,0.0,0.9483236552061993,1
1000.533907996504,LHR-TRKR0001,pelvis,0.6002399478843431,1.0000143879240397,-1.2009751686992558,0.0,0.31730465640509214,0.0,0.9483236552061993,1
1000.5340840386798,LHR-TRKR0002,foot_left,0.5209987973632114,0.08025181608475897,-1.140710507394178,0.0,0.31730465640509214,0.0,0.9483236552061993,1
1000.5343026044545,LHR-CTRL0002,hand_right,0.8002612866865836,0.9499801806098046,-1.350293257500839,0.0,0.31730465640509214,0.0,0.9483236552061993,1
1000.5343168011915,LHR-CTRL0001,hand_left,0.4001091536385501,0.9496099299518773,-1.0516751962303144,0.0,0.31730465640509214,0.0,0.9483236552061993,1
1000.5351349682031,LHR-HMD00001,head,0.5995045509526171,1.6981602813947774,-1.1989511178875993,0.0,0.31730465640509214,0.0,0.9483236552061993,1
1000.5427437079155,LHR-TRKR0001,pelvis,0.6001534951374765,0.9984841220762725,-1.1986746851016317,0.0,0.31730465640509214,0.0,0.9483236552061993,1
1000.5441197104618,LHR-CTRL0002,hand_right,0.8023402335944726,0.9508330872052574,-1.3518272411654322,0.0,0.31730465640509214,0.0,0.9483236552061993,1
1000.5444077367194,LHR-CTRL0001,hand_left,0.4015492077280515,0.9503377492216225,-1.0488376527953445,0.0,0.31730465640509214,0.0,0.9483236552061993,1
1000.5446395683246,LHR-TRKR0002,foot_left,0.5206772684034386,0.08098784030372369,-1.1391768806063476,0.0,0.31730465640509214,0.0,0.9483236552061993,1
1000.5457595482092,LHR-HMD00001,head,0.6000087814229658,1.7019070261909648,-1.199642532876831,0.0,0.31730465640509214,0.0,0.9483236552061993,1
1000.5551553782395,LHR-CTRL0001,hand_left,0.40038049825093963,0.9508588870190411,-1.0497748883510978,0.0,0.31730465640509214,0.0,0.9483236552061993,1
1000.5553338802797,LHR-TRKR0001,pelvis,0.6020538441952139,1.0001516613865333,-1.198972038889995,0.0,0.31730465640509214,0.0,0.9483236552061993,1
1000.5555694699432,LHR-TRKR0002,foot_left,0.519698164452061,0.0801885803709498,-1.1390838777761187,0.0,0.31730465640509214,0.0,0.9483236552061993,1
1000.5559129359661,LHR-HMD00001,head,0.600190992489383,1.702874500481394,-1.2001718673459514,0.0,0.31730465640509214,0.0,0.9483236552061993,1
1000.5564891046257,LHR-CTRL0002,hand_right,0.7993173583828501,0.9509560185292337,-1.3519297640145467,0.0,0.31730465640509214,0.0,0.9483236552061993,1
1000.5648693016711,LHR-CTRL0001,hand_left,0.4010505088711293,0.9493878726159781,-1.0483245729345683,0.0,0.31730465640509214,0.0,0.9483236552061993,1
1000.5654583480344,LHR-HMD00001,head,0.5990481842351231,1.7002291979795692,-1.1988642450969789,0.0,0.31730465640509214,0.0,0.9483236552061993,1
1000.5658148971319,LHR-TRKR0001,pelvis,0.5993426714726142,1.0011900257143669,-1.1997979418277498,0.0,0.31730465640509214,0.0,0.9483236552061993,1
1000.5677874477153,LHR-TRKR0002,foot_left,0.5208289637622008,0.07984537146701177,-1.1391109171952591,0.0,0.31730465640509214,0.0,0.9483236552061993,1
1000.568327942043,LHR-CTRL0002,hand_right,0.7986477811462255,0.9490855124947233,-1.3507136532485047,0.0,0.31730465640509214,0.0,0.9483236552061993,1
1000.5768483285038,LHR-TRKR0001,pelvis,0.5974442640394765,0.9980306808964687,-1.200387687112825,0.0,0.31730465640509214,0.0,0.9483236552061993,1
1000.5777733236447,LHR-HMD00001,head,0.5988348798558135,1.6990917348906944,-1.1995502229016235,0.0,0.31730465640509214,0.0,0.9483236552061993,1
1000.5784105095663,LHR-CTRL0001,hand_left,0.39919350972895556,0.9507066704706653,-1.0492760263207894,0.0,0.31730465640509214,0.0,0.9483236552061993,1
1000.5788264380642,LHR-CTRL0002,hand_right,0.8007641762039137,0.9507670555727474,-1.3501986009139275,0.0,0.31730465640509214,0.0,0.9483236552061993,1
1000.5797644239763,LHR-TRKR0002,foot_left,0.5192885185859061,0.08056835810127363,-1.140618685936734,0.0,0.31730465640509214,0.0,0.9483236552061993,1
1000.5887791925188,LHR-TRKR0002,foot_left,0.5206366776603745,0.08213288337033865,-1.1403151100393243,0.0,0.31730465640509214,0.0,0.9483236552061993,1
1000.5889681404865,LHR-CTRL0001,hand_left,0.40117494046687324,0.9497446639319695,-1.0502417404078759,0.0,0.31730465640509214,0.0,0.9483236552061993,1
1000.5891199609783,LHR-CTRL0002,hand_right,0.8001075087452822,0.951288660164467,-1.351841508466375,0.0,0.31730465640509214,0.0,0.9483236552061993,1
1000.589545363824,LHR-HMD00001,head,0.5968026546083164,1.6989073213420176,-1.199204515917558,0.0,0.31730465640509214,0.0,0.9483236552061993,1
1000.5901077852666,LHR-TRKR0001,pelvis,0.5989935953539417,1.0013343063616575,-1.1998788924393777,0.0,0.31730465640509214,0.0,0.9483236552061993,1
1000.59819224824,LHR-CTRL0001,hand_left,0.39981602181382203,0.9497291492549957,-1.049678785912067,0.0,0.31730465640509214,0.0,0.9483236552061993,1
1000.5987116385363,LHR-HMD00001,head,0.5994132600838469,1.6983735168673089,-1.1980744333415707,0.0,0.31730465640509214,0.0,0.9483236552061993,1
1000.599724582389,LHR-TRKR0002,foot_left,0.5217116087749102,0.07815538376412093,-1.1394871380641733,0.0,0.31730465640509214,0.0,0.9483236552061993,1
1000.6003106900066,LHR-TRKR0001,pelvis,0.600300672439228,0.9978969149660452,-1.1991141176779636,0.0,0.31730465640509214,0.0,0.9483236552061993,1
1000.6003460052922,LHR-CTRL0002,hand_right,0.7997373622265807,0.9504191431993609,-1.3506823360257882,0.0,0.31730465640509214,0.0,0.9483236552061993,1
1000.609937055461,LHR-CTRL0001,hand_left,0.3993951994337318,0.9497062105784894,-1.0513889617876897,0.0,0.31730465640509214,0.0,0.9483236552061993,1
1000.610351181809,LHR-TRKR0001,pelvis,0.5992015514343569,0.9995652917658503,-1.2011593077125076,0.0,0.31730465640509214,0.0,0.9483236552061993,1
1000.6107887419942,LHR-CTRL0002,hand_right,0.7990898320129469,0.9512383906707095,-1.3504382349188242,0.0,0.31730465640509214,0.0,0.9483236552061993,1
1000.6114161019359,LHR-TRKR0002,foot_left,0.519994289380198,0.08023071359190091,-1.139130691680823,0.0,0.31730465640509214,0.0,0.9483236552061993,1
1000.6115062331712,LHR-HMD00001,head,0.5985894648427267,1.69947663445304,-1.2003727314992907,0.0,0.31730465640509214,0.0,0.9483236552061993,1
1000.6211272127134,LHR-TRKR0002,foot_left,0.5217398445995113,0.08002886143019018,-1.1394952773850846,0.0,0.31730465640509214,0.0,0.9483236552061993,1
1000.6211654766734,LHR-TRKR0001,pelvis,0.5997985092889266,1.000695776407598,-1.2016782323159665,0.0,0.31730465640509214,0.0,0.9483236552061993,1
1000.6212360411483,LHR-CTRL0001,hand_left,0.3999580447010332,0.9498235380269915,-1.0475896672883664,0.0,0.31730465640509214,0.0,0.9483236552061993,1
1000.621894092169,LHR-CTRL0002,hand_right,0.8008768952259976,0.9511817823883142,-1.3511248233245015,0.0,0.31730465640509214,0.0,0.9483236552061993,1
1000.6226520859171,LHR-HMD00001,head,0.6000831443939777,1.699630494798096,-1.200080965078567,0.0,0.31730465640509214,0.0,0.9483236552061993,1
1000.6328873857263,LHR-CTRL0001,hand_left,0.40192870906145184,0.9512291748224027,-1.0487783818507017,0.0,0.31730465640509214,0.0,0.9483236552061993,1
1000.6338445859,LHR-TRKR0001,pelvis,0.6004786070415887,0.9995753399870048,-1.1996814208411597,0.0,0.31730465640509214,0.0,0.9483236552061993,1
1000.6340293760572,LHR-HMD00001,head,0.6000574945790759,1.6999133235712336,-1.1999067261593068,0.0,0.31730465640509214,0.0,0.9483236552061993,1
1000.634415181746,LHR-CTRL0002,hand_right,0.799626503792855,0.9496618935551107,-1.3506140910390363,0.0,0.31730465640509214,0.0,0.9483236552061993,1
1000.6350563583316,LHR-TRKR0002,foot_left,0.5209796091245844,0.07875601515339839,-1.1399248791298822,0.0,0.31730465640509214,0.0,0.9483236552061993,1
1000.6432603264776,LHR-HMD00001,head,0.5976210743121836,1.7004410646977675,-1.201404456697981,0.0,0.31730465640509214,0.0,0.9483236552061993,1
1000.6435468743518,LHR-CTRL0001,hand_left,0.40031141714751206,0.948311108388903,-1.0498785267102353,0.0,0.31730465640509214,0.0,0.9483236552061993,1
1000.6439037745345,LHR-TRKR0001,pelvis,0.5999805998120326,1.0010967950001184,-1.1993613513583068,0.0,0.31730465640509214,0.0,0.9483236552061993,1
1000.6442436756596,LHR-CTRL0002,hand_right,0.7991743305330786,0.9487402457511759,-1.3526595078413948,0.0,0.31730465640509214,0.0,0.9483236552061993,1
1000.6448426554672,LHR-TRKR0002,foot_left,0.519809811423718,0.07884526672719863,-1.1394574872390066,0.0,0.31730465640509214,0.0,0.9483236552061993,1
1000.6548938529835,LHR-HMD00001,head,0.597833354488771,1.7013813479064912,-1.201285515279199,0.0,0.31730465640509214,0.0,0.9483236552061993,1
1000.6552725350242,LHR-TRKR0002,foot_left,0.5185864643944507,0.08059892736377654,-1.1396065133351267,0.0,0.31730465640509214,0.0,0.9483236552061993,1
1000.6559847483942,LHR-TRKR0001,pelvis,0.6000940934555473,0.9980444244638855,-1.2000092152131978,0.0,0.31730465640509214,0.0,0.9483236552061993,1
1000.6560003089734,LHR-CTRL0002,hand_right,0.7981158132981692,0.9496956154364118,-1.3497105734383261,0.0,0.31730465640509214,0.0,0.9483236552061993,1
1000.6563331939028,LHR-CTRL0001,hand_left,0.39993212581605475,0.9492728857788688,-1.0486440440074432,0.0,0.31730465640509214,0.0,0.9483236552061993,1
1000.6657154062083,LHR-CTRL0001,hand_left,0.40009159462777727,0.9492176201917887,-1.051184326325832,0.0,0.31730465640509214,0.0,0.9483236552061993,1
1000.6659787355318,LHR-TRKR0002,foot_left,0.5202429343505686,0.07927088814114654,-1.1396836719445407,0.0,0.31730465640509214,0.0,0.9483236552061993,1
1000.6662302314195,LHR-HMD00001,head,0.6001798691059542,1.6992274385129351,-1.2006784662158705,0.0,0.31730465640509214,0.0,0.9483236552061993,1
1000.6676810711604,LHR-TRKR0001,pelvis,0.599553579630151,1.0015155251764127,-1.1978615722258612,0.0,0.31730465640509214,0.0,0.9483236552061993,1
1000.6681374317336,LHR-CTRL0002,hand_right,0.7985032105423354,0.9498750343668998,-1.3501291835238827,0.0,0.31730465640509214,0.0,0.9483236552061993,1
1000.6766079758701,LHR-HMD00001,head,0.6004836547685821,1.6989517750408085,-1.199627325724585,0.0,0.31730465640509214,0.0,0.9483236552061993,1
1000.6769522944005,LHR-TRKR0002,foot_left,0.5204726752075076,0.08051440018497359,-1.1407430437827542,0.0,0.31730465640509214,0.0,0.9483236552061993,1
1000.6772726358146,LHR-CTRL0001,hand_left,0.4017215797201214,0.9509778405003154,-1.0495894810789068,0.0,0.31730465640509214,0.0,0.9483236552061993,1
1000.6778981583119,LHR-TRKR0001,pelvis,0.6005036082174925,0.9992229619284257,-1.2017153675530283,0.0,0.31730465640509214,0.0,0.9483236552061993,1
1000.678291331665,LHR-CTRL0002,hand_right,0.7993267173584325,0.9484911450320398,-1.3510230083057329,0.0,0.31730465640509214,0.0,0.9483236552061993,1
1000.6878423477915,LHR-CTRL0001,hand_left,0.400777488385918,0.9499007768489222,-1.0487998332234876,0.0,0.31730465640509214,0.0,0.9483236552061993,1
1000.6878885796339,LHR-CTRL0002,hand_right,0.8000100965236032,0.9499797715221449,-1.3490195417706718,0.0,0.31730465640509214,0.0,0.9483236552061993,1
1000.6884331376576,LHR-TRKR0001,pelvis,0.5999624240078849,0.9988446774230825,-1.2002983332836858,0.0,0.31730465640509214,0.0,0.9483236552061993,1
1000.6894940503643,LHR-TRKR0002,foot_left,0.5202950981368692,0.08154018434607166,-1.1382710290404625,0.0,0.31730465640509214,0.0,0.9483236552061993,1
1000.690628256766,LHR-HMD00001,head,0.600380692476243,1.701164447913936,-1.200336213220497,0.0,0.31730465640509214,0.0,0.9483236552061993,1
1000.6987401363443,LHR-TRKR0001,pelvis,0.5999966776364609,0.999584829050318,-1.2003099811503033,0.0,0.31730465640509214,0.0,0.9483236552061993,1
1000.6990202166577,LHR-CTRL0002,hand_right,0.8017316605868949,0.9517647380183745,-1.350596269158143,0.0,0.31730465640509214,0.0,0.9483236552061993,1
1000.6993209665744,LHR-TRKR0002,foot_left,0.5198744387242591,0.08021880180472009,-1.1398897380622803,0.0,0.31730465640509214,0.0,0.9483236552061993,1
1000.6995040892716,LHR-HMD00001,head,0.6010465822533642,1.701720694706742,-1.1984133177205796,0.0,0.31730465640509214,0.0,0.9483236552061993,1
1000.7006908480614,LHR-CTRL0001,hand_left,0.4006788802870173,0.9495673728113487,-1.0501535607066455,0.0,0.31730465640509214,0.0,0.9483236552061993,1
1000.7098016741575,LHR-CTRL0002,hand_right,0.8016317249134979,0.9489629951072621,-1.350055131326988,0.0,0.31730465640509214,0.0,0.9483236552061993,1
1000.71050165517,LHR-TRKR0002,foot_left,0.5197087730225313,0.07895056243977694,-1.1393048830280514,0.0,0.31730465640509214,0.0,0.9483236552061993,1
1000.7106800585357,LHR-CTRL0001,hand_left,0.39908023255110336,0.9496619044943765,-1.0483940016774784,0.0,0.31730465640509214,0.0,0.9483236552061993,1
1000.7114089267728,LHR-TRKR0001,pelvis,0.5988398536677025,1.0001238171564062,-1.200253811072063,0.0,0.31730465640509214,0.0,0.9483236552061993,1
1000.7114400807405,LHR-HMD00001,head,0.6005860769567913,1.700449166071929,-1.197150545039274,0.0,0.31730465640509214,0.0,0.9483236552061993,1
1000.7212311834963,LHR-CTRL0002,hand_right,0.8002242954274226,0.9498688279146196,-1.3506629582930378,0.0,0.31730465640509214,0.0,0.9483236552061993,1
1000.7212619819941,LHR-TRKR0002,foot_left,0.5221769712433614,0.08118609920841086,-1.1399319958806147,0.0,0.31730465640509214,0.0,0.9483236552061993,1
1000.7219636496767,LHR-HMD00001,head,0.6022321759587975,1.6992333827158912,-1.1990763909637216,0.0,0.31730465640509214,0.0,0.9483236552061993,1
1000.7222275408719,LHR-CTRL0001,hand_left,0.3985719857879982,0.9504657234305759,-1.0490872890712668,0.0,0.31730465640509214,0.0,0.9483236552061993,1
1000.7230098099152,LHR-TRKR0001,pelvis,0.6006837818412907,1.001888064178123,-1.2008143461784975,0.0,0.31730465640509214,0.0,0.9483236552061993,1
1000.7305624992937,LHR-TRKR0001,pelvis,0.5971420889578376,0.9996706879159406,-1.200129876569672,0.0,0.31730465640509214,0.0,0.9483236552061993,1
1000.7325213948822,LHR-CTRL0002,hand_right,0.7995799911656667,0.9507820541750994,-1.3502081024242054,0.0,0.31730465640509214,0.0,0.9483236552061993,1
1000.7338859864014,LHR-CTRL0001,hand_left,0.3997330191375926,0.9484251581386235,-1.050150503488547,0.0,0.31730465640509214,0.0,0.9483236552061993,1
1000.734210389271,LHR-TRKR0002,foot_left,0.5204896354104412,0.07953608556755079,-1.143176038765773,0.0,0.31730465640509214,0.0,0.9483236552061993,1
1000.7349168062121,LHR-HMD00001,head,0.6006019592320635,1.7000722674614983,-1.1998466877018779,0.0,0.31730465640509214,0.0,0.9483236552061993,1
1000.7444022009978,LHR-TRKR0001,pelvis,0.6007121702206848,1.0000963287469526,-1.200184180670021,0.0,0.31730465640509214,0.0,0.9483236552061993,1
1000.7444341734166,LHR-CTRL0001,hand_left,0.3997420220928934,0.9505668334501467,-1.0490445938229076,0.0,0.31730465640509214,0.0,0.9483236552061993,1
1000.7449200842849,LHR-CTRL0002,hand_right,0.8000594358685696,0.9511069056450923,-1.352114834174637,0.0,0.31730465640509214,0.0,0.9483236552061993,1
1000.7457648054315,LHR-HMD00001,head,0.6004877851124623,1.7009373584773295,-1.1997812301383484,0.0,0.31730465640509214,0.0,0.9483236552061993,1
1000.7459512786846,LHR-TRKR0002,foot_left,0.5194094567243539,0.08085696583558993,-1.1384545014663667,0.0,0.31730465640509214,0.0,0.9483236552061993,1
1000.7546461478294,LHR-CTRL0002,hand_right,0.7996718393989171,0.9498994265894142,-1.3522244400149133,0.0,0.31730465640509214,0.0,0.9483236552061993,1
1000.755413685986,LHR-CTRL0001,hand_left,0.4000619822376,0.9505860086447165,-1.0503642922921845,0.0,0.31730465640509214,0.0,0.9483236552061993,1
1000.7554905087513,LHR-TRKR0002,foot_left,0.5187384381681628,0.08080155260251819,-1.1397700847369323,0.0,0.31730465640509214,0.0,0.9483236552061993,1
1000.7558885384882,LHR-TRKR0001,pelvis,0.5995326411367665,1.0019336267244312,-1.2003206306586682,0.0,0.31730465640509214,0.0,0.9483236552061993,1
1000.7561889081784,LHR-HMD00001,head,0.6003397937145597,1.7013921403141425,-1.1996822797565725,0.0,0.31730465640509214,0.0,0.9483236552061993,1
1000.7640362040456,LHR-TRKR0001,pelvis,0.6008799584353599,1.0015179352491015,-1.2003044902056383,0.0,0.31730465640509214,0.0,0.9483236552061993,1
1000.764463156786,LHR-HMD00001,head,0.600545022481713,1.7009902300965793,-1.1983667375839415,0.0,0.31730465640509214,0.0,0.9483236552061993,1
1000.7655703081676,LHR-TRKR0002,foot_left,0.5201865153757268,0.0789279695481993,-1.1418681554029808,0.0,0.31730465640509214,0.0,0.9483236552061993,1
1000.7661532758964,LHR-CTRL0002,hand_right,0.7994174089840055,0.949688152802777,-1.351425777115785,0.0,0.31730465640509214,0.0,0.9483236552061993,1
1000.7674187485425,LHR-CTRL0001,hand_left,0.4003810687243434,0.9511161648545851,-1.049866201533216,0.0,0.31730465640509214,0.0,0.9483236552061993,1
1000.7759446459398,LHR-CTRL0002,hand_right,0.7995172598556148,0.9491115763293176,-1.3510719957410586,0.0,0.31730465640509214,0.0,0.9483236552061993,1
1000.7764926713141,LHR-TRKR0002,foot_left,0.5181363541488041,0.07981987410559169,-1.140421295810846,0.0,0.31730465640509214,0.0,0.9483236552061993,1
1000.777829806752,LHR-HMD00001,head,0.6012270409292004,1.700377214952827,-1.199792184546024,0.0,0.31730465640509214,0.0,0.9483236552061993,1
1000.7780408981688,LHR-TRKR0001,pelvis,0.5999787436493214,0.9991296387004578,-1.1988829503669702,0.0,0.31730465640509214,0.0,0.9483236552061993,1
1000.7781524320723,LHR-CTRL0001,hand_left,0.4002652755024725,0.9486491649886422,-1.0497342540036798,0.0,0.31730465640509214,0.0,0.9483236552061993,1
1000.7875811879978,LHR-TRKR0001,pelvis,0.6008840735011496,1.0003434109486902,-1.1998226077543424,0.0,0.31730465640509214,0.0,0.9483236552061993,1
1000.7879054843307,LHR-CTRL0002,hand_right,0.8003348688225614,0.9490758605705497,-1.3518340799382724,0.0,0.31730465640509214,0.0,0.9483236552061993,1
1000.7883339275302,LHR-TRKR0002,foot_left,0.5209534727572414,0.0808771541334793,-1.1402870129219043,0.0,0.31730465640509214,0.0,0.9483236552061993,1
1000.7890047582739,LHR-CTRL0001,hand_left,0.40082399855074724,0.9495253803957873,-1.0480865849297218,0.0,0.31730465640509214,0.0,0.9483236552061993,1
1000.7895725750797,LHR-HMD00001,head,0.5987763964221485,1.7002920625441036,-1.2010371697599458,0.0,0.31730465640509214,0.0,0.9483236552061993,1
1000.7996151803436,LHR-CTRL0001,hand_left,0.4009946966526461,0.9500791189383834,-1.0485967631412103,0.0,0.31730465640509214,0.0,0.9483236552061993,1
1000.7997802925129,LHR-CTRL0002,hand_right,0.800363515228254,0.9508720858885341,-1.350559678056106,0.0,0.31730465640509214,0.0,0.9483236552061993,1
1000.799954254497,LHR-TRKR0002,foot_left,0.5206406088556225,0.08020333951697926,-1.1382344919123022,0.0,0.31730465640509214,0.0,0.9483236552061993,1
1000.80050239327,LHR-TRKR0001,pelvis,0.6019366759413878,1.0013915748746858,-1.201124246314162,0.0,0.31730465640509214,0.0,0.9483236552061993,1
1000.8010039615758,LHR-HMD00001,head,0.5989759605584842,1.700650508927469,-1.2001005771835758,0.0,0.31730465640509214,0.0,0.9483236552061993,1
1000.8094362381747,LHR-TRKR0002,foot_left,0.5194921282021902,0.0790645846357598,-1.1384673299773145,0.0,0.31730465640509214,0.0,0.9483236552061993,1
1000.8104932040665,LHR-HMD00001,head,0.6004722094960293,1.6993730368826219,-1.1987987959925237,0.0,0.31730465640509214,0.0,0.9483236552061993,1
1000.8112045604873,LHR-CTRL0002,hand_right,0.7986588946859087,0.9479680588099826,-1.3512637012385735,0.0,0.31730465640509214,0.0,0.9483236552061993,1
1000.8112742002373,LHR-CTRL0001,hand_left,0.40157396729280215,0.9512489438229904,-1.050531877192722,0.0,0.31730465640509214,0.0,0.9483236552061993,1
1000.8127169468224,LHR-TRKR0001,pelvis,0.6000931096608335,1.0009519597907979,-1.199412020951398,0.0,0.31730465640509214,0.0,0.9483236552061993,1
1000.8209088260595,LHR-TRKR0001,pelvis,0.600804371472439,1.000522513873298,-1.1990554032235794,0.0,0.31730465640509214,0.0,0.9483236552061993,1
1000.8212733977333,LHR-TRKR0002,foot_left,0.5204102120274515,0.0788870698740991,-1.1417673539215494,0.0,0.31730465640509214,0.0,0.9483236552061993,1
1000.821503066606,LHR-CTRL0001,hand_left,0.399645987572846,0.9500253385632195,-1.0502776456438996,0.0,0.31730465640509214,0.0,0.9483236552061993,1
1000.8234128069266,LHR-CTRL0002,hand_right,0.8006321555859357,0.9499040809168594,-1.349037763876767,0.0,0.31730465640509214,0.0,0.9483236552061993,1
1000.8240442335855,LHR-HMD00001,head,0.6001437721800562,1.7011877283270336,-1.1993265595098181,0.0,0.31730465640509214,0.0,0.9483236552061993,1
1000.8320129023633,LHR-HMD00001,head,0.6001652490385987,1.6995214725888892,-1.199968492422351,0.0,0.31730465640509214,0.0,0.9483236552061993,1
1000.8323204330567,LHR-TRKR0001,pelvis,0.6011052927447283,1.0012121685133815,-1.2003778827067533,0.0,0.31730465640509214,0.0,0.9483236552061993,1
1000.833221223376,LHR-CTRL0002,hand_right,0.7989767770154891,0.9489408250848052,-1.3524044197807137,0.0,0.31730465640509214,0.0,0.9483236552061993,1
1000.8348289700192,LHR-CTRL0001,hand_left,0.4023111605888908,0.9481233243355337,-1.04934337028958,0.0,0.31730465640509214,0.0,0.9483236552061993,1
1000.8360133783192,LHR-TRKR0002,foot_left,0.5197333957164038,0.08020421996521557,-1.139651515918466,0.0,0.31730465640509214,0.0,0.9483236552061993,1
1000.8437829164226,LHR-HMD00001,head,0.6008280104854866,1.700697657734154,-1.2011955846525038,0.0,0.31730465640509214,0.0,0.9483236552061993,1
1000.8441447627158,LHR-TRKR0001,pelvis,0.6011824840212973,0.9996532252364109,-1.200900660888109,0.0,0.31730465640509214,0.0,0.9483236552061993,1
1000.8445164349511,LHR-TRKR0002,foot_left,0.5211549303233382,0.07902689116137804,-1.1403490384806374,0.0,0.31730465640509214,0.0,0.9483236552061993,1
1000.8447282097883,LHR-CTRL0001,hand_left,0.3988720761826493,0.9489198700883253,-1.0482515465188174,0.0,0.31730465640509214,0.0,0.9483236552061993,1
1000.8459950095041,LHR-CTRL0002,hand_right,0.7972744590259525,0.9472069234886029,-1.3523271191406248,0.0,0.31730465640509214,0.0,0.9483236552061993,1
1000.8536468999431,LHR-CTRL0002,hand_right,0.8010870763859578,0.9507002181940055,-1.3506036670955508,0.0,0.31730465640509214,0.0,0.9483236552061993,1
1000.8549818904285,LHR-TRKR0001,pelvis,0.5980197401111808,1.0002701149472222,-1.201146539015128,0.0,0.31730465640509214,0.0,0.9483236552061993,1
1000.8553031295098,LHR-TRKR0002,foot_left,0.5204729252426529,0.07953993676751875,-1.1404790674320822,0.0,0.31730465640509214,0.0,0.9483236552061993,1
1000.8560058788185,LHR-CTRL0001,hand_left,0.40022533636893726,0.9501213517098132,-1.049072572680698,0.0,0.31730465640509214,0.0,0.9483236552061993,1
1000.8564906055437,LHR-HMD00001,head,0.6010256820527459,1.6997860920585248,-1.199184736278996,0.0,0.31730465640509214,0.0,0.9483236552061993,1
1000.8651200643025,LHR-TRKR0001,pelvis,0.5995159522473155,1.000626770184782,-1.1991816474007357,0.0,0.31730465640509214,0.0,0.9483236552061993,1
1000.8660253482655,LHR-CTRL0001,hand_left,0.3998698692441943,0.9505942526413909,-1.0489381878322028,0.0,0.31730465640509214,0.0,0.9483236552061993,1
1000.8663197106945,LHR-TRKR0002,foot_left,0.5210385258739441,0.07908974680941468,-1.1418109824850253,0.0,0.31730465640509214,0.0,0.9483236552061993,1
1000.8667157212805,LHR-HMD00001,head,0.5993025117385894,1.7006378552876564,-1.200796591882826,0.0,0.31730465640509214,0.0,0.9483236552061993,1
1000.8677140401414,LHR-CTRL0002,hand_right,0.7996163462009551,0.9510388870906538,-1.3495413225353858,0.0,0.31730465640509214,0.0,0.9483236552061993,1
1000.8774683363516,LHR-CTRL0002,hand_right,0.7987384569685547,0.9495369156988341,-1.3514951030134421,0.0,0.31730465640509214,0.0,0.9483236552061993,1
1000.8775545961054,LHR-CTRL0001,hand_left,0.40035121354446873,0.9496402311920032,-1.0493314015533899,0.0,0.31730465640509214,0.0,0.9483236552061993,1
1000.8778444966277,LHR-TRKR0001,pelvis,0.5982279777996833,1.0008516189158465,-1.200295700663708,0.0,0.31730465640509214,0.0,0.9483236552061993,1
1000.8788930830184,LHR-TRKR0002,foot_left,0.5208661387109039,0.07985671923865248,-1.1401028629631176,0.0,0.31730465640509214,0.0,0.9483236552061993,1
1000.8797801703614,LHR-HMD00001,head,0.6001293568316592,1.6997019701932803,-1.2002855725668593,0.0,0.31730465640509214,0.0,0.9483236552061993,1
1000.8877306328527,LHR-TRKR0001,pelvis,0.600828126943708,1.0012020320231811,-1.2005324433968165,0.0,0.31730465640509214,0.0,0.9483236552061993,1
1000.8890774080814,LHR-HMD00001,head,0.599433412756409,1.6998464209037494,-1.2017406346901673,0.0,0.31730465640509214,0.0,0.9483236552061993,1
1000.8895791530532,LHR-CTRL0001,hand_left,0.40129971352296373,0.9498453192847538,-1.0496254236220304,0.0,0.31730465640509214,0.0,0.9483236552061993,1
1000.8896115429118,LHR-TRKR0002,foot_left,0.5190588164063122,0.07939150546704411,-1.140308719751068,0.0,0.31730465640509214,0.0,0.9483236552061993,1
1000.8899368940586,LHR-CTRL0002,hand_right,0.799235229583926,0.9510958932947281,-1.3505411696367065,0.0,0.31730465640509214,0.0,0.9483236552061993,1
1000.8980508219292,LHR-CTRL0001,hand_left,0.39901410617553656,0.9508778761129745,-1.050170317776441,0.0,0.31730465640509214,0.0,0.9483236552061993,1
1000.8993668059098,LHR-HMD00001,head,0.6008765996934013,1.7009616865870882,-1.200442773872847,0.0,0.31730465640509214,0.0,0.9483236552061993,1
1000.900221982059,LHR-TRKR0001,pelvis,0.600585571632916,0.9998138396474919,-1.2010629997720947,0.0,0.31730465640509214,0.0,0.9483236552061993,1
1000.9012440084559,LHR-CTRL0002,hand_right,0.7992127277769755,0.948950632903492,-1.352081445273408,0.0,0.31730465640509214,0.0,0.9483236552061993,1
1000.9014065418374,LHR-TRKR0002,foot_left,0.5213970148045854,0.08097059229224926,-1.138204716329175,0.0,0.31730465640509214,0.0,0.9483236552061993,1
1000.9097362711906,LHR-TRKR0001,pelvis,0.5997355719405608,1.0009220288961702,-1.199199691100754,0.0,0.31730465640509214,0.0,0.9483236552061993,1
1000.9107335476059,LHR-HMD00001,head,0.5986202453740921,1.6993532907301796,-1.1990523856703021,0.0,0.31730465640509214,0.0,0.9483236552061993,1
1000.910840550515,LHR-CTRL0001,hand_left,0.4012701983045166,0.9505265692698599,-1.0482725078195976,0.0,0.31730465640509214,0.0,0.9483236552061993,1
1000.9110708391298,LHR-TRKR0002,foot_left,0.5199822447468037,0.07990742130906439,-1.1396306416105413,0.0,0.31730465640509214,0.0,0.9483236552061993,1
1000.9116830741541,LHR-CTRL0002,hand_right,0.8011149041968685,0.949108269695177,-1.3509974832975498,0.0,0.31730465640509214,0.0,0.9483236552061993,1
1000.9211310761046,LHR-HMD00001,head,0.6006255207733817,1.6996996464390812,-1.1991027252198594,0.0,0.31730465640509214,0.0,0.9483236552061993,1
1000.9213765175053,LHR-CTRL0002,hand_right,0.8007267696695037,0.951565615875491,-1.3508857364625269,0.0,0.31730465640509214,0.0,0.9483236552061993,1
1000.9215804355023,LHR-CTRL0001,hand_left,0.40076999806007424,0.9491182365381525,-1.0471970497644791,0.0,0.31730465640509214,0.0,0.9483236552061993,1
1000.9228355958124,LHR-TRKR0002,foot_left,0.5191346602613259,0.08102894881922344,-1.1413605203504498,0.0,0.31730465640509214,0.0,0.9483236552061993,1
1000.9232527712991,LHR-TRKR0001,pelvis,0.6007702732093823,0.9997053439767428,-1.2017547981507124,0.0,0.31730465640509214,0.0,0.9483236552061993,1
1000.9320556531669,LHR-HMD00001,head,0.5989585192436675,1.699387363668909,-1.1995253927533165,0.0,0.31730465640509214,0.0,0.9483236552061993,1
1000.9321993452972,LHR-CTRL0001,hand_left,0.4015873211765718,0.9500209600024654,-1.050206567368407,0.0,0.31730465640509214,0.0,0.9483236552061993,1
1000.932848250908,LHR-TRKR0002,foot_left,0.5186037675927165,0.07922593624099673,-1.141841536692494,0.0,0.31730465640509214,0.0,0.9483236552061993,1
1000.9331689455909,LHR-TRKR0001,pelvis,0.6007593512586464,0.9997008942294228,-1.1999694962419534,0.0,0.31730465640509214,0.0,0.9483236552061993,1
1000.9336128028204,LHR-CTRL0002,hand_right,0.8007512575103298,0.952573386717364,-1.348756555809202,0.0,0.31730465640509214,0.0,0.9483236552061993,1
1000.9428978014804,LHR-TRKR0001,pelvis,0.6000637301949168,1.0002688127168626,-1.20004187287894,0.0,0.31730465640509214,0.0,0.9483236552061993,1
1000.9440174723389,LHR-TRKR0002,foot_left,0.519113098297735,0.08152901162330942,-1.1414216540531634,0.0,0.31730465640509214,0.0,0.9483236552061993,1
1000.9450748559352,LHR-HMD00001,head,0.5999040866702955,1.6994107743008449,-1.2025121277305113,0.0,0.31730465640509214,0.0,0.9483236552061993,1
1000.9451248531819,LHR-CTRL0001,hand_left,0.39928974129148076,0.9515590365721374,-1.049770254670806,0.0,0.31730465640509214,0.0,0.9483236552061993,1
1000.9453511172703,LHR-CTRL0002,hand_right,0.799190130480311,0.9511257980914041,-1.3511854234389564,0.0,0.31730465640509214,0.0,0.9483236552061993,1
1000.9547708186305,LHR-TRKR0001,pelvis,0.6003068888084748,0.9998194736267951,-1.2010337598660872,0.0,0.31730465640509214,0.0,0.9483236552061993,1
1000.9547876167068,LHR-CTRL0001,hand_left,0.4006828093251589,0.9508607964614665,-1.0492243341914875,0.0,0.31730465640509214,0.0,0.9483236552061993,1
1000.9548789352872,LHR-CTRL0002,hand_right,0.7995035891024049,0.9503457693347495,-1.3512371365974132,0.0,0.31730465640509214,0.0,0.9483236552061993,1
1000.956055506128,LHR-TRKR0002,foot_left,0.5204856135034449,0.08146452714478224,-1.13972974044156,0.0,0.31730465640509214,0.0,0.9483236552061993,1
1000.9561367213679,LHR-HMD00001,head,0.600671216334612,1.7003237218133973,-1.2017429223285514,0.0,0.31730465640509214,0.0,0.9483236552061993,1
1000.9656272536903,LHR-CTRL0001,hand_left,0.40088542947309075,0.9498824003961969,-1.0488130520367018,0.0,0.31730465640509214,0.0,0.9483236552061993,1
1000.9672401361657,LHR-TRKR0001,pelvis,0.5995468065516077,1.001074537354041,-1.1979585296085289,0.0,0.31730465640509214,0.0,0.9483236552061993,1
1000.9673141420094,LHR-CTRL0002,hand_right,0.7982315607612273,0.9494775358405111,-1.3494374739434403,0.0,0.31730465640509214,0.0,0.9483236552061993,1
1000.9679364877002,LHR-TRKR0002,foot_left,0.5203096225967928,0.08039702476610766,-1.1394536706986487,0.0,0.31730465640509214,0.0,0.9483236552061993,1
1000.9679612254862,LHR-HMD00001,head,0.6006003256861085,1.6999856362412413,-1.1997211652226256,0.0,0.31730465640509214,0.0,0.9483236552061993,1
1000.9770231719865,LHR-HMD00001,head,0.600945193206576,1.6992601131950507,-1.1992864357857609,0.0,0.31730465640509214,0.0,0.9483236552061993,1
1000.9775854543193,LHR-TRKR0001,pelvis,0.6011734423192748,0.9986775855481194,-1.2009222591738296,0.0,0.31730465640509214,0.0,0.9483236552061993,1
1000.977757455109,LHR-TRKR0002,foot_left,0.519684276330574,0.08096427840072501,-1.139708368566833,0.0,0.31730465640509214,0.0,0.9483236552061993,1
1000.9787461184428,LHR-CTRL0002,hand_right,0.8003643747654695,0.950470455171174,-1.3506672249307303,0.0,0.31730465640509214,0.0,0.9483236552061993,1
1000.9787789203767,LHR-CTRL0001,hand_left,0.40137946116008927,0.9499137558628589,-1.0491895727224478,0.0,0.31730465640509214,0.0,0.9483236552061993,1
1000.9870099820225,LHR-CTRL0001,hand_left,0.4000114330135343,0.9502813569501066,-1.0481888016756398,0.0,0.31730465640509214,0.0,0.9483236552061993,1
1000.9890523062431,LHR-CTRL0002,hand_right,0.8000411095211178,0.9499044528938871,-1.350693879333352,0.0,0.31730465640509214,0.0,0.9483236552061993,1
1000.9896920874976,LHR-TRKR0002,foot_left,0.5196015166818725,0.07930669038152194,-1.1395452417112086,0.0,0.31730465640509214,0.0,0.9483236552061993,1
1000.9901059654892,LHR-TRKR0001,pelvis,0.5993884409282115,0.9996841172964713,-1.2011279025203672,0.0,0.31730465640509214,0.0,0.9483236552061993,1
1000.9905779963414,LHR-HMD00001,head,0.6006838541519834,1.7007615157392602,-1.1983640442216938,0.0,0.31730465640509214,0.0,0.9483236552061993,1
1000.998949924457,LHR-CTRL0002,hand_right,0.7986902244549564,0.9490726454763091,-1.3511340129848701,0.0,0.31730465640509214,0.0,0.9483236552061993,1
1000.9995505987416,LHR-TRKR0002,foot_left,0.5184931698393622,0.08059582561442173,-1.1395292593809137,0.0,0.31730465640509214,0.0,0.9483236552061993,1
1000.9997126122922,LHR-HMD00001,head,0.6006587348427547,1.6994384422896607,-1.1982016155798614,0.0,0.31730465640509214,0.0,0.9483236552061993,1
1001.0005906718751,LHR-TRKR0001,pelvis,0.6005959323104677,0.9994541129470231,-1.200354044048106,0.0,0.31730465640509214,0.0,0.9483236552061993,1
1001.0010335427339,LHR-CTRL0001,hand_left,0.4007322700566812,0.949649306813276,-1.0495948052618889,0.0,0.31730465640509214,0.0,0.9483236552061993,1
1001.0098976000083,LHR-TRKR0002,foot_left,0.520609793693713,0.07776430862055196,-1.1392060469887506,0.0,0.31730465640509214,0.0,0.9483236552061993,1
1001.0104400586066,LHR-CTRL0002,hand_right,0.8004236420366341,0.9506251798187412,-1.3494871126694692,0.0,0.31730465640509214,0.0,0.9483236552061993,1
1001.0104595939692,LHR-TRKR0001,pelvis,0.6009196511656254,0.9997449120692007,-1.2014843956853893,0.0,0.31730465640509214,0.0,0.9483236552061993,1
1001.0121772523931,LHR-CTRL0001,hand_left,0.399283310246303,0.9497442461869853,-1.0482510895064634,0.0,0.31730465640509214,0.0,0.9483236552061993,1
1001.01268551939,LHR-HMD00001,head,0.5988926874543952,1.699537276405642,-1.2009644697110045,0.0,0.31730465640509214,0.0,0.9483236552061993,1
1001.0201777543524,LHR-CTRL0001,hand_left,0.401912832223757,0.9482728739971632,-1.0488146998411694,0.0,0.31730465640509214,0.0,0.9483236552061993,1
1001.0204454725522,LHR-TRKR0002,foot_left,0.521678483481771,0.0804672788611872,-1.1394322660537561,0.0,0.31730465640509214,0.0,0.9483236552061993,1
1001.021789436375,LHR-HMD00001,head,0.5998972392004581,1.7010822192832102,-1.1987022140431594,0.0,0.31730465640509214,0.0,0.9483236552061993,1
1001.0220324970666,LHR-CTRL0002,hand_right,0.7967190085979667,0.9500230143930558,-1.3510687306239468,0.0,0.31730465640509214,0.0,0.9483236552061993,1
1001.0235393020813,LHR-TRKR0001,pelvis,0.600927379642799,1.000485305876826,-1.200639323047797,0.0,0.31730465640509214,0.0,0.9483236552061993,1
1001.0322383401782,LHR-TRKR0002,foot_left,0.5195621266416421,0.08020663858880885,-1.1414700889521454,0.0,0.31730465640509214,0.0,0.9483236552061993,1
1001.0323648791251,LHR-TRKR0001,pelvis,0.5994003451560426,1.000185710973607,-1.2019766598555597,0.0,0.31730465640509214,0.0,0.9483236552061993,1
1001.0325978500409,LHR-HMD00001,head,0.6004635174158038,1.6993906089364188,-1.2005536205981504,0.0,0.31730465640509214,0.0,0.9483236552061993,1
1001.0331053598734,LHR-CTRL0001,hand_left,0.40056601303981154,0.9483173616670886,-1.0491151263442473,0.0,0.31730465640509214,0.0,0.9483236552061993,1
1001.0342421066692,LHR-CTRL0002,hand_right,0.796678697137377,0.9492632654233953,-1.349966151570423,0.0,0.31730465640509214,0.0,0.9483236552061993,1
1001.0438285784106,LHR-TRKR0001,pelvis,0.6014220185798403,1.0018745738004327,-1.2008321993309867,0.0,0.31730465640509214,0.0,0.9483236552061993,1
1001.0442940369312,LHR-CTRL0002,hand_right,0.7995101948504848,0.9497147953423668,-1.3506050632318847,0.0,0.31730465640509214,0.0,0.9483236552061993,1
1001.0446942298161,LHR-HMD00001,head,0.5993968038633424,1.7009528406823236,-1.2009065393256102,0.0,0.31730465640509214,0.0,0.9483236552061993,1
1001.0447312655928,LHR-CTRL0001,hand_left,0.4007307067340822,0.9506557021031414,-1.0507974891422391,0.0,0.31730465640509214,0.0,0.9483236552061993,1
1001.0463286034303,LHR-TRKR0002,foot_left,0.5204987630533752,0.0816828436391931,-1.1397908797684917,0.0,0.31730465640509214,0.0,0.9483236552061993,1
1001.0547148576597,LHR-CTRL0002,hand_right,0.7999880294407629,0.9494775100708247,-1.3509603053133679,0.0,0.31730465640509214,0.0,0.9483236552061993,1
1001.0561434874443,LHR-TRKR0001,pelvis,0.5982308005921664,0.9983747632719607,-1.1990710740119142,0.0,0.31730465640509214,0.0,0.9483236552061993,1
1001.0565733532277,LHR-CTRL0001,hand_left,0.3998649809004425,0.9504382457599818,-1.0511427320506357,0.0,0.31730465640509214,0.0,0.9483236552061993,1
1001.0565870086405,LHR-HMD00001,head,0.6008645262754122,1.6999674059283758,-1.199827948927548,0.0,0.31730465640509214,0.0,0.9483236552061993,1
1001.0566100666359,LHR-TRKR0002,foot_left,0.5199158215538272,0.07869153620375556,-1.140122585536307,0.0,0.31730465640509214,0.0,0.9483236552061993,1
1001.066136109193,LHR-CTRL0001,hand_left,0.40183542404556044,0.9503607319228718,-1.0500100209417846,0.0,0.31730465640509214,0.0,0.9483236552061993,1
1001.0668276762434,LHR-HMD00001,head,0.6015117183839006,1.6995246659859427,-1.1983382714038526,0.0,0.31730465640509214,0.0,0.9483236552061993,1
1001.0678928412167,LHR-CTRL0002,hand_right,0.7987503645374083,0.9512819105343723,-1.3499963598633848,0.0,0.31730465640509214,0.0,0.9483236552061993,1
1001.0680513984803,LHR-TRKR0001,pelvis,0.6007388094674967,1.001397354684943,-1.2004214264866009,0.0,0.31730465640509214,0.0,0.9483236552061993,1
1001.0696110987249,LHR-TRKR0002,foot_left,0.5176889201761329,0.07915419980266093,-1.1389622344383588,0.0,0.31730465640509214,0.0,0.9483236552061993,1
1001.0768437217503,LHR-TRKR0002,foot_left,0.5188698160116622,0.07967582643792763,-1.1380225979683762,0.0,0.31730465640509214,0.0,0.9483236552061993,1
1001.0771922489537,LHR-HMD00001,head,0.5985905473406263,1.6991752363060635,-1.2015783914031015,0.0,0.31730465640509214,0.0,0.9483236552061993,1
1001.0773417212407,LHR-TRKR0001,pelvis,0.6007883159698185,0.9991546414330718,-1.2010053620499954,0.0,0.31730465640509214,0.0,0.9483236552061993,1
1001.0776119706758,LHR-CTRL0001,hand_left,0.4016907348124246,0.9512115660300001,-1.0499198613909624,0.0,0.31730465640509214,0.0,0.9483236552061993,1
1001.0784781293282,LHR-CTRL0002,hand_right,0.7984573194892162,0.9486618533559104,-1.3497938468215922,0.0,0.31730465640509214,0.0,0.9483236552061993,1
1001.0875476691748,LHR-HMD00001,head,0.5992532181159501,1.7005828820972118,-1.1992622709350362,0.0,0.31730465640509214,0.0,0.9483236552061993,1
1001.0882147722223,LHR-TRKR0001,pelvis,0.5989619665480678,0.9987300788188779,-1.1997914620620527,0.0,0.31730465640509214,0.0,0.9483236552061993,1
1001.089260102515,LHR-TRKR0002,foot_left,0.5203825876288298,0.08220000010665245,-1.1401934197654302,0.0,0.31730465640509214,0.0,0.9483236552061993,1
1001.0896334917204,LHR-CTRL0001,hand_left,0.3994141936264744,0.9507870640875986,-1.0468156100923665,0.0,0.31730465640509214,0.0,0.9483236552061993,1
1001.090004950894,LHR-CTRL0002,hand_right,0.7998355652528902,0.948647352327945,-1.3521339280725262,0.0,0.31730465640509214,0.0,0.9483236552061993,1
1001.0985984797851,LHR-HMD00001,head,0.600306775303474,1.7002670919616654,-1.2011733269767075,0.0,0.31730465640509214,0.0,0.9483236552061993,1
1001.0986530738377,LHR-CTRL0002,hand_right,0.7978081475715607,0.9511419171404896,-1.34927615715095,0.0,0.31730465640509214,0.0,0.9483236552061993,1
1001.099098257858,LHR-CTRL0001,hand_left,0.4005955072480773,0.9496477770196459,-1.0506528163215483,0.0,0.31730465640509214,0.0,0.9483236552061993,1
1001.1005980515067,LHR-TRKR0001,pelvis,0.6002917477274714,1.001648911748896,-1.1995937017284113,0.0,0.31730465640509214,0.0,0.9483236552061993,1
1001.1012099593293,LHR-TRKR0002,foot_left,0.519111753516499,0.07918251709907383,-1.1401863503547653,0.0,0.31730465640509214,0.0,0.9483236552061993,1
1001.1098676193348,LHR-CTRL0002,hand_right,0.8005414281529964,0.949386215032635,-1.3512874224317337,0.0,0.31730465640509214,0.0,0.9483236552061993,1
1001.1108484057438,LHR-TRKR0001,pelvis,0.6003214733738479,0.9991884158497576,-1.1995519081775223,0.0,0.31730465640509214,0.0,0.9483236552061993,1
1001.1116137939609,LHR-HMD00001,head,0.5986731681670737,1.700303890007487,-1.1986521930226939,0.0,0.31730465640509214,0.0,0.9483236552061993,1
1001.1116932315341,LHR-CTRL0001,hand_left,0.4011294136097499,0.9487396050931726,-1.04891182173982,0.0,0.31730465640509214,0.0,0.9483236552061993,1
1001.1119116285445,LHR-TRKR0002,foot_left,0.520436968198913,0.07971716968451623,-1.1397864586235502,0.0,0.31730465640509214,0.0,0.9483236552061993,1
1001.1219668857348,LHR-TRKR0002,foot_left,0.5201238867258439,0.08094013078392272,-1.1391385637359805,0.0,0.31730465640509214,0.0,0.9483236552061993,1
1001.1222731027287,LHR-TRKR0001,pelvis,0.5984328455027969,0.9989107267233334,-1.2016961752861535,0.0,0.31730465640509214,0.0,0.9483236552061993,1
1001.1228031944675,LHR-CTRL0002,hand_right,0.7989148672905468,0.9474837411858824,-1.3495006708960318,0.0,0.31730465640509214,0.0,0.9483236552061993,1
1001.1232119352555,LHR-HMD00001,head,0.5996358652396353,1.6987314403834097,-1.2015332804777499,0.0,0.31730465640509214,0.0,0.9483236552061993,1
1001.1233273194948,LHR-CTRL0001,hand_left,0.4008635592650817,0.9502527511029362,-1.0497986128597088,0.0,0.31730465640509214,0.0,0.9483236552061993,1
1001.1322846145866,LHR-CTRL0001,hand_left,0.4024303849046488,0.9500800022203089,-1.0477018347146698,0.0,0.31730465640509214,0.0,0.9483236552061993,1
1001.1330402972426,LHR-TRKR0002,foot_left,0.5218974471492454,0.08014800770025626,-1.1384877761995715,0.0,0.31730465640509214,0.0,0.9483236552061993,1
1001.1331690387407,LHR-HMD00001,head,0.599319348285386,1.701579543822169,-1.2002077395375323,0.0,0.31730465640509214,0.0,0.9483236552061993,1
1001.1335313170651,LHR-CTRL0002,hand_right,0.8005825170719262,0.9494166504898321,-1.3513839184312169,0.0,0.31730465640509214,0.0,0.9483236552061993,1
1001.1341056317536,LHR-TRKR0001,pelvis,0.601238273205365,0.9998861362219468,-1.1997664252533806,0.0,0.31730465640509214,0.0,0.9483236552061993,1
1001.1420210296112,LHR-CTRL0002,hand_right,0.8004351572348158,0.9494877415385219,-1.3501202125488245,0.0,0.31730465640509214,0.0,0.9483236552061993,1
1001.1433700795861,LHR-HMD00001,head,0.5989620566259435,1.6993905291558355,-1.2004835449713032,0.0,0.31730465640509214,0.0,0.9483236552061993,1
1001.1434099151103,LHR-TRKR0001,pelvis,0.6008488952921219,1.0003863355239673,-1.2003650745106231,0.0,0.31730465640509214,0.0,0.9483236552061993,1
1001.1437348941282,LHR-TRKR0002,foot_left,0.5185819244542413,0.0803359966167152,-1.1395084736699135,0.0,0.31730465640509214,0.0,0.9483236552061993,1
1001.1447438266125,LHR-CTRL0001,hand_left,0.4009655022903439,0.9513749986454867,-1.0499983166897429,0.0,0.31730465640509214,0.0,0.9483236552061993,1
1001.1549654269159,LHR-TRKR0001,pelvis,0.5982149278111951,0.9998007675951025,-1.199689510117008,0.0,0.31730465640509214,0.0,0.9483236552061993,1
1001.1556335702625,LHR-CTRL0001,hand_left,0.4008642918332609,0.9500633152956316,-1.04973955898157,0.0,0.31730465640509214,0.0,0.9483236552061993,1
1001.1557723989007,LHR-CTRL0002,hand_right,0.7982818716309867,0.9517477579908628,-1.3509868922040023,0.0,0.31730465640509214,0.0,0.9483236552061993,1
1001.1564285977082,LHR-HMD00001,head,0.6002656134152217,1.6993399835464245,-1.200889939574671,0.0,0.31730465640509214,0.0,0.9483236552061993,1
1001.1571955335561,LHR-TRKR0002,foot_left,0.5201299225721947,0.07938491227375151,-1.1393829261163784,0.0,0.31730465640509214,0.0,0.9483236552061993,1
1001.1653862727219,LHR-HMD00001,head,0.599811983015457,1.7004686703245961,-1.199282956232071,0.0,0.31730465640509214,0.0,0.9483236552061993,1
1001.165616232747,LHR-CTRL0001,hand_left,0.399138663563113,0.9501201735995713,-1.0473126716012937,0.0,0.31730465640509214,0.0,0.9483236552061993,1
1001.1658612070215,LHR-CTRL0002,hand_right,0.7970415366857344,0.9507050896092621,-1.3491606007191974,0.0,0.31730465640509214,0.0,0.9483236552061993,1
1001.1667187033341,LHR-TRKR0001,pelvis,0.6012445005470773,1.0007516280965234,-1.2011311343975812,0.0,0.31730465640509214,0.0,0.9483236552061993,1
1001.1689532700086,LHR-TRKR0002,foot_left,0.5204387720685696,0.07954634957063395,-1.1384354578587033,0.0,0.31730465640509214,0.0,0.9483236552061993,1
1001.1765378998475,LHR-TRKR0002,foot_left,0.5196449056619664,0.07984375011056583,-1.1407301084402812,0.0,0.31730465640509214,0.0,0.9483236552061993,1
1001.1770647096828,LHR-HMD00001,head,0.6005505320162672,1.6995425030703293,-1.2016950770180268,0.0,0.31730465640509214,0.0,0.9483236552061993,1
1001.1779295276983,LHR-CTRL0001,hand_left,0.40216023247951876,0.949874161330252,-1.047592394211545,0.0,0.31730465640509214,0.0,0.9483236552061993,1
1001.1787399069008,LHR-CTRL0002,hand_right,0.7991429732416024,0.9519236532494303,-1.3489194953790478,0.0,0.31730465640509214,0.0,0.9483236552061993,1
1001.1787756124044,LHR-TRKR0001,pelvis,0.6006561989426317,1.0005979603104636,-1.201229504800858,0.0,0.31730465640509214,0.0,0.9483236552061993,1
1001.1883216211259,LHR-TRKR0002,foot_left,0.5203231287191523,0.08064623558051803,-1.139117859176941,0.0,0.31730465640509214,0.0,0.9483236552061993,1
1001.1886312113585,LHR-CTRL0001,hand_left,0.40053662738261603,0.949205912834007,-1.0495963400538162,0.0,0.31730465640509214,0.0,0.9483236552061993,1
1001.1887918283923,LHR-TRKR0001,pelvis,0.5998301654919109,0.9995355989589425,-1.2003912835997315,0.0,0.31730465640509214,0.0,0.9483236552061993,1
1001.1895099067424,LHR-HMD00001,head,0.599201483857123,1.700284081393276,-1.20133363528551,0.0,0.31730465640509214,0.0,0.9483236552061993,1
1001.1896605506074,LHR-CTRL0002,hand_right,0.8002827903833502,0.949939031890093,-1.3494742833002566,0.0,0.31730465640509214,0.0,0.9483236552061993,1
1001.1977498588265,LHR-HMD00001,head,0.6002526192229828,1.6994100240508225,-1.200582163953503,0.0,0.31730465640509214,0.0,0.9483236552061993,1
1001.1988216573853,LHR-TRKR0001,pelvis,0.6007044468865457,1.0010076260349334,-1.200830314419027,0.0,0.31730465640509214,0.0,0.9483236552061993,1
1001.1992062281555,LHR-CTRL0001,hand_left,0.40085999363008185,0.9507702476199396,-1.0493367775572768,0.0,0.31730465640509214,0.0,0.9483236552061993,1
1001.2004669912462,LHR-CTRL0002,hand_right,0.7997891890756488,0.9507830269987606,-1.350789492251751,0.0,0.31730465640509214,0.0,0.9483236552061993,1
1001.2008309828018,LHR-TRKR0002,foot_left,0.5204156583530033,0.08046603477405763,-1.1399568421265263,0.0,0.31730465640509214,0.0,0.9483236552061993,1
1001.2099546061828,LHR-CTRL0002,hand_right,0.7995039362042757,0.9500318059322507,-1.3494130438446816,0.0,0.31730465640509214,0.0,0.9483236552061993,1
1001.2107499160111,LHR-CTRL0001,hand_left,0.4003787748935761,0.9506326616520867,-1.0494075856906508,0.0,0.31730465640509214,0.0,0.9483236552061993,1
1001.210977426173,LHR-TRKR0001,pelvis,0.5994801657856771,0.998954665482674,-1.2015677799067148,0.0,0.31730465640509214,0.0,0.9483236552061993,1
1001.2114971557454,LHR-TRKR0002,foot_left,0.5196677628240162,0.07978265181537321,-1.1403384422952414,0.0,0.31730465640509214,0.0,0.9483236552061993,1
1001.2114974807087,LHR-HMD00001,head,0.6011195070080222,1.7002187326298785,-1.1986297438271736,0.0,0.31730465640509214,0.0,0.9483236552061993,1
1001.2212452387264,LHR-CTRL0001,hand_left,0.39933731278067025,0.9498776988869391,-1.0495321705312588,0.0,0.31730465640509214,0.0,0.9483236552061993,1
1001.2216405813857,LHR-HMD00001,head,0.5990607470120373,1.7011307411921308,-1.1990909195897579,0.0,0.31730465640509214,0.0,0.9483236552061993,1
1001.2221091493044,LHR-TRKR0001,pelvis,0.6005943752409723,0.999894249372201,-1.2021212954842266,0.0,0.31730465640509214,0.0,0.9483236552061993,1
1001.223130710918,LHR-CTRL0002,hand_right,0.7992871105002501,0.9491139355532331,-1.3491721592173982,0.0,0.31730465640509214,0.0,0.9483236552061993,1
1001.2232646950225,LHR-TRKR0002,foot_left,0.5196807912778811,0.08003055528948584,-1.140159737678518,0.0,0.31730465640509214,0.0,0.9483236552061993,1
1001.2312576974001,LHR-CTRL0002,hand_right,0.7989164329197568,0.9517104604046229,-1.3506301634979196,0.0,0.31730465640509214,0.0,0.9483236552061993,1
1001.2318164996205,LHR-TRKR0001,pelvis,0.6005856144467001,0.9986486466614698,-1.1989303156169406,0.0,0.31730465640509214,0.0,0.9483236552061993,1
1001.2323779218933,LHR-TRKR0002,foot_left,0.518692945210234,0.08032225048629853,-1.1394714796940024,0.0,0.31730465640509214,0.0,0.9483236552061993,1
1001.2334426130308,LHR-HMD00001,head,0.5970049972201352,1.6999117292882304,-1.1984577755910764,0.0,0.31730465640509214,0.0,0.9483236552061993,1
1001.2337315005702,LHR-CTRL0001,hand_left,0.3999000864472133,0.9504565678322355,-1.0493920104381673,0.0,0.31730465640509214,0.0,0.9483236552061993,1
1001.2429052877714,LHR-TRKR0002,foot_left,0.5199066641041092,0.0808722487837584,-1.139976666207185,0.0,0.31730465640509214,0.0,0.9483236552061993,1
1001.2434526537548,LHR-CTRL0002,hand_right,0.7990208237309736,0.9491971834233809,-1.350126771394414,0.0,0.31730465640509214,0.0,0.9483236552061993,1
1001.2443687429181,LHR-HMD00001,head,0.600778057381168,1.699558678843432,-1.2002327903906718,0.0,0.31730465640509214,0.0,0.9483236552061993,1
1001.2448539958119,LHR-CTRL0001,hand_left,0.3997072600320621,0.9512937491466095,-1.0499226549602139,0.0,0.31730465640509214,0.0,0.9483236552061993,1
1001.244949768499,LHR-TRKR0001,pelvis,0.5989143768054196,1.00039450784878,-1.2003493801893235,0.0,0.31730465640509214,0.0,0.9483236552061993,1
1001.2533014777148,LHR-TRKR0001,pelvis,0.5989630141668864,0.9997036063021757,-1.1995365424097022,0.0,0.31730465640509214,0.0,0.9483236552061993,1
1001.2537258352145,LHR-TRKR0002,foot_left,0.5194627007278859,0.08039457858285143,-1.1384345691226554,0.0,0.31730465640509214,0.0,0.9483236552061993,1
1001.253783144508,LHR-CTRL0002,hand_right,0.7996189664200872,0.9493198860046732,-1.3494221057069058,0.0,0.31730465640509214,0.0,0.9483236552061993,1
1001.2557576699506,LHR-HMD00001,head,0.5986969512187628,1.7002062924900603,-1.2017931720812254,0.0,0.31730465640509214,0.0,0.9483236552061993,1
1001.2563121050763,LHR-CTRL0001,hand_left,0.4005942167713661,0.9498910894459719,-1.050280001048882,0.0,0.31730465640509214,0.0,0.9483236552061993,1
1001.2639087615204,LHR-CTRL0002,hand_right,0.7998646790466651,0.9502347088000997,-1.349669171026247,0.0,0.31730465640509214,0.0,0.9483236552061993,1
1001.2667670519603,LHR-CTRL0001,hand_left,0.40090165836535174,0.950247826145183,-1.0488108495124577,0.0,0.31730465640509214,0.0,0.9483236552061993,1
1001.2673268310209,LHR-TRKR0001,pelvis,0.5996925924148911,0.9988488897311119,-1.1998095226639718,0.0,0.31730465640509214,0.0,0.9483236552061993,1
1001.2673608386034,LHR-HMD00001,head,0.5989846932560138,1.7011191643604655,-1.2000205650438753,0.0,0.31730465640509214,0.0,0.9483236552061993,1
1001.268198834724,LHR-TRKR0002,foot_left,0.5213619388711241,0.08131296899588715,-1.140707588178596,0.0,0.31730465640509214,0.0,0.9483236552061993,1
1001.2768224550792,LHR-CTRL0002,hand_right,0.8008738883820916,0.9510853038671185,-1.3504668141166085,0.0,0.31730465640509214,0.0,0.9483236552061993,1
1001.2769986880111,LHR-TRKR0001,pelvis,0.5998677796861793,0.9992637107685227,-1.1995492512914105,0.0,0.31730465640509214,0.0,0.9483236552061993,1
1001.277019408027,LHR-HMD00001,head,0.5996365739511202,1.6998940888769485,-1.1972581059875127,0.0,0.31730465640509214,0.0,0.9483236552061993,1
1001.2776326150082,LHR-TRKR0002,foot_left,0.5204816590983913,0.07857647999097973,-1.1415503791683401,0.0,0.31730465640509214,0.0,0.9483236552061993,1
1001.2779887610635,LHR-CTRL0001,hand_left,0.4022580487758404,0.9500764164694053,-1.0497443962372701,0.0,0.31730465640509214,0.0,0.9483236552061993,1
1001.2869498816265,LHR-TRKR0001,pelvis,0.5994000094038006,0.9993435152467847,-1.1994864744647729,0.0,0.31730465640509214,0.0,0.9483236552061993,1
1001.2883298236278,LHR-CTRL0001,hand_left,0.3974795063568032,0.9505379497157622,-1.0502019109033236,0.0,0.31730465640509214,0.0,0.9483236552061993,1
1001.2890773079366,LHR-CTRL0002,hand_right,0.7998290681801383,0.951594330804632,-1.3518678801233315,0.0,0.31730465640509214,0.0,0.9483236552061993,1
1001.2890996276556,LHR-TRKR0002,foot_left,0.5215620638467379,0.07919516388598627,-1.1391289342932713,0.0,0.31730465640509214,0.0,0.9483236552061993,1
1001.2903098709112,LHR-HMD00001,head,0.6010351879907582,1.6992243586254043,-1.1983332502495097,0.0,0.31730465640509214,0.0,0.9483236552061993,1
1001.2995701829974,LHR-CTRL0002,hand_right,0.8007479957080985,0.9510103032129058,-1.3510651133732727,0.0,0.31730465640509214,0.0,0.9483236552061993,1
1001.3006515581698,LHR-CTRL0001,hand_left,0.3995999661739067,0.9494343902229022,-1.0490878015568252,0.0,0.31730465640509214,0.0,0.9483236552061993,1
1001.3007260937889,LHR-HMD00001,head,0.5999112050620914,1.700739716933361,-1.2005866304527666,0.0,0.31730465640509214,0.0,0.9483236552061993,1
1001.3008971169894,LHR-TRKR0001,pelvis,0.6009732517614186,1.001216692116374,-1.1996059742415646,0.0,0.31730465640509214,0.0,0.9483236552061993,1
1001.3020573539125,LHR-TRKR0002,foot_left,0.5196040272060526,0.07938574793341704,-1.1406261249479583,0.0,0.31730465640509214,0.0,0.9483236552061993,1
1001.3104861535818,LHR-CTRL0001,hand_left,0.4000725842729553,0.9497485520138101,-1.0498525257069073,0.0,0.31730465640509214,0.0,0.9483236552061993,1
1001.310743879974,LHR-TRKR0001,pelvis,0.599682074836719,0.999792289983416,-1.199285723501534,0.0,0.31730465640509214,0.0,0.9483236552061993,1
1001.3119548437734,LHR-HMD00001,head,0.599062144011682,1.7008019126612557,-1.2007688867493664,0.0,0.31730465640509214,0.0,0.9483236552061993,1
1001.3122006866673,LHR-CTRL0002,hand_right,0.7980489096844601,0.9503430206961959,-1.3507611397533956,0.0,0.31730465640509214,0.0,0.9483236552061993,1
1001.312580270279,LHR-TRKR0002,foot_left,0.5214657595639683,0.07861624525517918,-1.1399030122929281,0.0,0.31730465640509214,0.0,0.9483236552061993,1
1001.3202444762122,LHR-CTRL0002,hand_right,0.8002346739781176,0.9479803555176053,-1.3494559455475563,0.0,0.31730465640509214,0.0,0.9483236552061993,1
1001.3211614189867,LHR-TRKR0001,pelvis,0.5990303413603825,1.0007504643058194,-1.2002020476138684,0.0,0.31730465640509214,0.0,0.9483236552061993,1
1001.3227868620291,LHR-CTRL0001,hand_left,0.40031393061727316,0.9496825546832003,-1.0502642100627653,0.0,0.31730465640509214,0.0,0.9483236552061993,1
1001.3233870862033,LHR-HMD00001,head,0.5992186818845018,1.7008978342991592,-1.2011620690296945,0.0,0.31730465640509214,0.0,0.9483236552061993,1
1001.3238894260109,LHR-TRKR0002,foot_left,0.5191112389666844,0.07858833639581334,-1.1375923401518855,0.0,0.31730465640509214,0.0,0.9483236552061993,1
1001.3323252389897,LHR-TRKR0002,foot_left,0.5197271435316564,0.08012682996767706,-1.1407126482016603,0.0,0.31730465640509214,0.0,0.9483236552061993,1
1001.3325950208507,LHR-CTRL0002,hand_right,0.8013139676036666,0.9490883383546063,-1.3514472265919355,0.0,0.31730465640509214,0.0,0.9483236552061993,1
1001.332875577082,LHR-CTRL0001,hand_left,0.39927094926675755,0.9509430535070282,-1.0490594642233264,0.0,0.31730465640509214,0.0,0.9483236552061993,1
1001.3331272021414,LHR-TRKR0001,pelvis,0.6006966954176359,1.000753050970343,-1.2000555859023347,0.0,0.31730465640509214,0.0,0.9483236552061993,1
1001.334120921555,LHR-HMD00001,head,0.5985807479982522,1.7005450543963498,-1.2019598816246928,0.0,0.31730465640509214,0.0,0.9483236552061993,1
1001.3427673861283,LHR-TRKR0002,foot_left,0.5188917628176378,0.08079580695698124,-1.1404798513145542,0.0,0.31730465640509214,0.0,0.9483236552061993,1
1001.3435142844901,LHR-CTRL0002,hand_right,0.8014115888628969,0.9507518897011367,-1.3502940973309427,0.0,0.31730465640509214,0.0,0.9483236552061993,1
1001.3436701263334,LHR-CTRL0001,hand_left,0.4003043802747989,0.949339594529734,-1.0478272696416695,0.0,0.31730465640509214,0.0,0.9483236552061993,1
1001.3438085538457,LHR-TRKR0001,pelvis,0.6007600948273372,0.9998937508011648,-1.2004137435609803,0.0,0.31730465640509214,0.0,0.9483236552061993,1
1001.345288523125,LHR-HMD00001,head,0.599248274343332,1.6996343538879994,-1.201345306989937,0.0,0.31730465640509214,0.0,0.9483236552061993,1
1001.354463293687,LHR-TRKR0001,pelvis,0.6018138954876244,1.0017885272334688,-1.20077150705013,0.0,0.31730465640509214,0.0,0.9483236552061993,1
1001.3547524234726,LHR-TRKR0002,foot_left,0.5202011857429886,0.08100379453050269,-1.1402964638803568,0.0,0.31730465640509214,0.0,0.9483236552061993,1
1001.3556311491664,LHR-HMD00001,head,0.5988826094785946,1.700665872928435,-1.1997075469338778,0.0,0.31730465640509214,0.0,0.9483236552061993,1
1001.3558338257837,LHR-CTRL0002,hand_right,0.8007178437716241,0.949678598572358,-1.3510467582101964,0.0,0.31730465640509214,0.0,0.9483236552061993,1
1001.3559452392233,LHR-CTRL0001,hand_left,0.39993739520500793,0.9506708834943441,-1.0507471960860564,0.0,0.31730465640509214,0.0,0.9483236552061993,1
1001.3652398928157,LHR-HMD00001,head,0.5990542885316996,1.7005294855660351,-1.1984807215589892,0.0,0.31730465640509214,0.0,0.9483236552061993,1
1001.3659637848699,LHR-CTRL0002,hand_right,0.8012543287347469,0.9496372925830352,-1.3498785303991714,0.0,0.31730465640509214,0.0,0.9483236552061993,1
1001.366157945528,LHR-TRKR0002,foot_left,0.5200514139320737,0.07949693661868162,-1.1395980080177965,0.0,0.31730465640509214,0.0,0.9483236552061993,1
1001.3674723096799,LHR-TRKR0001,pelvis,0.5998596463896189,1.001574683596283,-1.1996357270652565,0.0,0.31730465640509214,0.0,0.9483236552061993,1
1001.3683012176149,LHR-CTRL0001,hand_left,0.40142089552178706,0.9506970527803172,-1.0504239260919546,0.0,0.31730465640509214,0.0,0.9483236552061993,1
1001.3771193074176,LHR-TRKR0001,pelvis,0.5996428546808228,0.9991040168909026,-1.19966611403023,0.0,0.31730465640509214,0.0,0.9483236552061993,1
1001.3776427326777,LHR-HMD00001,head,0.598717582190066,1.700061255794842,-1.1980233486524672,0.0,0.31730465640509214,0.0,0.9483236552061993,1
1001.377908529588,LHR-TRKR0002,foot_left,0.5198397940918337,0.08016166078067873,-1.1413735242070893,0.0,0.31730465640509214,0.0,0.9483236552061993,1
1001.378281141582,LHR-CTRL0002,hand_right,0.7990640636815535,0.9480491380519445,-1.349553476799986,0.0,0.31730465640509214,0.0,0.9483236552061993,1
1001.3786338265976,LHR-CTRL0001,hand_left,0.40042429820783904,0.9489735575508305,-1.049864343353426,0.0,0.31730465640509214,0.0,0.9483236552061993,1
1001.3881193742487,LHR-HMD00001,head,0.6006111598890485,1.7008133851241007,-1.2002001526705002,0.0,0.31730465640509214,0.0,0.9483236552061993,1
1001.3883584807814,LHR-TRKR0002,foot_left,0.5196147891466513,0.07904118579376543,-1.140066171691986,0.0,0.31730465640509214,0.0,0.9483236552061993,1
1001.3884395257045,LHR-CTRL0001,hand_left,0.39905878062018596,0.950190445053993,-1.048531945296858,0.0,0.31730465640509214,0.0,0.9483236552061993,1
1001.3889640555018,LHR-CTRL0002,hand_right,0.8006680286875298,0.9491274679104902,-1.3482065697618706,0.0,0.31730465640509214,0.0,0.9483236552061993,1
1001.3893090480534,LHR-TRKR0001,pelvis,0.6004768854760801,1.00050509500501,-1.20018603700873,0.0,0.31730465640509214,0.0,0.9483236552061993,1
1001.3985772582315,LHR-HMD00001,head,0.5992020362438624,1.7011433716948774,-1.199346275055838,0.0,0.31730465640509214,0.0,0.9483236552061993,1
1001.3986104750192,LHR-CTRL0001,hand_left,0.3996892440149458,0.9496107785498008,-1.0492334815238817,0.0,0.31730465640509214,0.0,0.9483236552061993,1
1001.4002770149121,LHR-TRKR0001,pelvis,0.6001711256374112,0.9998336600677532,-1.2007781920789014,0.0,0.31730465640509214,0.0,0.9483236552061993,1
1001.4003447676077,LHR-TRKR0002,foot_left,0.5187487958003767,0.08044639837861596,-1.1404294934832575,0.0,0.31730465640509214,0.0,0.9483236552061993,1
1001.4006149842041,LHR-CTRL0002,hand_right,0.8014275752158401,0.9493964075356026,-1.3506130363439226,0.0,0.31730465640509214,0.0,0.9483236552061993,1
1001.4086247582193,LHR-CTRL0002,hand_right,0.8002992761967852,0.9504081912482691,-1.3512353204641285,0.0,0.31730465640509214,0.0,0.9483236552061993,1
1001.4096082597931,LHR-CTRL0001,hand_left,0.39855971913522165,0.9501237474164551,-1.0500204442913796,0.0,0.31730465640509214,0.0,0.9483236552061993,1
1001.4108405475655,LHR-TRKR0001,pelvis,0.599882733743323,0.999953576765462,-1.1994768926418693,0.0,0.31730465640509214,0.0,0.9483236552061993,1
1001.4113695639021,LHR-HMD00001,head,0.5999484768147648,1.6995346642751765,-1.201747725228419,0.0,0.31730465640509214,0.0,0.9483236552061993,1
1001.4124990781229,LHR-TRKR0002,foot_left,0.5229704907226493,0.0800065578028455,-1.1398477885174811,0.0,0.31730465640509214,0.0,0.9483236552061993,1
1001.4204602468709,LHR-TRKR0002,foot_left,0.5210757490317801,0.08036088846775416,-1.1396366333897332,0.0,0.31730465640509214,0.0,0.9483236552061993,1
1001.4216536727681,LHR-HMD00001,head,0.600155906229119,1.6993082872354361,-1.200131854268381,0.0,0.31730465640509214,0.0,0.9483236552061993,1
1001.4219577140998,LHR-TRKR0001,pelvis,0.5988481065503383,0.9984351326875535,-1.2003671089995467,0.0,0.31730465640509214,0.0,0.9483236552061993,1
1001.42222943938,LHR-CTRL0002,hand_right,0.7998769437665068,0.9503078987876413,-1.352849943585362,0.0,0.31730465640509214,0.0,0.9483236552061993,1
1001.4225025116986,LHR-CTRL0001,hand_left,0.4003694916408762,0.9472669023836261,-1.050622621550196,0.0,0.31730465640509214,0.0,0.9483236552061993,1
1001.4318626972149,LHR-TRKR0001,pelvis,0.599796404153208,0.9998329512083749,-1.1980466872492728,0.0,0.31730465640509214,0.0,0.9483236552061993,1
1001.4323035288953,LHR-HMD00001,head,0.6006709753842534,1.7008200027057037,-1.199280999030954,0.0,0.31730465640509214,0.0,0.9483236552061993,1
1001.4324450898359,LHR-CTRL0002,hand_right,0.7996742812840895,0.9501821008190177,-1.351394836768168,0.0,0.31730465640509214,0.0,0.9483236552061993,1
1001.4334971178752,LHR-CTRL0001,hand_left,0.4000058506169247,0.9507572305913717,-1.050874980323624,0.0,0.31730465640509214,0.0,0.9483236552061993,1
1001.433504954955,LHR-TRKR0002,foot_left,0.5199546063756009,0.08170281934569894,-1.1406842047445933,0.0,0.31730465640509214,0.0,0.9483236552061993,1
1001.4425144305836,LHR-CTRL0001,hand_left,0.39899669897957135,0.9496754235994926,-1.0500711962075813,0.0,0.31730465640509214,0.0,0.9483236552061993,1
1001.4434014433643,LHR-HMD00001,head,0.6022550643322052,1.70116511852918,-1.2007460781757726,0.0,0.31730465640509214,0.0,0.9483236552061993,1
1001.4438446708704,LHR-TRKR0001,pelvis,0.6011967054697146,0.9991817795411333,-1.2003506412779283,0.0,0.31730465640509214,0.0,0.9483236552061993,1
1001.4444104385736,LHR-CTRL0002,hand_right,0.7994163622154324,0.950798869753143,-1.3512197093820548,0.0,0.31730465640509214,0.0,0.9483236552061993,1
1001.4456979542971,LHR-TRKR0002,foot_left,0.5189633644329844,0.08013730779929833,-1.139256862029293,0.0,0.31730465640509214,0.0,0.9483236552061993,1
1001.4546869741147,LHR-CTRL0002,hand_right,0.7978647685596428,0.9484422817154072,-1.3506214936641832,0.0,0.31730465640509214,0.0,0.9483236552061993,1
1001.4551318201625,LHR-TRKR0001,pelvis,0.5994971960413347,1.0022944729481689,-1.2005184069151211,0.0,0.31730465640509214,0.0,0.9483236552061993,1
1001.4553966403902,LHR-CTRL0001,hand_left,0.40057212610208925,0.9492200213252835,-1.0494953767522572,0.0,0.31730465640509214,0.0,0.9483236552061993,1
1001.4558239726352,LHR-HMD00001,head,0.5991816980764526,1.7023281507245889,-1.2006633261582929,0.0,0.31730465640509214,0.0,0.9483236552061993,1
1001.4560116413346,LHR-TRKR0002,foot_left,0.5194218396223919,0.08007513099721256,-1.140421628018476,0.0,0.31730465640509214,0.0,0.9483236552061993,1
1001.4664472400168,LHR-TRKR0002,foot_left,0.518685263660581,0.08021455420249768,-1.1390947016985675,0.0,0.31730465640509214,0.0,0.9483236552061993,1
1001.4670253386158,LHR-HMD00001,head,0.5999558646574669,1.7017448590877564,-1.1982846841255044,0.0,0.31730465640509214,0.0,0.9483236552061993,1
1001.4674671954821,LHR-CTRL0002,hand_right,0.8009721871866863,0.9515433485749137,-1.3519624531826644,0.0,0.31730465640509214,0.0,0.9483236552061993,1
1001.4675493255658,LHR-TRKR0001,pelvis,0.6004728987277436,1.000085089553344,-1.201245399132956,0.0,0.31730465640509214,0.0,0.9483236552061993,1
1001.4677436576509,LHR-CTRL0001,hand_left,0.3993019434366275,0.9500395236297282,-1.0486605749303601,0.0,0.31730465640509214,0.0,0.9483236552061993,1
1001.4770797224016,LHR-CTRL0002,hand_right,0.7989654004941963,0.9498275404772253,-1.3499039672276587,0.0,0.31730465640509214,0.0,0.9483236552061993,1
1001.4777521893542,LHR-CTRL0001,hand_left,0.3997368395765664,0.9494890770627856,-1.0481601675105763,0.0,0.31730465640509214,0.0,0.9483236552061993,1
1001.4785104634623,LHR-TRKR0001,pelvis,0.6007496867488296,1.0005914261299553,-1.1995683926656735,0.0,0.31730465640509214,0.0,0.9483236552061993,1
1001.4788602141231,LHR-TRKR0002,foot_left,0.520481629836457,0.07879159279211734,-1.1398027590616537,0.0,0.31730465640509214,0.0,0.9483236552061993,1
1001.4791002352475,LHR-HMD00001,head,0.5999453679708373,1.7002419430815388,-1.2016351093020807,0.0,0.31730465640509214,0.0,0.9483236552061993,1
1001.4888565270469,LHR-CTRL0001,hand_left,0.39947192105537166,0.9489118821469317,-1.0511791856136832,0.0,0.31730465640509214,0.0,0.9483236552061993,1
1001.4888749742204,LHR-HMD00001,head,0.599091651299478,1.6996347408698902,-1.2000056601694886,0.0,0.31730465640509214,0.0,0.9483236552061993,1
1001.4892538871107,LHR-TRKR0002,foot_left,0.52013493691342,0.07964636873812134,-1.1408951216805232,0.0,0.31730465640509214,0.0,0.9483236552061993,1
1001.4896627569291,LHR-TRKR0001,pelvis,0.6003918899769529,0.9980943861305708,-1.1990328830998238,0.0,0.31730465640509214,0.0,0.9483236552061993,1
1001.4898350375843,LHR-CTRL0002,hand_right,0.7990986376527183,0.9504200387822814,-1.3516156119466325,0.0,0.31730465640509214,0.0,0.9483236552061993,1
1001.4988398078821,LHR-CTRL0001,hand_left,0.39947162475263753,0.9498592256962394,-1.0500334440268941,0.0,0.31730465640509214,0.0,0.9483236552061993,1
1001.4994382747292,LHR-TRKR0001,pelvis,0.5990385202908843,1.0017117496928973,-1.2005067651235315,0.0,0.31730465640509214,0.0,0.9483236552061993,1
1001.4997416013309,LHR-TRKR0002,foot_left,0.5209557904864258,0.07936946629602273,-1.1390754355167956,0.0,0.31730465640509214,0.0,0.9483236552061993,1
1001.5003031735538,LHR-CTRL0002,hand_right,0.7982419540408583,0.9490439076876823,-1.3502537302284088,0.0,0.31730465640509214,0.0,0.9483236552061993,1
1001.5010418397592,LHR-HMD00001,head,0.5996766795239429,1.7001522939815756,-1.1978072984861046,0.0,0.31730465640509214,0.0,0.9483236552061993,1
1001.5108925085104,LHR-CTRL0002,hand_right,0.7998482708621616,0.949344701338284,-1.3512573331795144,0.0,0.31730465640509214,0.0,0.9483236552061993,1
1001.5108990816849,LHR-TRKR0001,pelvis,0.5996946229633676,0.9998853085810896,-1.2006750243552533,0.0,0.31730465640509214,0.0,0.9483236552061993,1
1001.5111853152923,LHR-TRKR0002,foot_left,0.5183662027010262,0.08064300655857645,-1.1388573674014737,0.0,0.31730465640509214,0.0,0.9483236552061993,1
1001.5118007351446,LHR-CTRL0001,hand_left,0.4024911461885654,0.9491555463043755,-1.050516663686773,0.0,0.31730465640509214,0.0,0.9483236552061993,1
1001.5125133759378,LHR-HMD00001,head,0.6004643408608991,1.7003087071877547,-1.1999981736441085,0.0,0.31730465640509214,0.0,0.9483236552061993,1
1001.5215155136599,LHR-CTRL0001,hand_left,0.4001929552647772,0.9511383840078211,-1.050022493992426,0.0,0.31730465640509214,0.0,0.9483236552061993,1
1001.5220834696307,LHR-TRKR0002,foot_left,0.5197845777310938,0.0801663124731288,-1.1408940376746233,0.0,0.31730465640509214,0.0,0.9483236552061993,1
1001.5223242898675,LHR-TRKR0001,pelvis,0.5987939292623489,1.000361330897914,-1.2011833196098889,0.0,0.31730465640509214,0.0,0.9483236552061993,1
1001.522346815597,LHR-CTRL0002,hand_right,0.8002334430516105,0.9493488851598467,-1.3512108340605047,0.0,0.31730465640509214,0.0,0.9483236552061993,1
1001.5233723878584,LHR-HMD00001,head,0.5998280923950002,1.7012329446002097,-1.2009912614307154,0.0,0.31730465640509214,0.0,0.9483236552061993,1
1001.5309680294271,LHR-HMD00001,head,0.5998744204749339,1.6989042227689155,-1.1999128702980766,0.0,0.31730465640509214,0.0,0.9483236552061993,1
1001.5325151572731,LHR-CTRL0002,hand_right,0.8005822988360217,0.9495507369203796,-1.3522103046156375,0.0,0.31730465640509214,0.0,0.9483236552061993,1
1001.5327630183149,LHR-CTRL0001,hand_left,0.4004757066430299,0.9501632505455345,-1.0500030385090102,0.0,0.31730465640509214,0.0,0.9483236552061993,1
1001.5337711888227,LHR-TRKR0002,foot_left,0.5207196395666979,0.08028112250186939,-1.139056089969911,0.0,0.31730465640509214,0.0,0.9483236552061993,1
1001.5344317461534,LHR-TRKR0001,pelvis,0.6008417770169872,0.9990508229277508,-1.1993444095693024,0.0,0.31730465640509214,0.0,0.9483236552061993,1
1001.5430333456856,LHR-CTRL0002,hand_right,0.800124618550555,0.9513610129959084,-1.3506365851521054,0.0,0.31730465640509214,0.0,0.9483236552061993,1
1001.5439885735125,LHR-TRKR0001,pelvis,0.6000911441755079,1.0013770367644703,-1.1987528260074842,0.0,0.31730465640509214,0.0,0.9483236552061993,1
1001.545284461387,LHR-TRKR0002,foot_left,0.5214921119204522,0.0790490796892422,-1.139106973873137,0.0,0.31730465640509214,0.0,0.9483236552061993,1
1001.5455906111724,LHR-CTRL0001,hand_left,0.4002662620160311,0.9487965815332643,-1.0521033767812586,0.0,0.31730465640509214,0.0,0.9483236552061993,1
1001.5456731281637,LHR-HMD00001,head,0.6001190503222336,1.700920506508113,-1.1988023383791835,0.0,0.31730465640509214,0.0,0.9483236552061993,1
1001.5541610283516,LHR-CTRL0002,hand_right,0.8002006759582827,0.9502671340165504,-1.348721778936488,0.0,0.31730465640509214,0.0,0.9483236552061993,1
1001.5545423272744,LHR-CTRL0001,hand_left,0.399871063595782,0.950851850161086,-1.049627214873539,0.0,0.31730465640509214,0.0,0.9483236552061993,1
1001.5548617344136,LHR-TRKR0002,foot_left,0.5190470972113924,0.07807509397269938,-1.1408272396973047,0.0,0.31730465640509214,0.0,0.9483236552061993,1
1001.5558951755638,LHR-HMD00001,head,0.6006630643333002,1.7016222592870902,-1.1984114967320272,0.0,0.31730465640509214,0.0,0.9483236552061993,1
1001.5563106147031,LHR-TRKR0001,pelvis,0.6012589682818095,0.9985809321435415,-1.1990883148200275,0.0,0.31730465640509214,0.0,0.9483236552061993,1
1001.5664641411104,LHR-CTRL0001,hand_left,0.39927015881669314,0.9496926976492279,-1.04828785443977,0.0,0.31730465640509214,0.0,0.9483236552061993,1
1001.5670904380196,LHR-HMD00001,head,0.6003153586880551,1.7003733468626252,-1.2019362816917019,0.0,0.31730465640509214,0.0,0.9483236552061993,1
1001.5675731089711,LHR-CTRL0002,hand_right,0.7978590140775833,0.949529299111202,-1.3497205225302855,0.0,0.31730465640509214,0.0,0.9483236552061993,1
1001.567757783592,LHR-TRKR0002,foot_left,0.5188161272195919,0.08041963600158605,-1.13789789765361,0.0,0.31730465640509214,0.0,0.9483236552061993,1
1001.5687904103416,LHR-TRKR0001,pelvis,0.6004439594712282,1.0019865413331346,-1.2000100343340474,0.0,0.31730465640509214,0.0,0.9483236552061993,1
1001.5760512071296,LHR-TRKR0001,pelvis,0.6005462051551526,0.9996337866301422,-1.2000447079926087,0.0,0.31730465640509214,0.0,0.9483236552061993,1
1001.5762691307921,LHR-TRKR0002,foot_left,0.5202276464522897,0.08098750235000741,-1.1389718923172054,0.0,0.31730465640509214,0.0,0.9483236552061993,1
1001.5769057713761,LHR-CTRL0002,hand_right,0.7999011958649708,0.9508792524532771,-1.350507941487489,0.0,0.31730465640509214,0.0,0.9483236552061993,1
1001.5777676739552,LHR-CTRL0001,hand_left,0.3993298853609664,0.9500371057952681,-1.0494773907515067,0.0,0.31730465640509214,0.0,0.9483236552061993,1
1001.5781490051955,LHR-HMD00001,head,0.6003202432047275,1.699994908446122,-1.2016884952118834,0.0,0.31730465640509214,0.0,0.9483236552061993,1
1001.5876549984143,LHR-TRKR0002,foot_left,0.520601468183396,0.08068524649685617,-1.1380701979068204,0.0,0.31730465640509214,0.0,0.9483236552061993,1
1001.5891184631945,LHR-CTRL0002,hand_right,0.8001091914691548,0.9504236408455414,-1.3497060800098601,0.0,0.31730465640509214,0.0,0.9483236552061993,1
1001.5892716460492,LHR-HMD00001,head,0.5995686139681582,1.700957423966772,-1.2012387743263169,0.0,0.31730465640509214,0.0,0.9483236552061993,1
1001.5892740761306,LHR-CTRL0001,hand_left,0.40121405941863647,0.9493355187270998,-1.0483964030134223,0.0,0.31730465640509214,0.0,0.9483236552061993,1
1001.5894835688828,LHR-TRKR0001,pelvis,0.600282303841679,1.0007922592186285,-1.2012288348674427,0.0,0.31730465640509214,0.0,0.9483236552061993,1
1001.5994941897776,LHR-CTRL0002,hand_right,0.8002602296737789,0.950285690089011,-1.3498932455714325,0.0,0.31730465640509214,0.0,0.9483236552061993,1
1001.6003194142203,LHR-HMD00001,head,0.6012929511646847,1.700474799318738,-1.2002283880902436,0.0,0.31730465640509214,0.0,0.9483236552061993,1
1001.6007784376385,LHR-TRKR0001,pelvis,0.6010431417328905,0.9985578278959741,-1.1987172523372103,0.0,0.31730465640509214,0.0,0.9483236552061993,1
1001.6013533845465,LHR-TRKR0002,foot_left,0.5188556616248452,0.08004702189885476,-1.140683843350706,0.0,0.31730465640509214,0.0,0.9483236552061993,1
1001.601537844411,LHR-CTRL0001,hand_left,0.39986293298605946,0.9506932473930106,-1.0485084295629639,0.0,0.31730465640509214,0.0,0.9483236552061993,1
1001.6102464217889,LHR-TRKR0001,pelvis,0.6003400516777015,1.0014136458483598,-1.2027528642027894,0.0,0.31730465640509214,0.0,0.9483236552061993,1
1001.6107521978025,LHR-HMD00001,head,0.5998576727128213,1.7008299271042495,-1.2014313942795105,0.0,0.31730465640509214,0.0,0.9483236552061993,1
1001.6110927709608,LHR-CTRL0001,hand_left,0.4020432599343793,0.9517546299648499,-1.0505292863892508,0.0,0.31730465640509214,0.0,0.9483236552061993,1
1001.6111890836576,LHR-TRKR0002,foot_left,0.5191288814885957,0.08074423100861958,-1.1408329533773005,0.0,0.31730465640509214,0.0,0.9483236552061993,1
1001.6113482981106,LHR-CTRL0002,hand_right,0.8007260538494223,0.9496984073760415,-1.3513094165073494,0.0,0.31730465640509214,0.0,0.9483236552061993,1
1001.6203205869239,LHR-HMD00001,head,0.602040761939897,1.6991865804704656,-1.200765283241947,0.0,0.31730465640509214,0.0,0.9483236552061993,1
1001.6221535323731,LHR-TRKR0001,pelvis,0.6016047385502863,0.9998703549080037,-1.1995094708586862,0.0,0.31730465640509214,0.0,0.9483236552061993,1
1001.6226887997315,LHR-CTRL0002,hand_right,0.8009072432518349,0.9491481370442955,-1.3499400176373644,0.0,0.31730465640509214,0.0,0.9483236552061993,1
1001.6227443457203,LHR-CTRL0001,hand_left,0.40177741511198833,0.9484738835378677,-1.050078336238288,0.0,0.31730465640509214,0.0,0.9483236552061993,1
1001.6228788620705,LHR-TRKR0002,foot_left,0.5209371869795716,0.08004874938066998,-1.1391478574229714,0.0,0.31730465640509214,0.0,0.9483236552061993,1
1001.6324377656642,LHR-TRKR0001,pelvis,0.5999014736829156,1.0006288727144643,-1.2003950147225195,0.0,0.31730465640509214,0.0,0.9483236552061993,1
1001.6332244186054,LHR-HMD00001,head,0.6012207681971893,1.7007900523350117,-1.1986746083043502,0.0,0.31730465640509214,0.0,0.9483236552061993,1
1001.6332410276206,LHR-CTRL0001,hand_left,0.4006059440435012,0.9486766878546786,-1.0494846570702192,0.0,0.31730465640509214,0.0,0.9483236552061993,1
1001.6333995298183,LHR-TRKR0002,foot_left,0.5214468934299219,0.0814577506419309,-1.1393450210048386,0.0,0.31730465640509214,0.0,0.9483236552061993,1
1001.6336321452778,LHR-CTRL0002,hand_right,0.8018937452128578,0.9504930571760938,-1.3498803378998534,0.0,0.31730465640509214,0.0,0.9483236552061993,1
1001.6427703779125,LHR-CTRL0001,hand_left,0.40083250086505723,0.9508686595555395,-1.0497204754362779,0.0,0.31730465640509214,0.0,0.9483236552061993,1
1001.6436407125959,LHR-HMD00001,head,0.6010459810738644,1.700376395928798,-1.201276384146623,0.0,0.31730465640509214,0.0,0.9483236552061993,1
1001.6442509602041,LHR-TRKR0002,foot_left,0.520835311140758,0.08095021492845647,-1.1393032331983597,0.0,0.31730465640509214,0.0,0.9483236552061993,1
1001.6446264377898,LHR-TRKR0001,pelvis,0.5989634292109763,1.0003959951646502,-1.2008099921240118,0.0,0.31730465640509214,0.0,0.9483236552061993,1
1001.6458345253367,LHR-CTRL0002,hand_right,0.801937895097846,0.9495243865579014,-1.3502314698839941,0.0,0.31730465640509214,0.0,0.9483236552061993,1
1001.6540022460108,LHR-TRKR0002,foot_left,0.5190098682175908,0.07994279661622257,-1.1379564325953988,0.0,0.31730465640509214,0.0,0.9483236552061993,1
1001.6542417478576,LHR-CTRL0002,hand_right,0.8007290768548023,0.9507379947328422,-1.3501392675805142,0.0,0.31730465640509214,0.0,0.9483236552061993,1
1001.6554597655605,LHR-TRKR0001,pelvis,0.5990937639277929,0.9990304862644941,-1.1985605846637666,0.0,0.31730465640509214,0.0,0.9483236552061993,1
1001.6566357189681,LHR-HMD00001,head,0.5995271600899613,1.7001984393646217,-1.2000171825704602,0.0,0.31730465640509214,0.0,0.9483236552061993,1
1001.6566678939356,LHR-CTRL0001,hand_left,0.40158571848556257,0.9500486703739198,-1.0487084464896215,0.0,0.31730465640509214,0.0,0.9483236552061993,1
1001.6650989471378,LHR-CTRL0002,hand_right,0.7974823574933804,0.9495665029265413,-1.3500226421529342,0.0,0.31730465640509214,0.0,0.9483236552061993,1
1001.6662087351091,LHR-TRKR0001,pelvis,0.5993395354579051,1.001600331302476,-1.2004002147321597,0.0,0.31730465640509214,0.0,0.9483236552061993,1
1001.6663779001607,LHR-HMD00001,head,0.5979472171793173,1.701044405359355,-1.1982688575380285,0.0,0.31730465640509214,0.0,0.9483236552061993,1
1001.6673990950572,LHR-CTRL0001,hand_left,0.4013520067076611,0.9518502202496434,-1.0496477047160135,0.0,0.31730465640509214,0.0,0.9483236552061993,1
1001.6674260140271,LHR-TRKR0002,foot_left,0.5190695640408737,0.0798959663206003,-1.1401758382907483,0.0,0.31730465640509214,0.0,0.9483236552061993,1
1001.6778612531339,LHR-HMD00001,head,0.6014640951986919,1.698982140373523,-1.1995640332202615,0.0,0.31730465640509214,0.0,0.9483236552061993,1
1001.6779963665398,LHR-TRKR0001,pelvis,0.5991405137186583,0.9994503287415264,-1.2010477367472827,0.0,0.31730465640509214,0.0,0.9483236552061993,1
1001.6782486264111,LHR-TRKR0002,foot_left,0.5192469236472356,0.07973687646508162,-1.1402928137782655,0.0,0.31730465640509214,0.0,0.9483236552061993,1
1001.6789733916127,LHR-CTRL0002,hand_right,0.7999641238428606,0.9496322958688259,-1.3500481345076776,0.0,0.31730465640509214,0.0,0.9483236552061993,1
1001.6789791285371,LHR-CTRL0001,hand_left,0.40090556743043687,0.9499048561943324,-1.0497252474217629,0.0,0.31730465640509214,0.0,0.9483236552061993,1
1001.6875639438787,LHR-TRKR0002,foot_left,0.5189226723710485,0.08028396293504597,-1.1395577188834514,0.0,0.31730465640509214,0.0,0.9483236552061993,1
1001.6878368257738,LHR-CTRL0001,hand_left,0.399502524086043,0.950998508470575,-1.0504931073839674,0.0,0.31730465640509214,0.0,0.9483236552061993,1
1001.6879249024395,LHR-CTRL0002,hand_right,0.7991504768290378,0.9520956733930298,-1.350151438764725,0.0,0.31730465640509214,0.0,0.9483236552061993,1
1001.6880392829332,LHR-HMD00001,head,0.5978735019154151,1.701690018141983,-1.2019398769097787,0.0,0.31730465640509214,0.0,0.9483236552061993,1
1001.6898395381276,LHR-TRKR0001,pelvis,0.5990041396717469,0.9996298917245036,-1.2026281720919605,0.0,0.31730465640509214,0.0,0.9483236552061993,1
1001.699242173346,LHR-TRKR0002,foot_left,0.5214166599873447,0.0804857962562474,-1.1405143152324921,0.0,0.31730465640509214,0.0,0.9483236552061993,1
1001.6994875925967,LHR-CTRL0002,hand_right,0.7991091293283932,0.9492069004498102,-1.3499855873053235,0.0,0.31730465640509214,0.0,0.9483236552061993,1
1001.6994893775321,LHR-HMD00001,head,0.6004105087632472,1.7011625796886232,-1.1987086782690692,0.0,0.31730465640509214,0.0,0.9483236552061993,1
1001.7001419217034,LHR-CTRL0001,hand_left,0.3991244184027936,0.9498365828435473,-1.0500954644280671,0.0,0.31730465640509214,0.0,0.9483236552061993,1
1001.7003643492793,LHR-TRKR0001,pelvis,0.6014282825689142,0.9994480418945395,-1.1988962351529888,0.0,0.31730465640509214,0.0,0.9483236552061993,1
1001.7103626528155,LHR-TRKR0002,foot_left,0.5199493041751125,0.07759458008582938,-1.1409212144411862,0.0,0.31730465640509214,0.0,0.9483236552061993,1
1001.7110995780495,LHR-HMD00001,head,0.6003439705147129,1.6985743499508932,-1.2001011757930442,0.0,0.31730465640509214,0.0,0.9483236552061993,1
1001.7114380108859,LHR-TRKR0001,pelvis,0.5984550015340121,0.9995558386789997,-1.2014120801872579,0.0,0.31730465640509214,0.0,0.9483236552061993,1
1001.7130123876907,LHR-CTRL0001,hand_left,0.4026266374512094,0.950260750562472,-1.0473408565447773,0.0,0.31730465640509214,0.0,0.9483236552061993,1
1001.7135561613774,LHR-CTRL0002,hand_right,0.8003100697920843,0.9504432949249102,-1.349583484929079,0.0,0.31730465640509214,0.0,0.9483236552061993,1
1001.7207368470379,LHR-HMD00001,head,0.599731681525815,1.7003683591590468,-1.1990122540159842,0.0,0.31730465640509214,0.0,0.9483236552061993,1
1001.7220696959748,LHR-TRKR0002,foot_left,0.5195362706379547,0.07988746742561495,-1.141606265370096,0.0,0.31730465640509214,0.0,0.9483236552061993,1
1001.7231297222276,LHR-CTRL0002,hand_right,0.7970992922727054,0.9501711053280241,-1.3492935612218133,0.0,0.31730465640509214,0.0,0.9483236552061993,1
1001.7232181558934,LHR-TRKR0001,pelvis,0.6000391291574493,1.000068547100941,-1.1984382223397367,0.0,0.31730465640509214,0.0,0.9483236552061993,1
1001.7244269243487,LHR-CTRL0001,hand_left,0.3989317632787675,0.9492839011357704,-1.048190673180207,0.0,0.31730465640509214,0.0,0.9483236552061993,1
1001.7305723115442,LHR-CTRL0002,hand_right,0.8009005965637954,0.9502465263320778,-1.3510988832421877,0.0,0.31730465640509214,0.0,0.9483236552061993,1
1001.7319247668753,LHR-TRKR0001,pelvis,0.6003514368214803,1.0011263544042663,-1.1997925490836894,0.0,0.31730465640509214,0.0,0.9483236552061993,1
1001.7326548123526,LHR-TRKR0002,foot_left,0.5213426051109739,0.08146665934820799,-1.1374781802958083,0.0,0.31730465640509214,0.0,0.9483236552061993,1
1001.7334087053698,LHR-CTRL0001,hand_left,0.3997086494755006,0.9493236511824508,-1.0490152677069497,0.0,0.31730465640509214,0.0,0.9483236552061993,1
1001.7336340184477,LHR-HMD00001,head,0.6006620408823082,1.7021216165576696,-1.1993389491448778,0.0,0.31730465640509214,0.0,0.9483236552061993,1
1001.7438776531449,LHR-TRKR0002,foot_left,0.5206838421193204,0.08032264072547661,-1.1388642256009494,0.0,0.31730465640509214,0.0,0.9483236552061993,1
1001.744338372191,LHR-HMD00001,head,0.5996111824916941,1.70162997955216,-1.2003145280649445,0.0,0.31730465640509214,0.0,0.9483236552061993,1
1001.7447405329341,LHR-CTRL0001,hand_left,0.399640109769011,0.9492964832973134,-1.0487727874293822,0.0,0.31730465640509214,0.0,0.9483236552061993,1
1001.7447562149148,LHR-TRKR0001,pelvis,0.6020730312454771,0.9991095814262769,-1.1981617472273047,0.0,0.31730465640509214,0.0,0.9483236552061993,1
1001.7452223092357,LHR-CTRL0002,hand_right,0.7990569217297839,0.9514314857927162,-1.3508057265862892,0.0,0.31730465640509214,0.0,0.9483236552061993,1
1001.7527481954496,LHR-TRKR0002,foot_left,0.5212293996932142,0.07866873752093344,-1.1407507497859457,0.0,0.31730465640509214,0.0,0.9483236552061993,1
1001.7543698357506,LHR-HMD00001,head,0.6002818635109544,1.7001807779263636,-1.2022932313583101,0.0,0.31730465640509214,0.0,0.9483236552061993,1
1001.7545955698563,LHR-CTRL0001,hand_left,0.40005711317060777,0.9501385257637717,-1.0483995901842105,0.0,0.31730465640509214,0.0,0.9483236552061993,1
1001.7548244990701,LHR-TRKR0001,pelvis,0.5999651660861218,1.0007234967407583,-1.2000189518935163,0.0,0.31730465640509214,0.0,0.9483236552061993,1
1001.7558484207415,LHR-CTRL0002,hand_right,0.7992484210487888,0.947382977368482,-1.3517725130612455,0.0,0.31730465640509214,0.0,0.9483236552061993,1
1001.7642684338012,LHR-HMD00001,head,0.6002768199534243,1.7002894399535005,-1.2002097050549723,0.0,0.31730465640509214,0.0,0.9483236552061993,1
1001.764562903335,LHR-CTRL0002,hand_right,0.7990686028911289,0.9496715218447431,-1.3502683534527535,0.0,0.31730465640509214,0.0,0.9483236552061993,1
1001.7664106435997,LHR-TRKR0001,pelvis,0.6012111591697245,0.9994645654376394,-1.1998996700794127,0.0,0.31730465640509214,0.0,0.9483236552061993,1
1001.7664607767663,LHR-CTRL0001,hand_left,0.4015869200615862,0.9508584806848318,-1.0475513663379121,0.0,0.31730465640509214,0.0,0.9483236552061993,1
1001.767065888808,LHR-TRKR0002,foot_left,0.5190795115331348,0.07985272379073505,-1.1386703789565142,0.0,0.31730465640509214,0.0,0.9483236552061993,1
1001.7770123195162,LHR-CTRL0001,hand_left,0.3999777259484644,0.9490780694039086,-1.047726955815411,0.0,0.31730465640509214,0.0,0.9483236552061993,1
1001.778044815104,LHR-TRKR0001,pelvis,0.6018806673979532,1.0007476133325726,-1.1996170983242989,0.0,0.31730465640509214,0.0,0.9483236552061993,1
1001.7782908299117,LHR-HMD00001,head,0.5998587130247408,1.6987155965064782,-1.1999175366911619,0.0,0.31730465640509214,0.0,0.9483236552061993,1
1001.7788071864722,LHR-CTRL0002,hand_right,0.799988768871428,0.9507743865865295,-1.3501510812718813,0.0,0.31730465640509214,0.0,0.9483236552061993,1
1001.7791794121102,LHR-TRKR0002,foot_left,0.520439767394533,0.08175673021240257,-1.14045126554597,0.0,0.31730465640509214,0.0,0.9483236552061993,1
1001.787094667658,LHR-TRKR0002,foot_left,0.5190855953553719,0.07959297052766315,-1.1399157138947846,0.0,0.31730465640509214,0.0,0.9483236552061993,1
1001.78859130485,LHR-HMD00001,head,0.6015029254864018,1.699822730431989,-1.2005221257514855,0.0,0.31730465640509214,0.0,0.9483236552061993,1
1001.7899346542287,LHR-CTRL0001,hand_left,0.40072108930075623,0.9497360525216024,-1.0516769936549848,0.0,0.31730465640509214,0.0,0.9483236552061993,1
1001.7899474371974,LHR-CTRL0002,hand_right,0.7995899291561874,0.9499646350494227,-1.34926297028536,0.0,0.31730465640509214,0.0,0.9483236552061993,1
1001.7901867390948,LHR-TRKR0001,pelvis,0.6000385494090722,0.9988717413061102,-1.1991109377814868,0.0,0.31730465640509214,0.0,0.9483236552061993,1
1001.7969242414661,LHR-TRKR0001,pelvis,0.6009804750953248,1.001043595522179,-1.1999493173672084,0.0,0.31730465640509214,0.0,0.9483236552061993,1
1001.7989831888244,LHR-CTRL0002,hand_right,0.8002130431283514,0.9483078310979549,-1.3505341903511516,0.0,0.31730465640509214,0.0,0.9483236552061993,1
1001.7994699915868,LHR-HMD00001,head,0.5993922711051899,1.7020170879081873,-1.201355243488877,0.0,0.31730465640509214,0.0,0.9483236552061993,1
1001.7995966818842,LHR-CTRL0001,hand_left,0.4014033348177453,0.9508500254322497,-1.0502683652190854,0.0,0.31730465640509214,0.0,0.9483236552061993,1
1001.8021038708757,LHR-TRKR0002,foot_left,0.5183160388268054,0.07996502666762169,-1.1392899270856016,0.0,0.31730465640509214,0.0,0.9483236552061993,1
1001.8108749564813,LHR-HMD00001,head,0.6008449497673368,1.7001114118051466,-1.198079103576543,0.0,0.31730465640509214,0.0,0.9483236552061993,1
1001.8110197506144,LHR-CTRL0001,hand_left,0.40073920494529774,0.9509285291673563,-1.0508801603692057,0.0,0.31730465640509214,0.0,0.9483236552061993,1
1001.8113852533359,LHR-TRKR0002,foot_left,0.5213864323801836,0.07962566667423117,-1.1397105375226828,0.0,0.31730465640509214,0.0,0.9483236552061993,1
1001.8114753620728,LHR-CTRL0002,hand_right,0.8000421826284229,0.9505514579496936,-1.3520371514046283,0.0,0.31730465640509214,0.0,0.9483236552061993,1
1001.8117062773138,LHR-TRKR0001,pelvis,0.6009213886469545,1.0000130764005823,-1.2004969173557067,0.0,0.31730465640509214,0.0,0.9483236552061993,1
1001.821049510639,LHR-TRKR0001,pelvis,0.6006595570881834,1.0001074070993152,-1.1997970389761972,0.0,0.31730465640509214,0.0,0.9483236552061993,1
1001.8227842868495,LHR-TRKR0002,foot_left,0.5192022474421663,0.0794267492706522,-1.1402311529615758,0.0,0.31730465640509214,0.0,0.9483236552061993,1
1001.8228878591366,LHR-CTRL0002,hand_right,0.7994817355623932,0.9505322388967299,-1.351157931210343,0.0,0.31730465640509214,0.0,0.9483236552061993,1
1001.8230166584331,LHR-CTRL0001,hand_left,0.4010949581418811,0.950223816854006,-1.0504516386218912,0.0,0.31730465640509214,0.0,0.9483236552061993,1
1001.8240386981631,LHR-HMD00001,head,0.601311265420884,1.6999116819740379,-1.201541468637576,0.0,0.31730465640509214,0.0,0.9483236552061993,1
1001.8318971146799,LHR-TRKR0002,foot_left,0.5186084588193025,0.07870776597124537,-1.1386584785247058,0.0,0.31730465640509214,0.0,0.9483236552061993,1
1001.8323833413195,LHR-CTRL0002,hand_right,0.7992226770216501,0.9494569939973903,-1.349654012216365,0.0,0.31730465640509214,0.0,0.9483236552061993,1
1001.8332013330916,LHR-CTRL0001,hand_left,0.39994179428798593,0.9495890588829918,-1.0502396439855508,0.0,0.31730465640509214,0.0,0.9483236552061993,1
1001.8332835323644,LHR-HMD00001,head,0.6014296398432719,1.7014580436676443,-1.2011049019945184,0.0,0.31730465640509214,0.0,0.9483236552061993,1
1001.8334860966314,LHR-TRKR0001,pelvis,0.6014762737610089,1.0002987299480612,-1.1988128573177772,0.0,0.31730465640509214,0.0,0.9483236552061993,1
1001.8435902696122,LHR-TRKR0002,foot_left,0.5221050990548647,0.08029276039673458,-1.1395864177256996,0.0,0.31730465640509214,0.0,0.9483236552061993,1
1001.8440726270691,LHR-CTRL0002,hand_right,0.7986443181426882,0.9490885121694863,-1.3516753482658208,0.0,0.31730465640509214,0.0,0.9483236552061993,1
1001.8445310637074,LHR-HMD00001,head,0.6007452334972051,1.6991992334511405,-1.2007761903063645,0.0,0.31730465640509214,0.0,0.9483236552061993,1
1001.8453976202235,LHR-TRKR0001,pelvis,0.60107754389828,0.9988936235559455,-1.199242306289934,0.0,0.31730465640509214,0.0,0.9483236552061993,1
1001.8454841227808,LHR-CTRL0001,hand_left,0.3999907399228383,0.9481101645818255,-1.0497262184741492,0.0,0.31730465640509214,0.0,0.9483236552061993,1
1001.854068482686,LHR-HMD00001,head,0.5983906865805639,1.7009329052274993,-1.1997288715739007,0.0,0.31730465640509214,0.0,0.9483236552061993,1
1001.8541039084179,LHR-TRKR0001,pelvis,0.6000156766452672,1.000470289667473,-1.2007345967493424,0.0,0.31730465640509214,0.0,0.9483236552061993,1
1001.855387181742,LHR-CTRL0001,hand_left,0.40214984580096796,0.9503449742470015,-1.050242669114699,0.0,0.31730465640509214,0.0,0.9483236552061993,1
1001.8556367204542,LHR-TRKR0002,foot_left,0.5186489194974611,0.07986943921431908,-1.1380786951484887,0.0,0.31730465640509214,0.0,0.9483236552061993,1
1001.8563277345347,LHR-CTRL0002,hand_right,0.8017856101139229,0.9506756840144716,-1.350388354397103,0.0,0.31730465640509214,0.0,0.9483236552061993,1
1001.8653176116072,LHR-TRKR0002,foot_left,0.5197371097009769,0.07922570898302524,-1.1400915065540402,0.0,0.31730465640509214,0.0,0.9483236552061993,1
1001.866135824871,LHR-TRKR0001,pelvis,0.6005560407045856,1.001323450420482,-1.2005304488186037,0.0,0.31730465640509214,0.0,0.9483236552061993,1
1001.8673382745178,LHR-CTRL0002,hand_right,0.8000151551896164,0.9524685388045773,-1.3502156910618641,0.0,0.31730465640509214,0.0,0.9483236552061993,1
1001.8674154483049,LHR-CTRL0001,hand_left,0.40081796114638657,0.9506568234458895,-1.049048763161117,0.0,0.31730465640509214,0.0,0.9483236552061993,1
1001.868314005733,LHR-HMD00001,head,0.6004944997307083,1.7014524749367268,-1.1993313753634065,0.0,0.31730465640509214,0.0,0.9483236552061993,1
1001.8767662517937,LHR-CTRL0001,hand_left,0.40142960525416055,0.949003344080278,-1.0485300020931112,0.0,0.31730465640509214,0.0,0.9483236552061993,1
1001.8775670428371,LHR-CTRL0002,hand_right,0.8014134978248851,0.9492732130647012,-1.3516185275495367,0.0,0.31730465640509214,0.0,0.9483236552061993,1
1001.8781901479604,LHR-TRKR0002,foot_left,0.5192131191761334,0.07837733834624822,-1.1384389438621878,0.0,0.31730465640509214,0.0,0.9483236552061993,1
1001.8782083091834,LHR-TRKR0001,pelvis,0.6004976853664451,1.0006588998146182,-1.2004703856161907,0.0,0.31730465640509214,0.0,0.9483236552061993,1
1001.8786952657612,LHR-HMD00001,head,0.6005845627568361,1.7007492738790666,-1.2010645718442052,0.0,0.31730465640509214,0.0,0.9483236552061993,1
1001.8875885110151,LHR-CTRL0002,hand_right,0.799328459246727,0.950273217238423,-1.3498380348369408,0.0,0.31730465640509214,0.0,0.9483236552061993,1
1001.8883789507537,LHR-TRKR0001,pelvis,0.6006429927698956,1.0005900677223862,-1.2002408396336885,0.0,0.31730465640509214,0.0,0.9483236552061993,1
1001.8888717526198,LHR-CTRL0001,hand_left,0.39916063971493665,0.9501643981330754,-1.0511419241204685,0.0,0.31730465640509214,0.0,0.9483236552061993,1
1001.8889664580396,LHR-TRKR0002,foot_left,0.5184328767957269,0.07970672786540356,-1.1397186421518437,0.0,0.31730465640509214,0.0,0.9483236552061993,1
1001.8899558237559,LHR-HMD00001,head,0.5999655348653843,1.6987937384453538,-1.2008999131106082,0.0,0.31730465640509214,0.0,0.9483236552061993,1
1001.8985244709214,LHR-CTRL0001,hand_left,0.4005956111044558,0.9482776751899034,-1.0493574920351467,0.0,0.31730465640509214,0.0,0.9483236552061993,1
1001.8986706051962,LHR-TRKR0001,pelvis,0.5995149994124221,1.0008110871669664,-1.2007071089857815,0.0,0.31730465640509214,0.0,0.9483236552061993,1
1001.8990671350498,LHR-CTRL0002,hand_right,0.7995794902969907,0.9511697630005979,-1.349273160659003,0.0,0.31730465640509214,0.0,0.9483236552061993,1
1001.9000476727311,LHR-HMD00001,head,0.5999081834985059,1.7010618876181747,-1.197941785986101,0.0,0.31730465640509214,0.0,0.9483236552061993,1
1001.9002369844956,LHR-TRKR0002,foot_left,0.52024517091676,0.08078153243701844,-1.1408477267310422,0.0,0.31730465640509214,0.0,0.9483236552061993,1
1001.9100824216473,LHR-TRKR0002,foot_left,0.5196546076536903,0.08158122046267746,-1.140528555893097,0.0,0.31730465640509214,0.0,0.9483236552061993,1
1001.910248241032,LHR-CTRL0001,hand_left,0.4031997204538767,0.9482280549691999,-1.049438976687237,0.0,0.31730465640509214,0.0,0.9483236552061993,1
1001.9111289142396,LHR-TRKR0001,pelvis,0.5991093492688013,1.0007537776490452,-1.200590772324177,0.0,0.31730465640509214,0.0,0.9483236552061993,1
1001.911489671544,LHR-CTRL0002,hand_right,0.801600820672336,0.9496492294537583,-1.351612927406125,0.0,0.31730465640509214,0.0,0.9483236552061993,1
1001.9120277659,LHR-HMD00001,head,0.5989148068371074,1.7001733304163584,-1.2000709104362062,0.0,0.31730465640509214,0.0,0.9483236552061993,1
1001.9211437062447,LHR-TRKR0001,pelvis,0.5998165836825115,1.0004382106625105,-1.1994276825231946,0.0,0.31730465640509214,0.0,0.9483236552061993,1
1001.9214171508798,LHR-CTRL0002,hand_right,0.8000353221871284,0.9496061958895641,-1.3501556896947822,0.0,0.31730465640509214,0.0,0.9483236552061993,1
1001.921484157436,LHR-CTRL0001,hand_left,0.4005453602296415,0.949954566771072,-1.0489409175688238,0.0,0.31730465640509214,0.0,0.9483236552061993,1
1001.9225931690573,LHR-HMD00001,head,0.6005272356224228,1.700582409882309,-1.199637578835704,0.0,0.31730465640509214,0.0,0.9483236552061993,1
1001.9229141598826,LHR-TRKR0002,foot_left,0.5219029214452781,0.07972960288240345,-1.1419108028315217,0.0,0.31730465640509214,0.0,0.9483236552061993,1
1001.933554688339,LHR-TRKR0001,pelvis,0.6013447763841477,1.0002894225709127,-1.2002524555882534,0.0,0.31730465640509214,0.0,0.9483236552061993,1
1001.9336167795989,LHR-TRKR0002,foot_left,0.5201620045091467,0.08019166087433152,-1.1400937876623087,0.0,0.31730465640509214,0.0,0.9483236552061993,1
1001.9339465224111,LHR-HMD00001,head,0.5990328234575525,1.7003946754229529,-1.1991076732869221,0.0,0.31730465640509214,0.0,0.9483236552061993,1
1001.9347245025366,LHR-CTRL0002,hand_right,0.7988879702828251,0.9506572309995768,-1.3494550476772453,0.0,0.31730465640509214,0.0,0.9483236552061993,1
1001.9352662383924,LHR-CTRL0001,hand_left,0.39894427068605715,0.9516078971900309,-1.0490424090442405,0.0,0.31730465640509214,0.0,0.9483236552061993,1
1001.9433857551519,LHR-CTRL0001,hand_left,0.4010321296530509,0.9499253513192016,-1.0487154108955734,0.0,0.31730465640509214,0.0,0.9483236552061993,1
1001.9442922514861,LHR-HMD00001,head,0.5994866091675535,1.7019781649235906,-1.2002349131819467,0.0,0.31730465640509214,0.0,0.9483236552061993,1
1001.9443088649991,LHR-CTRL0002,hand_right,0.8004505872179302,0.950859613122208,-1.3498147639377616,0.0,0.31730465640509214,0.0,0.9483236552061993,1
1001.9446441458934,LHR-TRKR0001,pelvis,0.5993262169083495,0.9986402618789406,-1.1988855137989882,0.0,0.31730465640509214,0.0,0.9483236552061993,1
1001.9451502447121,LHR-TRKR0002,foot_left,0.5205351989991753,0.07972542134378771,-1.1397985732039566,0.0,0.31730465640509214,0.0,0.9483236552061993,1
1001.9540816676075,LHR-HMD00001,head,0.5993661398022054,1.7002963790384078,-1.2002575894841396,0.0,0.31730465640509214,0.0,0.9483236552061993,1
1001.9541399369763,LHR-CTRL0002,hand_right,0.7996241174517348,0.9482207701320876,-1.351184465594407,0.0,0.31730465640509214,0.0,0.9483236552061993,1
1001.954608796748,LHR-TRKR0001,pelvis,0.5999293273121623,1.0007824123336668,-1.1996499353279944,0.0,0.31730465640509214,0.0,0.9483236552061993,1
1001.9556901046224,LHR-TRKR0002,foot_left,0.5202223433542736,0.08092154242894414,-1.1390980288387162,0.0,0.31730465640509214,0.0,0.9483236552061993,1
1001.9574938025428,LHR-CTRL0001,hand_left,0.39897866391086895,0.950914717246208,-1.050150172991449,0.0,0.31730465640509214,0.0,0.9483236552061993,1
1001.9634049415162,LHR-CTRL0002,hand_right,0.7999549960188953,0.9508848858071296,-1.3521740716376038,0.0,0.31730465640509214,0.0,0.9483236552061993,1
1001.9670078553387,LHR-TRKR0001,pelvis,0.5999131170312583,0.9978824314740963,-1.2006854085530518,0.0,0.31730465640509214,0.0,0.9483236552061993,1
1001.9673269783199,LHR-CTRL0001,hand_left,0.400698850324351,0.9507211750792475,-1.048825138482459,0.0,0.31730465640509214,0.0,0.9483236552061993,1
1001.9676955210145,LHR-HMD00001,head,0.5986328271858945,1.699973843213477,-1.1984042975591016,0.0,0.31730465640509214,0.0,0.9483236552061993,1
1001.9684175776841,LHR-TRKR0002,foot_left,0.5198259959077995,0.08146371763057852,-1.1410824449263037,0.0,0.31730465640509214,0.0,0.9483236552061993,1
1001.9758428181411,LHR-HMD00001,head,0.6020025323174398,1.6994329585395092,-1.1990947253963582,0.0,0.31730465640509214,0.0,0.9483236552061993,1
1001.9773340703563,LHR-TRKR0001,pelvis,0.6001846805914388,1.001207740134228,-1.1990679579888237,0.0,0.31730465640509214,0.0,0.9483236552061993,1
1001.9778081974459,LHR-CTRL0002,hand_right,0.8014948080713765,0.9501033895604469,-1.3492952107804903,0.0,0.31730465640509214,0.0,0.9483236552061993,1
1001.9782396595028,LHR-CTRL0001,hand_left,0.4012175770791175,0.9504381312163902,-1.05087676940515,0.0,0.31730465640509214,0.0,0.9483236552061993,1
1001.9789783096031,LHR-TRKR0002,foot_left,0.5211068420552085,0.08107641967403888,-1.1377186170187854,0.0,0.31730465640509214,0.0,0.9483236552061993,1
1001.9872209117732,LHR-TRKR0002,foot_left,0.5199792368483719,0.08035193317318781,-1.1404831333100867,0.0,0.31730465640509214,0.0,0.9483236552061993,1
1001.9881597018625,LHR-CTRL0001,hand_left,0.40141919661650044,0.9503230991828057,-1.0492546907646203,0.0,0.31730465640509214,0.0,0.9483236552061993,1
1001.9886489522177,LHR-HMD00001,head,0.6001325294548531,1.7002838866296524,-1.1987326287867863,0.0,0.31730465640509214,0.0,0.9483236552061993,1
1001.9895164390191,LHR-TRKR0001,pelvis,0.6008210074827102,1.0001102933698431,-1.2003697758414056,0.0,0.31730465640509214,0.0,0.9483236552061993,1
1001.9895207300631,LHR-CTRL0002,hand_right,0.7988998529672589,0.9513451715029005,-1.3512993444999486,0.0,0.31730465640509214,0.0,0.9483236552061993,1
1001.9996278685492,LHR-TRKR0001,pelvis,0.5992278761637982,1.0006098429935324,-1.1995681069131425,0.0,0.31730465640509214,0.0,0.9483236552061993,1
1001.9997169633127,LHR-TRKR0002,foot_left,0.5216917767063377,0.07851191643384856,-1.139222140096456,0.0,0.31730465640509214,0.0,0.9483236552061993,1
1001.9997444151642,LHR-CTRL0002,hand_right,0.8017341234893266,0.9494757331818986,-1.3489711367197088,0.0,0.31730465640509214,0.0,0.9483236552061993,1
1001.9997954775116,LHR-HMD00001,head,0.600852071528289,1.7001543204157614,-1.2009287442856855,0.0,0.31730465640509214,0.0,0.9483236552061993,1
1002.000814060188,LHR-CTRL0001,hand_left,0.3989580009049836,0.949969588313249,-1.0490556273665321,3.6084888577893307e-07,0.3173046564050691,-1.207383482291692e-07,0.9483236552061306,1
1002.009076890765,LHR-TRKR0002,foot_left,0.5201082697449133,0.08063834602842103,-1.1386888270153235,0.0,0.31730465640509214,0.0,0.9483236552061993,1
1002.0100682509701,LHR-HMD00001,head,0.5988760191584341,1.6999359818895527,-1.199676386672533,0.0,0.31730465640509214,0.0,0.9483236552061993,1
1002.0107362283364,LHR-TRKR0001,pelvis,0.5996155992012391,1.0005542649592256,-1.2018080984543735,0.0,0.31730465640509214,0.0,0.9483236552061993,1
1002.0108129314127,LHR-CTRL0002,hand_right,0.7994908029374154,0.9507048930399123,-1.3494390076291805,6.366207309627272e-05,0.31730465569011057,-2.13010316878117e-05,0.9483236530693446,1
1002.0129982691573,LHR-CTRL0001,hand_left,0.4007306268939116,0.9502540698817988,-1.0484876461606565,9.199340008038446e-05,0.3173046549121375,-3.078056109197828e-05,0.9483236507442281,1
1002.021434376123,LHR-CTRL0002,hand_right,0.8002358282559611,0.9504588279659915,-1.3511551392101193,0.0002501273571765361,0.31730464536797437,-8.369144299069227e-05,0.9483236222197312,1
1002.0222851996202,LHR-TRKR0002,foot_left,0.5208775979203534,0.08076444935184923,-1.1391960199343913,0.0,0.31730465640509214,0.0,0.9483236552061993,1
1002.0225698493334,LHR-TRKR0001,pelvis,0.600353934816924,0.9989462140214718,-1.1994924618632172,0.0,0.31730465640509214,0.0,0.9483236552061993,1
1002.0228353453585,LHR-HMD00001,head,0.6005031718922591,1.7007819693533757,-1.1990204148712018,0.0,0.31730465640509214,0.0,0.9483236552061993,1
1002.0232011344929,LHR-CTRL0001,hand_left,0.3991322188061241,0.9489394319114747,-1.0516756300627879,0.00029305249381018683,0.3173046412546909,-9.805399279729879e-05,0.9483236099264228,1
1002.0326483900121,LHR-CTRL0002,hand_right,0.8000958039255934,0.9511339166740549,-1.3517484975282206,0.0005801853134635114,0.31730459702145625,-0.00019412729032873408,0.9483234777272197,1
1002.0331330036319,LHR-HMD00001,head,0.5975969233032454,1.7009034403330296,-1.2010474477765805,0.0,0.31730465640509214,0.0,0.9483236552061993,1
1002.0337310988741,LHR-CTRL0001,hand_left,0.4002567580710553,0.9510288344977947,-1.0497961735332457,0.0006192881309692853,0.3173045887471411,-0.00020721091004550978,0.9483234529978983,1
1002.0338392383832,LHR-TRKR0002,foot_left,0.519400838294817,0.07967721933377507,-1.1410960710187197,0.0,0.31730465640509214,0.0,0.9483236552061993,1
1002.0349584773111,LHR-TRKR0001,pelvis,0.5991361074571566,0.999414452379456,-1.2008785646186968,0.0,0.31730465640509214,0.0,0.9483236552061993,1
1002.0433957629912,LHR-CTRL0002,hand_right,0.7989951381161062,0.9495612639858986,-1.3510205057965128,0.0010247266544894222,0.3173044711588211,-0.00034286874236117885,0.9483231015634546,1
1002.0440075761189,LHR-HMD00001,head,0.6011140685747569,1.7003366443279422,-1.199369440182213,0.0,0.31730465640509214,0.0,0.9483236552061993,1
1002.044520680416,LHR-CTRL0001,hand_left,0.3998943966443259,0.9488270647108528,-1.049849793062008,0.0010785027335113758,0.3173044512057695,-0.000360861966703098,0.9483230419300694,1
1002.0446797513939,LHR-TRKR0001,pelvis,0.6000554769275543,1.0010039351057145,-1.2002014384033743,0.0,0.31730465640509214,0.0,0.9483236552061993,1
1002.0454484270742,LHR-TRKR0002,foot_left,0.5200571949640764,0.08021734601456706,-1.1393960365654787,0.0,0.31730465640509214,0.0,0.9483236552061993,1
1002.0560753972866,LHR-HMD00001,head,0.5994590742517959,1.700282651321366,-1.2018672125793903,0.0,0.31730465640509214,0.0,0.9483236552061993,1
1002.056093576438,LHR-TRKR0002,foot_left,0.5199758806250735,0.0789546656276623,-1.1402372044483402,0.0,0.31730465640509214,0.0,0.9483236552061993,1
1002.0562463417987,LHR-CTRL0001,hand_left,0.3990914272317176,0.9531262098330936,-1.0520360054763593,0.0017206735064806552,0.3173041340923953,-0.0005757293016596474,0.9483220941780964,1
1002.0565502104662,LHR-CTRL0002,hand_right,0.7982319118743958,0.9504002908808579,-1.3529032489897226,0.0017392936524127107,0.31730412272688185,-0.0005819595153369587,0.9483220602101573,1
1002.0570912639695,LHR-TRKR0001,pelvis,0.6002860929652795,1.0008129062969369,-1.2010676410508754,0.0,0.31730465640509214,0.0,0.9483236552061993,1
1002.0661900876262,LHR-HMD00001,head,0.6010952466167045,1.699669161261359,-1.2025890802948302,0.0,0.31730465640509214,0.0,0.9483236552061993,1
1002.0662198090022,LHR-CTRL0002,hand_right,0.7992921995783848,0.9511833256087822,-1.3518283742181687,0.0023839194739658097,0.31730365382949216,-0.0007976482980588043,0.9483206588235795,1
1002.0662983446932,LHR-TRKR0001,pelvis,0.6012801530803559,1.0011816849261512,-1.200127228788235,0.0,0.31730465640509214,0.0,0.9483236552061993,1
1002.066300744542,LHR-TRKR0002,foot_left,0.5173093204651591,0.07981251889167576,-1.1393636769302153,0.0,0.31730465640509214,0.0,0.9483236552061993,1
1002.06682583457,LHR-CTRL0001,hand_left,0.39791508376572593,0.9523074197769554,-1.0531602701632505,0.002427681423544257,0.3173036166827323,-0.0008122908415600385,0.948320547803617,1
1002.0761965574593,LHR-TRKR0002,foot_left,0.521436979926653,0.08110897527037764,-1.139414337933944,0.0,0.31730465640509214,0.0,0.9483236552061993,1
1002.0775705277425,LHR-CTRL0001,hand_left,0.3977665869483128,0.9540381046890513,-1.0514720962029815,0.003269261206391402,0.31730277087349507,-0.0010938794978882645,0.9483180199462683,1
1002.0780572828336,LHR-CTRL0002,hand_right,0.7955661467831946,0.95330692289074,-1.3534211890797259,0.003310327293363125,0.3173027232064807,-0.0011076200183792679,0.9483178774845792,1
1002.0785614378791,LHR-TRKR0001,pelvis,0.6000916430429593,0.9989232434092249,-1.2004912278620583,0.0,0.31730465640509214,0.0,0.9483236552061993,1
1002.0791667577527,LHR-HMD00001,head,0.6010614835536592,1.7016767737266523,-1.2008761295164039,0.0,0.31730465640509214,0.0,0.9483236552061993,1
1002.089240343965,LHR-HMD00001,head,0.6012127098857927,1.6992502445488875,-1.2022665206299326,0.0,0.31730465640509214,0.0,0.9483236552061993,1
1002.0892703632527,LHR-CTRL0002,hand_right,0.7986008653400943,0.9527550293764101,-1.352366324759437,0.004326732455216771,0.31730135380776747,-0.0014477044282532451,0.9483137847832369,1
1002.0897534711114,LHR-TRKR0001,pelvis,0.5992658301642748,1.0013680687849287,-1.2002356855617302,0.0,0.31730465640509214,0.0,0.9483236552061993,1
1002.0897592034886,LHR-CTRL0001,hand_left,0.39755151223323204,0.9553087331300787,-1.0523002644645147,0.004374107805969654,0.3173012810881667,-0.0014635559988749288,0.9483135674472596,1
1002.0901384140586,LHR-TRKR0002,foot_left,0.5219849566174501,0.07899959189031729,-1.1387094159742275,0.0,0.31730465640509214,0.0,0.9483236552061993,1
1002.0995256670132,LHR-HMD00001,head,0.5996421075257207,1.7003261364519928,-1.199866448870622,0.0,0.31730465640509214,0.0,0.9483236552061993,1
1002.0996685513097,LHR-CTRL0001,hand_left,0.39767345146080596,0.9538033743639744,-1.0521455850717583,0.0053895040797527945,0.3172995321068447,-0.0018033028395226132,0.9483083402930824,1
1002.100290678028,LHR-TRKR0001,pelvis,0.5992986367162849,1.0000099978050279,-1.2008996970742107,0.0,0.31730465640509214,0.0,0.9483236552061993,1
1002.1014809014181,LHR-TRKR0002,foot_left,0.5214264014171761,0.07942723873104078,-1.1400781782267344,0.0,0.31730465640509214,0.0,0.9483236552061993,1
1002.1023169600612,LHR-CTRL0002,hand_right,0.7964104636222816,0.9538577989477339,-1.353687008325255,0.0056786163180772755,0.31729896758463505,-0.0019000384412767523,0.9483066531140434,1
1002.109166846135,LHR-HMD00001,head,0.6001035979494946,1.7002964228577622,-1.199783444336377,0.0,0.31730465640509214,0.0,0.9483236552061993,1
1002.1108637374934,LHR-CTRL0002,hand_right,0.7967792440392447,0.9548196836606858,-1.3548897419685688,0.006662478711959744,0.3172968255297632,-0.0022292341933039315,0.9483002511868586,1
1002.1119985508858,LHR-CTRL0001,hand_left,0.39496280033424624,0.9567347342911654,-1.053508726788904,0.006798941057211971,0.3172965014529795,-0.0022748938553136025,0.9482992826234484,1
1002.1121733362963,LHR-TRKR0001,pelvis,0.5976705267018787,0.9993889738197904,-1.1982729277124773,0.0,0.31730465640509214,0.0,0.9483236552061993,1
1002.1121758725136,LHR-TRKR0002,foot_left,0.5191683173609163,0.07926600903467161,-1.1407335093775495,0.0,0.31730465640509214,0.0,0.9483236552061993,1
1002.1209144690254,LHR-HMD00001,head,0.5997839616965421,1.6993986186268466,-1.2002658008475466,0.0,0.31730465640509214,0.0,0.9483236552061993,1
1002.1221756822116,LHR-CTRL0002,hand_right,0.7941553771820405,0.9558206010357478,-1.356242717312637,0.008083617455652704,0.31729312843934704,-0.002704740565306653,0.9482892017483258,1
1002.1221801112065,LHR-TRKR0002,foot_left,0.5185329501876134,0.08015101185914321,-1.1417033860493007,0.0,0.31730465640509214,0.0,0.9483236552061993,1
1002.1224975498786,LHR-TRKR0001,pelvis,0.6018654643927329,0.9999173225646341,-1.1990629248244782,0.0,0.31730465640509214,0.0,0.9483236552061993,1
1002.1243264426369,LHR-CTRL0001,hand_left,0.39581871175589795,0.958767630898127,-1.0553265681386232,0.008369096686759841,0.31729229980735196,-0.0028002605798501516,0.9482867252283426,1
1002.1341206568844,LHR-TRKR0001,pelvis,0.6000313310840448,0.9987162290920188,-1.1994629894693143,0.0,0.31730465640509214,0.0,0.9483236552061993,1
1002.1342935322612,LHR-CTRL0001,hand_left,0.3953700419007991,0.9570081648188016,-1.0570737559331895,0.0097555110669024,0.3172878666321055,-0.0032641483423362185,0.9482734758641466,1
1002.1344201641181,LHR-HMD00001,head,0.599648327433842,1.699697077376565,-1.2011029534312854,0.0,0.31730465640509214,0.0,0.9483236552061993,1
1002.134449993904,LHR-TRKR0002,foot_left,0.519806634909525,0.08016811554066239,-1.138396108482558,0.0,0.31730465640509214,0.0,0.9483236552061993,1
1002.1345160050822,LHR-CTRL0002,hand_right,0.7957453340857918,0.9558032057561129,-1.3591442822792315,0.009787644725862287,0.3172877558393885,-0.0032749001142226724,0.9482731447396191,1
1002.1437014780045,LHR-TRKR0002,foot_left,0.5201484810512607,0.07743347093674476,-1.1386099968266041,0.0,0.31730465640509214,0.0,0.9483236552061993,1
1002.1439621081727,LHR-CTRL0001,hand_left,0.39484896355706445,0.9596288069795326,-1.0573258347732146,0.011199692219508686,0.3172825274655609,-0.003747364596511392,0.9482575187773807,1
1002.1443938403813,LHR-HMD00001,head,0.5994574056154828,1.7000822261887851,-1.1996905810895635,0.0,0.31730465640509214,0.0,0.9483236552061993,1
1002.1446240804815,LHR-TRKR0001,pelvis,0.6017968316238076,1.0000148070885646,-1.2015674719312082,0.0,0.31730465640509214,0.0,0.9483236552061993,1
1002.145563541175,LHR-CTRL0002,hand_right,0.7915768918357593,0.9571359247817479,-1.357912000100877,0.01144829321595253,0.3172815341283769,-0.0038305453263450537,0.9482545500054761,1
1002.1541270340333,LHR-TRKR0002,foot_left,0.5189407059070222,0.07932522044830859,-1.1393735686225193,0.0,0.31730465640509214,0.0,0.9483236552061993,1
1002.1545199656852,LHR-TRKR0001,pelvis,0.6012452850832628,0.9991185662315104,-1.2012785049931607,0.0,0.31730465640509214,0.0,0.9483236552061993,1
1002.1552724304898,LHR-HMD00001,head,0.5999359710524813,1.6998163400857647,-1.1994655501264277,0.0,0.31730465640509214,0.0,0.9483236552061993,1
1002.1553685387161,LHR-CTRL0001,hand_left,0.3935337431606336,0.9617787252359923,-1.059206823535886,0.013028348578187451,0.31727471083983927,-0.004359224455103011,0.9482341573456272,1
1002.1568128483187,LHR-CTRL0002,hand_right,0.7917801639054863,0.9597896476160694,-1.3595923932125569,0.013269491377895836,0.31727359199615934,-0.004439909707217063,0.9482308134743451,1
1002.1664330260191,LHR-TRKR0002,foot_left,0.5197673776370731,0.07935296757021121,-1.1392935574416219,0.0,0.31730465640509214,0.0,0.9483236552061993,1
1002.1665756295813,LHR-CTRL0002,hand_right,0.7920613136512726,0.9626837123931132,-1.3595951782264108,0.014955740305810032,0.31726519467523256,-0.005004120706012543,0.9482057165275642,1
1002.1666472594894,LHR-TRKR0001,pelvis,0.5994056995311167,0.9989340132110807,-1.1992897878024666,0.0,0.31730465640509214,0.0,0.9483236552061993,1
1002.1677272660596,LHR-CTRL0001,hand_left,0.3924510700314869,0.9606798894339779,-1.059668094655183,0.015161095477518417,0.3172641034785699,-0.0050728315853017115,0.9482024552845072,1
1002.1683099182809,LHR-HMD00001,head,0.600814468660615,1.7006800798787005,-1.201749909085429,0.0,0.31730465640509214,0.0,0.9483236552061993,1
1002.176259693701,LHR-CTRL0002,hand_right,0.7897863161293402,0.9631791402709023,-1.363187403898034,0.01672469854214172,0.3172553068032981,-0.005596005852283766,0.9481761647934001,1
1002.1764951285337,LHR-HMD00001,head,0.5995445949087456,1.7007056545870354,-1.1994846026763228,0.0,0.31730465640509214,0.0,0.9483236552061993,1
1002.176954108628,LHR-CTRL0001,hand_left,0.3908779843805454,0.9651942845607897,-1.0611306390618627,0.016855211161632994,0.31725453352932725,-0.005639674763901501,0.9481738537211113,1
1002.1770374342245,LHR-TRKR0001,pelvis,0.60117403040999,0.9984259120394124,-1.2003413907339942,0.0,0.31730465640509214,0.0,0.9483236552061993,1
1002.1771649863866,LHR-TRKR0002,foot_left,0.5201014566865652,0.08030086895023997,-1.1401888989225584,0.0,0.31730465640509214,0.0,0.9483236552061993,1
1002.186956711676,LHR-TRKR0001,pelvis,0.6009801256700025,0.9998249457889563,-1.198256723917738,0.0,0.31730465640509214,0.0,0.9483236552061993,1
1002.1882064488851,LHR-TRKR0002,foot_left,0.5202110149451012,0.08006303515080741,-1.1416150133131504,0.0,0.31730465640509214,0.0,0.9483236552061993,1
1002.1882349238139,LHR-CTRL0002,hand_right,0.7903399274010507,0.9651051675089878,-1.3647411803790592,0.019043701868041423,0.3172406711625804,-0.006371933511039548,0.948132423474067,1
1002.188303231089,LHR-HMD00001,head,0.6006798106013047,1.7003143515080195,-1.2008535368023114,0.0,0.31730465640509214,0.0,0.9483236552061993,1
1002.190757225689,LHR-CTRL0001,hand_left,0.39014404745049985,0.963951457180376,-1.0651952062963763,0.019550561384269922,0.31723721945823236,-0.006541526332814689,0.9481221074171862,1
1002.197388801698,LHR-CTRL0002,hand_right,0.7884806302654371,0.9669534595191497,-1.364752361347997,0.020913564307088746,0.3172274875231702,-0.006997580731257513,0.9480930217292076,1
1002.1995274123233,LHR-HMD00001,head,0.6012225645323408,1.6986404111257867,-1.1990142422075762,0.0,0.31730465640509214,0.0,0.9483236552061993,1
1002.1998049189513,LHR-CTRL0001,hand_left,0.38854749827869556,0.9666030747884196,-1.0655832259229316,0.021421055494657223,0.3172236964193313,-0.0071673849073064745,0.9480816913141722,1
1002.1998263745554,LHR-TRKR0002,foot_left,0.5201592047254618,0.07924549822878475,-1.1371013145574411,0.0,0.31730465640509214,0.0,0.9483236552061993,1
1002.2011586595273,LHR-TRKR0001,pelvis,0.6004803710728939,0.9998818434990234,-1.1997701754503405,0.0,0.31730465640509214,0.0,0.9483236552061993,1
1002.2094604803705,LHR-CTRL0002,hand_right,0.7877597577557738,0.9687702785523556,-1.3677868527311692,0.023506928667456267,0.317207159284865,-0.007865308307999972,0.9480322670290656,1
1002.2103960682947,LHR-TRKR0002,foot_left,0.5196860018930198,0.07991291991282946,-1.1385976713637642,0.0,0.31730465640509214,0.0,0.9483236552061993,1
1002.2107158517731,LHR-TRKR0001,pelvis,0.6008774322537536,1.0000856241202765,-1.2011402407664706,0.0,0.31730465640509214,0.0,0.9483236552061993,1
1002.2112496914056,LHR-CTRL0001,hand_left,0.38693431875306233,0.9684040635937464,-1.0659788444988747,0.023903553269999465,0.31720384092839055,-0.007998017043610296,0.9480223495069695,1
1002.2116974483927,LHR-HMD00001,head,0.5999836248687593,1.6985273457757133,-1.2003961588005536,0.0,0.31730465640509214,0.0,0.9483236552061993,1
1002.2215586870238,LHR-HMD00001,head,0.6012037517465171,1.6994115983301694,-1.2012106023968143,0.0,0.31730465640509214,0.0,0.9483236552061993,1
1002.2219386311687,LHR-TRKR0001,pelvis,0.5994597828399243,0.9995405429970955,-1.1983415226180218,0.0,0.31730465640509214,0.0,0.9483236552061993,1
1002.2222758561129,LHR-TRKR0002,foot_left,0.5193304844586916,0.07997446182324108,-1.1388316282426116,0.0,0.31730465640509214,0.0,0.9483236552061993,1
1002.2226442420134,LHR-CTRL0001,hand_left,0.3863006071631373,0.9729329432795296,-1.069740295617966,0.02650300324898612,0.3171807173195272,-0.008867780839858994,0.9479532403248753,1
1002.2243326896457,LHR-CTRL0002,hand_right,0.7843252011331007,0.9713443167895522,-1.3676636697416367,0.02689895002292828,0.31717698568196134,-0.009000262777191986,0.9479420876357957,1
1002.2326547284763,LHR-TRKR0002,foot_left,0.5203914259537039,0.07987151634278127,-1.1395917939351814,0.0,0.31730465640509214,0.0,0.9483236552061993,1
1002.2327199154847,LHR-HMD00001,head,0.5997112097162411,1.6991819250414584,-1.2012505999792285,0.0,0.31730465640509214,0.0,0.9483236552061993,1
1002.2328227081555,LHR-TRKR0001,pelvis,0.5994051723867825,0.9986437879045282,-1.1998405394319662,0.0,0.31730465640509214,0.0,0.9483236552061993,1
1002.234208926719,LHR-CTRL0002,hand_right,0.7838616351713468,0.9729428326408093,-1.3704105284281332,0.029270129681174206,0.31715347929278176,-0.0097936483925396,0.9478718344439262,1
1002.2365905324081,LHR-CTRL0001,hand_left,0.38617297935139083,0.9735027330415054,-1.0709645740897615,0.029855954778778022,0.3171473657701251,-0.009989662728244681,0.947853563050693,1
1002.2428392950475,LHR-HMD00001,head,0.600437537752227,1.7007981723075978,-1.2005517314171912,0.0,0.31730465640509214,0.0,0.9483236552061993,1
1002.2429570190399,LHR-TRKR0001,pelvis,0.5999872366184703,0.9997387218064955,-1.1997189292037371,0.0,0.31730465640509214,0.0,0.9483236552061993,1
1002.2431657653416,LHR-TRKR0002,foot_left,0.5194956503397187,0.07990568338273743,-1.1383783270896701,0.0,0.31730465640509214,0.0,0.9483236552061993,1
1002.2439073898311,LHR-CTRL0002,hand_right,0.7821432543064077,0.972970889928238,-1.3737439650945733,0.03168958611056275,0.3171274466169349,-0.010603187189552207,0.9477940309770829,1
1002.2443569795225,LHR-CTRL0001,hand_left,0.3849433812785016,0.9767138772092281,-1.0741122200674353,0.03180391320300865,0.31712616530404353,-0.010641440499576882,0.947790201536512,1
1002.2548842356184,LHR-CTRL0002,hand_right,0.780616062241747,0.9791135282203931,-1.3739650623573194,0.034535380386196635,0.3170941788289241,-0.011555376634445095,0.9476946040393114,1
1002.2548866155395,LHR-TRKR0002,foot_left,0.5185576225433016,0.08011470378153114,-1.140142597146337,0.0,0.31730465640509214,0.0,0.9483236552061993,1
1002.2549582917051,LHR-TRKR0001,pelvis,0.5996827588087145,0.9998284715530287,-1.1991927942700216,0.0,0.31730465640509214,0.0,0.9483236552061993,1
1002.2549832268337,LHR-CTRL0001,hand_left,0.38234545989624846,0.9793843046032527,-1.0741241536674715,0.03456155879610654,0.31709385951066704,-0.011564135807872954,0.9476936496976381,1
1002.2562849049596,LHR-HMD00001,head,0.6005236229236449,1.6996129729850804,-1.2000997141291567,0.0,0.31730465640509214,0.0,0.9483236552061993,1
1002.265694760701,LHR-CTRL0002,hand_right,0.7799422824822028,0.9815276583904796,-1.3780902930137142,0.037448075708283346,0.3170571641011933,-0.012529950856350891,0.9475839786791422,1
1002.2662629604221,LHR-CTRL0001,hand_left,0.38048984161517385,0.9793388440729102,-1.0768029066603326,0.037604157207463476,0.3170550959198381,-0.012582174995437428,0.9475777975366259,1
1002.2674728060251,LHR-HMD00001,head,0.6001234024109926,1.701493283541392,-1.199492441134828,0.0,0.31730465640509214,0.0,0.9483236552061993,1
1002.2679110851458,LHR-TRKR0001,pelvis,0.6014862709796871,1.0002553092544735,-1.2000563762991787,0.0,0.31730465640509214,0.0,0.9483236552061993,1
1002.2688029888652,LHR-TRKR0002,foot_left,0.5196430092782663,0.08048452778351237,-1.139925763570441,0.0,0.31730465640509214,0.0,0.9483236552061993,1
1002.2768356503146,LHR-CTRL0002,hand_right,0.776749177037166,0.9825611320386541,-1.379787901256036,0.04056236175231729,0.31701426850098624,-0.013571976390275275,0.9474557772438356,1
1002.2769057322731,LHR-TRKR0001,pelvis,0.5999225662228401,0.9993399041544071,-1.2003294133812412,0.0,0.31730465640509214,0.0,0.9483236552061993,1
1002.2773014010304,LHR-HMD00001,head,0.5990008868914601,1.7005158292357498,-1.2002211882702367,0.0,0.31730465640509214,0.0,0.9483236552061993,1
1002.2776125707304,LHR-TRKR0002,foot_left,0.5195263073688321,0.08122942833115618,-1.1396228953138137,0.0,0.31730465640509214,0.0,0.9483236552061993,1
1002.2784352484149,LHR-CTRL0001,hand_left,0.37747031197701275,0.9817166708978138,-1.080049407857919,0.041018787635396216,0.3170076935047957,-0.013724694354453086,0.9474361266515906,1
1002.2890008844339,LHR-TRKR0001,pelvis,0.5985903391136994,1.0001186206436927,-1.200106689756005,0.0,0.31730465640509214,0.0,0.9483236552061993,1
1002.2890522288344,LHR-HMD00001,head,0.5995336395910924,1.69916023864248,-1.2000262602625564,0.0,0.31730465640509214,0.0,0.9483236552061993,1
1002.2892191286918,LHR-CTRL0002,hand_right,0.7758094777296387,0.985449892000979,-1.3822037270678318,0.0441559569672735,0.31696050664794434,-0.01477437652938467,0.94729510000208,1
1002.2899406244314,LHR-TRKR0002,foot_left,0.5194824410889859,0.07977762511976311,-1.1401619959764442,0.0,0.31730465640509214,0.0,0.9483236552061993,1
1002.2905852678065,LHR-CTRL0001,hand_left,0.37558400462643793,0.9850701549288862,-1.0825777523217457,0.04456080603552878,0.31695416345747707,-0.014909837132727664,0.9472761422041148,1
1002.2978699253489,LHR-TRKR0002,foot_left,0.5198234066669548,0.08084957274394909,-1.1402927443464073,0.0,0.31730465640509214,0.0,0.9483236552061993,1
1002.2987073538771,LHR-HMD00001,head,0.5999398675647133,1.6995978176354554,-1.2013911473440981,0.0,0.31730465640509214,0.0,0.9483236552061993,1
1002.2989827565456,LHR-CTRL0001,hand_left,0.3739535072259292,0.9893323815253169,-1.0821848798722105,0.04708563966069162,0.31691329486709363,-0.0157546346462286,0.9471539988625872,1
1002.2994081220248,LHR-TRKR0001,pelvis,0.6012098286661411,0.9979887610388583,-1.1983784566281062,0.0,0.31730465640509214,0.0,0.9483236552061993,1
1002.3008179873843,LHR-CTRL0002,hand_right,0.7741306432392302,0.9878347838363438,-1.384247559913297,0.047645688356348886,0.316903923669276,-0.015942024318488762,0.9471259913045867,1
1002.3106392979564,LHR-HMD00001,head,0.5982928277069305,1.7001279844920145,-1.1998217952465438,0.0,0.31730465640509214,0.0,0.9483236552061993,1
1002.31075857267,LHR-CTRL0001,hand_left,0.37507468133229876,0.990120015930208,-1.085925501492737,0.05073013058196817,0.3168503213177714,-0.016974064250455532,0.9469657907626774,1
1002.3109445181146,LHR-CTRL0002,hand_right,0.7717832094837074,0.990587863372335,-1.3872867100916715,0.050788640893104156,0.3168492719322793,-0.016993641526704246,0.9469626544800369,1
1002.3113535212769,LHR-TRKR0001,pelvis,0.6005076742203083,1.0003656921916795,-1.200288274618938,0.0,0.31730465640509214,0.0,0.9483236552061993,1
1002.3122220581815,LHR-TRKR0002,foot_left,0.5201074387203006,0.08148985617208926,-1.1403184608012735,0.0,0.31730465640509214,0.0,0.9483236552061993,1
1002.3220029278951,LHR-CTRL0001,hand_left,0.37081826203327684,0.9932245282309233,-1.0896779048665337,0.05432141492541684,0.31678366313050615,-0.018175691182774536,0.946766570440754,1
1002.3227366800859,LHR-TRKR0001,pelvis,0.599202851660432,0.9984238907331079,-1.1997053180757875,0.0,0.31730465640509214,0.0,0.9483236552061993,1
1002.3234520116774,LHR-CTRL0002,hand_right,0.7711244932788631,0.9951542306093246,-1.3894363555551108,0.05479202801675102,0.3167745892002979,-0.018333156120431352,0.9467394513219876,1
1002.3235159659617,LHR-TRKR0002,foot_left,0.522541659252385,0.08184555810074963,-1.1395566475384586,0.0,0.31730465640509214,0.0,0.9483236552061993,1
1002.3236001731749,LHR-HMD00001,head,0.602183128687352,1.6998213369906368,-1.1989785759208282,0.0,0.31730465640509214,0.0,0.9483236552061993,1
1002.330815440291,LHR-CTRL0002,hand_right,0.7684772651648485,0.994409810006276,-1.3915567530776323,0.05721059710729097,0.31672671749391984,-0.019142398018018404,0.9465963778729948,1
1002.3329472641028,LHR-CTRL0001,hand_left,0.3696464965447866,0.9976535668360933,-1.089443530737778,0.0579192308657968,0.31671229817966245,-0.01937950355685562,0.9465532830853004,1
1002.3334690640675,LHR-HMD00001,head,0.6011952037223192,1.6999389332446087,-1.1999231989965624,0.0,0.31730465640509214,0.0,0.9483236552061993,1
1002.3340482229071,LHR-TRKR0002,foot_left,0.5210076095682669,0.07911476704463785,-1.1389209214965108,0.0,0.31730465640509214,0.0,0.9483236552061993,1
1002.335166907278,LHR-TRKR0001,pelvis,0.5985017804189329,1.0022207387997466,-1.199422913014292,0.0,0.31730465640509214,0.0,0.9483236552061993,1
1002.3438452419234,LHR-TRKR0002,foot_left,0.5205134618437574,0.0801848960286106,-1.1397283171028398,0.0,0.31730465640509214,0.0,0.9483236552061993,1
1002.344205134571,LHR-TRKR0001,pelvis,0.5988422944230712,1.0003141695311175,-1.2007208273378585,0.0,0.31730465640509214,0.0,0.9483236552061993,1
1002.3454000208352,LHR-CTRL0002,hand_right,0.7648216122650245,0.9999521633644126,-1.3955624392066825,0.062133142417612086,0.31662287249321625,-0.020789458638888734,0.946286017880936,1
1002.345945492327,LHR-CTRL0001,hand_left,0.36520425250203375,1.0016624124361173,-1.0952037363934504,0.06232060659795773,0.3166187477534599,-0.020852183276206675,0.9462736903332508,1
1002.3467548079312,LHR-HMD00001,head,0.5995701562627223,1.7017751592107841,-1.2015084321712555,0.0,0.31730465640509214,0.0,0.9483236552061993,1
1002.3547683628135,LHR-HMD00001,head,0.5999603538513623,1.7013841229941036,-1.2001076800633335,0.0,0.31730465640509214,0.0,0.9483236552061993,1
1002.3556292959404,LHR-TRKR0002,foot_left,0.5206449278696442,0.07983160558180584,-1.1399627941141968,0.0,0.31730465640509214,0.0,0.9483236552061993,1
1002.356397349093,LHR-TRKR0001,pelvis,0.5989644137716074,0.9999686418016978,-1.2014504142826041,0.0,0.31730465640509214,0.0,0.9483236552061993,1
1002.3564412134219,LHR-CTRL0001,hand_left,0.3632902441818831,1.004082766221639,-1.0973940035037317,0.06597406888881487,0.3165358690006921,-0.0220746146587048,0.9460259918511226,1
1002.3574205234385,LHR-CTRL0002,hand_right,0.7632676693291162,1.0031766926596484,-1.3990350856269471,0.06631941630224407,0.31652778945381077,-0.022190166286840358,0.9460018446308527,1
1002.3653611843788,LHR-TRKR0001,pelvis,0.6004226249553006,1.0012041217087204,-1.1993364820193932,0.0,0.31730465640509214,0.0,0.9483236552061993,1
1002.3657780602235,LHR-TRKR0002,foot_left,0.5211194052709923,0.07924883013410063,-1.142056365158343,0.0,0.31730465640509214,0.0,0.9483236552061993,1
1002.3672469510834,LHR-HMD00001,head,0.5994290625002213,1.700232882636945,-1.1994730119873174,0.0,0.31730465640509214,0.0,0.9483236552061993,1
1002.3673149910437,LHR-CTRL0002,hand_right,0.7625839004220439,1.0065122782532745,-1.4009225280455473,0.06985069058370837,0.3164427404046822,-0.023371714133296355,0.9457476598166265,1
1002.3680830929638,LHR-CTRL0001,hand_left,0.3636870832760206,1.0047365731168425,-1.0991940280663983,0.07012799588984694,0.3164358738418866,-0.023464499190803415,0.9457271378236536,1
1002.3770291032195,LHR-CTRL0002,hand_right,0.7600697232737271,1.0096005979930203,-1.40369272716223,0.07339094539737266,0.31635302232795603,-0.024556266823793114,0.9454795207498289,1
1002.3772980350228,LHR-CTRL0001,hand_left,0.3592566536175727,1.0085285441337841,-1.1048505096116747,0.07348997472232374,0.31635044856403177,-0.024589401572415195,0.9454718285802908,1
1002.377581509853,LHR-TRKR0002,foot_left,0.5218720189958236,0.07856184205994984,-1.1399593680693583,0.0,0.31730465640509214,0.0,0.9483236552061993,1
1002.3775822719499,LHR-HMD00001,head,0.6005674430736865,1.7002816433149355,-1.1992499088803021,0.0,0.31730465640509214,0.0,0.9483236552061993,1
1002.3780551006004,LHR-TRKR0001,pelvis,0.5992828209678381,0.9995440025937451,-1.1998378870081492,0.0,0.31730465640509214,0.0,0.9483236552061993,1
1002.3877920961569,LHR-CTRL0001,hand_left,0.35868441493748343,1.0120191087207926,-1.1043762047796881,0.07739640647600214,0.3162461344279756,-0.025896475353150265,0.9451600664904584,1
1002.3879494445907,LHR-TRKR0002,foot_left,0.5187494890272544,0.08023249028214058,-1.1399515465840795,0.0,0.31730465640509214,0.0,0.9483236552061993,1
1002.3884323976373,LHR-CTRL0002,hand_right,0.7566081562664364,1.0131288036851382,-1.4060307999881982,0.07763739842676524,0.31623952113160686,-0.02597711013191327,0.9451403014310469,1
1002.3894547067357,LHR-HMD00001,head,0.6009457010559986,1.6988931170876207,-1.2003788918252476,0.0,0.31730465640509214,0.0,0.9483236552061993,1
1002.3896448747057,LHR-TRKR0001,pelvis,0.6004982210462889,1.0008399213118047,-1.1991491403853496,0.0,0.31730465640509214,0.0,0.9483236552061993,1
1002.3986823315701,LHR-CTRL0002,hand_right,0.7548674135786623,1.0170075267635215,-1.410509181783089,0.08153579692138312,0.316129664775655,-0.027281496021766334,0.9448119753919515,1
1002.399948884109,LHR-CTRL0001,hand_left,0.35582587493799733,1.0151829698592016,-1.1100238647175733,0.08202276239570963,0.3161155613175842,-0.027444432390235095,0.9447698245988931,1
1002.3999740902523,LHR-TRKR0002,foot_left,0.5212160380624259,0.0810865829229051,-1.1398741521586608,0.0,0.31730465640509214,0.0,0.9483236552061993,1
1002.3999927886404,LHR-HMD00001,head,0.6008696913262453,1.7004886200244804,-1.1997653998916515,0.0,0.31730465640509214,0.0,0.9483236552061993,1
1002.4017197087561,LHR-TRKR0001,pelvis,0.5999117835472662,0.9999380780435977,-1.1989438519316786,0.0,0.31730465640509214,0.0,0.9483236552061993,1
1002.410151116442,LHR-CTRL0002,hand_right,0.7533758893241638,1.0167786419776592,-1.4124116877651536,0.08598668780196618,0.3159976096548574,-0.02877074327802389,0.9444173042381708,1
1002.4103635375099,LHR-CTRL0001,hand_left,0.3522116829311271,1.0181052239617412,-1.111427431032209,0.08606999489580085,0.3159950705466781,-0.02879861744170229,0.9444097156437364,1
1002.4105454338289,LHR-TRKR0001,pelvis,0.5991911778084212,0.9996272106285262,-1.2009225181413186,0.0,0.31730465640509214,0.0,0.9483236552061993,1
1002.4105499130008,LHR-HMD00001,head,0.6006724788921182,1.7009521537347008,-1.2008580470590668,0.0,0.31730465640509214,0.0,0.9483236552061993,1
1002.4117429117978,LHR-TRKR0002,foot_left,0.519630606000758,0.0800018383339341,-1.1402322947679235,0.0,0.31730465640509214,0.0,0.9483236552061993,1
1002.4204116961407,LHR-CTRL0002,hand_right,0.7511483594771943,1.0215814223081607,-1.4165891584043644,0.09004608872159407,0.31587099953280884,-0.030128999825713796,0.9440389064702731,1
1002.42134786819,LHR-TRKR0001,pelvis,0.5988714446213741,0.9999382042738468,-1.2001574350784143,0.0,0.31730465640509214,0.0,0.9483236552061993,1
1002.4213546054579,LHR-HMD00001,head,0.5987730555878562,1.6988463185393152,-1.1981413258708637,0.0,0.31730465640509214,0.0,0.9483236552061993,1
1002.4224372681521,LHR-CTRL0001,hand_left,0.3496099408103659,1.0226928760732572,-1.1154037898666116,0.0908559216195501,0.3158450364277982,-0.030399966122948683,0.9439613109287417,1
1002.4229505323416,LHR-TRKR0002,foot_left,0.5197807640787543,0.07902478929733103,-1.1393373651977212,0.0,0.31730465640509214,0.0,0.9483236552061993,1
1002.4320926341652,LHR-TRKR0001,pelvis,0.5988977425596447,1.0010375888114635,-1.200513304364111,0.0,0.31730465640509214,0.0,0.9483236552061993,1
1002.4335684952731,LHR-CTRL0002,hand_right,0.7470335223795798,1.0257475555975586,-1.4188746504156116,0.0953548967870334,0.3156965262251918,-0.031905302156544656,0.9435174607193979,1
1002.434274278117,LHR-TRKR0002,foot_left,0.5206749324971571,0.07950021525898299,-1.1400546564890268,0.0,0.31730465640509214,0.0,0.9483236552061993,1
1002.4343930350768,LHR-CTRL0001,hand_left,0.34778603908695677,1.0272886892863429,-1.1182226535579838,0.09569138705919618,0.31568512743204513,-0.032017890226668295,0.9434833933177273,1
1002.4363993700723,LHR-HMD00001,head,0.5989455674267521,1.6997654128774549,-1.2001854782990848,0.0,0.31730465640509214,0.0,0.9483236552061993,1
1002.4422578607603,LHR-CTRL0001,hand_left,0.3467759085237847,1.0287303075711225,-1.121288994213851,0.0989229389413131,0.3155735906081603,-0.03309915236115273,0.9431500448893907,1
1002.4430222289172,LHR-TRKR0001,pelvis,0.5994022542354511,0.9994663459146726,-1.2008460326550332,0.0,0.31730465640509214,0.0,0.9483236552061993,1
1002.4439995950171,LHR-CTRL0002,hand_right,0.7469998259369478,1.029728039941829,-1.4221931043441758,0.09964391324382799,0.31554819532335626,-0.03334038698825549,0.9430741463835719,1
1002.4443670993847,LHR-HMD00001,head,0.601031060165209,1.698261678901099,-1.2000392682109533,0.0,0.31730465640509214,0.0,0.9483236552061993,1
1002.4445233046837,LHR-TRKR0002,foot_left,0.5192452992254747,0.07954316745404073,-1.1388904626636058,0.0,0.31730465640509214,0.0,0.9483236552061993,1
1002.4535388948652,LHR-HMD00001,head,0.6012143883468487,1.7011148997621905,-1.1995906880055636,0.0,0.31730465640509214,0.0,0.9483236552061993,1
1002.4549607545009,LHR-TRKR0001,pelvis,0.5994680219524355,1.0008000257141447,-1.1987684958822067,0.0,0.31730465640509214,0.0,0.9483236552061993,1
1002.4559384957153,LHR-CTRL0002,hand_right,0.7416942869316281,1.0316450131972015,-1.4270095054030398,0.10463666237540127,0.3153672133136008,-0.03501093747912795,0.9425332481724891,1
1002.4562940132483,LHR-CTRL0001,hand_left,0.3415864962021682,1.0342858825519223,-1.1251125200655219,0.1047866745713304,0.3153616369809889,-0.035061130857754065,0.9425165822710646,1
1002.456929287196,LHR-TRKR0002,foot_left,0.519455001855331,0.08058908369837697,-1.1405410644105287,0.0,0.31730465640509214,0.0,0.9483236552061993,1
1002.4656018842584,LHR-TRKR0001,pelvis,0.60111532896851,1.0006768916449575,-1.1996819362687483,0.0,0.31730465640509214,0.0,0.9483236552061993,1
1002.4660180660588,LHR-HMD00001,head,0.5997390609126201,1.701757683446635,-1.201671947176519,0.0,0.31730465640509214,0.0,0.9483236552061993,1
1002.4671918279809,LHR-TRKR0002,foot_left,0.5202553060275863,0.08011733875061414,-1.1418973614714538,0.0,0.31730465640509214,0.0,0.9483236552061993,1
1002.467276600498,LHR-CTRL0002,hand_right,0.7400397129973317,1.0375945168999243,-1.4300008056405256,0.10945795631717167,0.31518394442038966,-0.03662411986598802,0.9419855151872105,1
1002.4688084946796,LHR-CTRL0001,hand_left,0.3397950964545996,1.0393435997060325,-1.1280280002166363,0.11011515719085467,0.3151583148933859,-0.03684401620229503,0.9419089166052521,1
1002.476551776054,LHR-CTRL0001,hand_left,0.33971545095872613,1.039420781865674,-1.132546933032364,0.11345771693535658,0.3150255538278298,-0.03796242104796141,0.9415121356049868,1
1002.4773507077697,LHR-TRKR0001,pelvis,0.6002496892083928,1.0007815389188173,-1.1997635626823275,0.0,0.31730465640509214,0.0,0.9483236552061993,1
1002.477991247549,LHR-CTRL0002,hand_right,0.738038957119335,1.0410362894240852,-1.432700295825802,0.11408283903240996,0.3150002780207275,-0.03817158397575279,0.941436594180379,1
1002.4784558175049,LHR-HMD00001,head,0.6009809852752118,1.7005081778886457,-1.1994089633155922,0.0,0.31730465640509214,0.0,0.9483236552061993,1
1002.4785178818682,LHR-TRKR0002,foot_left,0.5191528487807693,0.07940436418838825,-1.138168320622783,0.0,0.31730465640509214,0.0,0.9483236552061993,1
1002.4874358347532,LHR-TRKR0001,pelvis,0.6005838089885221,0.9999309798579836,-1.200133093343569,0.0,0.31730465640509214,0.0,0.9483236552061993,1
1002.4879974988884,LHR-CTRL0002,hand_right,0.734694436633771,1.045751205391198,-1.4351796009152418,0.11845992918000686,0.3148193474875977,-0.03963613785217736,0.9408958498167128,1
1002.4883888804558,LHR-HMD00001,head,0.6002658088302412,1.700205180147447,-1.1990692120041977,0.0,0.31730465640509214,0.0,0.9483236552061993,1
1002.4885438502524,LHR-TRKR0002,foot_left,0.51956223473037,0.07855274152874883,-1.141681407659881,0.0,0.31730465640509214,0.0,0.9483236552061993,1
1002.4892103853374,LHR-CTRL0001,hand_left,0.3351411092302691,1.0471736994266707,-1.136288726514554,0.11899418934569396,0.31479678970672414,-0.039814898803012665,0.9408284317162229,1
1002.49882214905,LHR-CTRL0001,hand_left,0.3346592134335191,1.050184897621752,-1.1398960491770251,0.12325556751568317,0.31461316989452764,-0.041240735993319365,0.9402796499446499,1
1002.4990551695374,LHR-CTRL0002,hand_right,0.7323472072329575,1.0486569414926465,-1.4397869554264586,0.12335947505756405,0.3146086105479098,-0.04127550297049367,0.940266023493973,1
1002.4997045531142,LHR-TRKR0002,foot_left,0.5209903523701961,0.0796863142281853,-1.1391834117516746,0.0,0.31730465640509214,0.0,0.9483236552061993,1
1002.5012733405832,LHR-TRKR0001,pelvis,0.6006777915976786,0.9993210831879339,-1.197920514769603,0.0,0.31730465640509214,0.0,0.9483236552061993,1
1002.5013604462025,LHR-HMD00001,head,0.5988469552113493,1.6987534480544548,-1.199837546764656,0.0,0.31730465640509214,0.0,0.9483236552061993,1
1002.5102001678711,LHR-TRKR0002,foot_left,0.521390321164392,0.08083780806235297,-1.140626907293758,0.0,0.31730465640509214,0.0,0.9483236552061993,1
1002.5102381942635,LHR-CTRL0001,hand_left,0.329230789872195,1.052962871249487,-1.1444027914755937,0.1283784686145739,0.3143837259627942,-0.042954834723280225,0.9395939143160854,1
1002.5112718519903,LHR-CTRL0002,hand_right,0.7291898621579462,1.054111019963057,-1.444729614140253,0.1288455174604024,0.3143623346118262,-0.04311110708107328,0.9395299823071148,1
1002.5115271803253,LHR-TRKR0001,pelvis,0.5978677930382587,0.9978014113834922,-1.2008447765402404,0.0,0.31730465640509214,0.0,0.9483236552061993,1
1002.5121135093839,LHR-HMD00001,head,0.6000521507916822,1.7001636601623398,-1.1984095670164947,0.0,0.31730465640509214,0.0,0.9483236552061993,1
1002.5211785485036,LHR-CTRL0002,hand_right,0.7272305815379395,1.0596157562613926,-1.4494780436977313,0.13334783056532817,0.3141520624131202,-0.04461755997291429,0.9389015449487592,1
1002.5220698835864,LHR-HMD00001,head,0.5994206906464403,1.7007513187611407,-1.1996155522962597,0.0,0.31730465640509214,0.0,0.9483236552061993,1
1002.5221013680515,LHR-TRKR0002,foot_left,0.5197741991260026,0.08105229708305281,-1.1394329668704544,0.0,0.31730465640509214,0.0,0.9483236552061993,1
1002.5223364030043,LHR-CTRL0001,hand_left,0.32680168299153306,1.0596070084752656,-1.1463472609342718,0.13387706639602037,0.31412686166756565,-0.0447946398047767,0.9388262278594702,1
1002.5233726076725,LHR-TRKR0001,pelvis,0.6004629535929047,0.9988801851785468,-1.1988912783770425,0.0,0.31730465640509214,0.0,0.9483236552061993,1
1002.5322680112396,LHR-TRKR0002,foot_left,0.5209133715619666,0.07918893975554814,-1.140954139148794,0.0,0.31730465640509214,0.0,0.9483236552061993,1
1002.5328611173906,LHR-HMD00001,head,0.6023665624023404,1.6985978133485011,-1.2005460071183318,0.0,0.31730465640509214,0.0,0.9483236552061993,1
1002.5333590415198,LHR-TRKR0001,pelvis,0.6003204039550187,0.9997278164471788,-1.2014501660364434,0.0,0.31730465640509214,0.0,0.9483236552061993,1
1002.5337647715296,LHR-CTRL0002,hand_right,0.7244449171071978,1.064164955535681,-1.4505521107221129,0.13913353566588307,0.3138710294824725,-0.046553429819579245,0.9380616260548967,1
1002.5351579113882,LHR-CTRL0001,hand_left,0.32503658058936474,1.0624025592033521,-1.1519118710913065,0.13977828382704288,0.31383895662042544,-0.046769159536560884,0.9379657703743848,1
1002.5434396434374,LHR-HMD00001,head,0.5995432099659671,1.7013206028966041,-1.200819918570836,0.0,0.31730465640509214,0.0,0.9483236552061993,1
1002.5440570548178,LHR-TRKR0002,foot_left,0.5196572211928469,0.0806707267930141,-1.1394657706561353,0.0,0.31730465640509214,0.0,0.9483236552061993,1
1002.5445824548523,LHR-TRKR0001,pelvis,0.6016645308334712,1.000869442907317,-1.2002389534761084,0.0,0.31730465640509214,0.0,0.9483236552061993,1
1002.5450541548174,LHR-CTRL0002,hand_right,0.7211433367817304,1.0659031821276341,-1.4557475692574688,0.1443821967909546,0.31360552741013553,-0.048309607265680655,0.9372681240037263,1
1002.5460534339368,LHR-CTRL0001,hand_left,0.32061251924224043,1.0662391973339382,-1.1528325966598683,0.1448493593974073,0.3135814085673554,-0.048465917687246125,0.9371960403809905,1
1002.5537508136915,LHR-TRKR0001,pelvis,0.6012604578089723,0.9992400028819821,-1.2005465840782645,0.0,0.31730465640509214,0.0,0.9483236552061993,1
1002.5548555890132,LHR-HMD00001,head,0.6016579429995164,1.7015981083131346,-1.199134387349106,0.0,0.31730465640509214,0.0,0.9483236552061993,1
1002.5554958727021,LHR-CTRL0002,hand_right,0.7188112665057861,1.0695978464175937,-1.4587103271712765,0.14928358184022408,0.3133485019251496,-0.04994958776224367,0.9364999558017072,1
1002.5556693778824,LHR-CTRL0001,hand_left,0.31825207484861756,1.0718443972198473,-1.1577836068437406,0.14936539062614362,0.3133441373085333,-0.049976960599106494,0.9364869113376577,1
1002.5580318968689,LHR-TRKR0002,foot_left,0.5190268207674241,0.07990751728523676,-1.1393036885532801,0.0,0.31730465640509214,0.0,0.9483236552061993,1
1002.565193523592,LHR-HMD00001,head,0.600437376040227,1.6984438218110633,-1.1998178504931216,0.0,0.31730465640509214,0.0,0.9483236552061993,1
1002.5660813284766,LHR-TRKR0001,pelvis,0.5993467458278204,1.0015231933959843,-1.198549926681573,0.0,0.31730465640509214,0.0,0.9483236552061993,1
1002.566783855134,LHR-CTRL0002,hand_right,0.7158690096748539,1.0752128187853047,-1.4627960917611174,0.1546297417400442,0.31305811632963765,-0.051738387842033155,0.9356320847390035,1
1002.5676934739715,LHR-CTRL0001,hand_left,0.3148253432095648,1.076494032385413,-1.1617098325286297,0.15506260508585804,0.31303414552171177,-0.05188322189152647,0.9355604435458105,1
1002.567993726938,LHR-TRKR0002,foot_left,0.5202577994313127,0.07988627602481586,-1.1396868825830355,0.0,0.31730465640509214,0.0,0.9483236552061993,1
1002.5750121998531,LHR-CTRL0001,hand_left,0.31383546341914403,1.078315787643168,-1.1645714595827705,0.15855608777714567,0.3128381642724904,-0.05305212484879281,0.9349747173332831,1
1002.5759987686498,LHR-TRKR0001,pelvis,0.5996055253471244,1.0005128533548358,-1.1993482620726772,0.0,0.31730465640509214,0.0,0.9483236552061993,1
1002.5769270545688,LHR-TRKR0002,foot_left,0.520024096444888,0.07938761043098258,-1.138375916249784,0.0,0.31730465640509214,0.0,0.9483236552061993,1
1002.577527881516,LHR-CTRL0002,hand_right,0.7118092806030786,1.0786815268845944,-1.464694712960493,0.15976120173456757,0.31276951657178986,-0.053455350338412796,0.9347695509824724,1
1002.5789821740693,LHR-HMD00001,head,0.5985693283412616,1.6996373736103885,-1.1997968992667036,0.0,0.31730465640509214,0.0,0.9483236552061993,1
1002.5875490541205,LHR-TRKR0001,pelvis,0.5995047321282471,1.0001611774296884,-1.1990636184909724,0.0,0.31730465640509214,0.0,0.9483236552061993,1
1002.5880864087253,LHR-TRKR0002,foot_left,0.5212719074994978,0.08074597801324358,-1.1397105080757388,0.0,0.31730465640509214,0.0,0.9483236552061993,1
1002.5885366810276,LHR-CTRL0001,hand_left,0.31042007348451484,1.0853816454533087,-1.169900484222438,0.16505948721678498,0.3124613550943072,-0.05522813186214855,0.9338485534086234,1
1002.5894998592368,LHR-CTRL0002,hand_right,0.7101573985970216,1.0849511241654393,-1.471065602557633,0.16552488492125414,0.3124337912919286,-0.05538385175577092,0.9337661738869384,1
1002.590479589676,LHR-HMD00001,head,0.5996911286210308,1.7009508056222091,-1.2001291761471296,0.0,0.31730465640509214,0.0,0.9483236552061993,1
1002.5987438619303,LHR-HMD00001,head,0.5984514177797288,1.6989399427739693,-1.2012739083901165,0.0,0.31730465640509214,0.0,0.9483236552061993,1
1002.5994098239995,LHR-TRKR0002,foot_left,0.5211028502124146,0.08015459683433405,-1.1403448723688119,0.0,0.31730465640509214,0.0,0.9483236552061993,1
1002.5995541401394,LHR-CTRL0002,hand_right,0.7061444437446487,1.0890464596085816,-1.4736448627114604,0.17039974884692008,0.312140256125399,-0.05701495840850825,0.9328888897486951,1
1002.5997490903102,LHR-CTRL0001,hand_left,0.3063938083785149,1.0869516574904885,-1.1737395643524657,0.17049456448705935,0.31213445965375713,-0.05704668327791444,0.932871565921062,1
1002.6001654782258,LHR-TRKR0001,pelvis,0.599281448004423,1.0004325159467535,-1.2011034049900864,0.0,0.31730465640509214,0.0,0.9483236552061993,1
1002.6099294281354,LHR-HMD00001,head,0.599683569622234,1.7012475848570197,-1.1994942539518534,0.0,0.31730465640509214,0.0,0.9483236552061993,1
1002.6108436960923,LHR-TRKR0001,pelvis,0.5996142258187656,1.0006629320385423,-1.200924681472072,0.0,0.31730465640509214,0.0,0.9483236552061993,1
1002.610980504593,LHR-CTRL0002,hand_right,0.7021135384778483,1.0926333626444549,-1.478675986945573,0.17597480109647087,0.31179376192111014,-0.058880344797187456,0.9318533277306595,1
1002.6116539842637,LHR-TRKR0002,foot_left,0.5214305156462363,0.08015440614507534,-1.1399868700978906,0.0,0.31730465640509214,0.0,0.9483236552061993,1
1002.6116847215382,LHR-CTRL0001,hand_left,0.30396998355382,1.0946716256825815,-1.1790037440630876,0.1763195374412805,0.3117719572154765,-0.05899569196462301,0.9317881603348153,1
1002.6204537103652,LHR-HMD00001,head,0.6003395094715797,1.6987146186068474,-1.1976308361470098,0.0,0.31730465640509214,0.0,0.9483236552061993,1
1002.6214384987104,LHR-CTRL0001,hand_left,0.2988728164325475,1.0962556121351976,-1.181704770786593,0.18110705899466176,0.311464570969379,-0.06059757426839966,0.9308694796833499,1
1002.621466619922,LHR-TRKR0002,foot_left,0.5188772016750154,0.07970955853102821,-1.1415040728857517,0.0,0.31730465640509214,0.0,0.9483236552061993,1
1002.6224625193611,LHR-TRKR0001,pelvis,0.6008003875387566,1.000194184895414,-1.200322397296547,0.0,0.31730465640509214,0.0,0.9483236552061993,1
1002.6245013874652,LHR-CTRL0002,hand_right,0.6980332988167434,1.0981430544228332,-1.4832093658651133,0.18261513301207047,0.3113659742926515,-0.061102168776087304,0.9305748052782378,1
1002.6323694791026,LHR-HMD00001,head,0.5999717368378116,1.702416912669832,-1.2008674214463024,0.0,0.31730465640509214,0.0,0.9483236552061993,1
1002.6323806088133,LHR-CTRL0002,hand_right,0.6968031008393057,1.1004821406694625,-1.4844901232416763,0.18650422121670532,0.31110778793950133,-0.062403439486488854,0.9298031676069923,1
1002.6324482135619,LHR-CTRL0001,hand_left,0.29721051036253776,1.103533850766775,-1.1883109317495812,0.18653764755192406,0.3111055443326747,-0.062414623781801154,0.9297964621730073,1
1002.6336625896561,LHR-TRKR0001,pelvis,0.5995379976750105,1.000575759536661,-1.1989975577248635,0.0,0.31730465640509214,0.0,0.9483236552061993,1
1002.6348206578111,LHR-TRKR0002,foot_left,0.5191260860112081,0.07994577177539279,-1.1407274395314047,0.0,0.31730465640509214,0.0,0.9483236552061993,1
1002.6413381076432,LHR-HMD00001,head,0.599432153519464,1.702599661490267,-1.2010749939792558,0.0,0.31730465640509214,0.0,0.9483236552061993,1
1002.6435215067846,LHR-CTRL0001,hand_left,0.293757684836414,1.1052279480683558,-1.189049157979218,0.19202495759591226,0.31073155406056574,-0.06425065203917632,0.9286787230705431,1
1002.6441894381715,LHR-CTRL0002,hand_right,0.6937465039618588,1.1060027054772894,-1.491099631568695,0.19235668952129611,0.31070858250863814,-0.06436164798873915,0.9286100683387265,1
1002.6442593484035,LHR-TRKR0001,pelvis,0.6004987505897901,0.99940795676393,-1.1998781411689425,0.0,0.31730465640509214,0.0,0.9483236552061993,1
1002.6446578447814,LHR-TRKR0002,foot_left,0.5193049489785131,0.07881469503116878,-1.1398410899423381,0.0,0.31730465640509214,0.0,0.9483236552061993,1
1002.6544132765989,LHR-HMD00001,head,0.6004187058206919,1.699661794725522,-1.200813412339691,0.0,0.31730465640509214,0.0,0.9483236552061993,1
1002.6553494023111,LHR-TRKR0002,foot_left,0.5198643520436919,0.08047820929565937,-1.1382288168124106,0.0,0.31730465640509214,0.0,0.9483236552061993,1
1002.6561250593638,LHR-CTRL0001,hand_left,0.29216828558224583,1.110981080053889,-1.1935495576408561,0.1982973960885667,0.3102901942863475,-0.06634938060068313,0.9273596377501775,1
1002.6561445537516,LHR-CTRL0002,hand_right,0.6898141863029589,1.1118707272901676,-1.4943113575403286,0.19830711768587858,0.31028949872179196,-0.06635263340164177,0.9273575589268497,1
1002.6586730353367,LHR-TRKR0001,pelvis,0.6021623373592914,0.9990795223671186,-1.2000423458463256,0.0,0.31730465640509214,0.0,0.9483236552061993,1
1002.6658441033287,LHR-TRKR0002,foot_left,0.5198706372214835,0.07969211883124033,-1.1399371156531066,0.0,0.31730465640509214,0.0,0.9483236552061993,1
1002.6661859815666,LHR-CTRL0002,hand_right,0.6871393919232327,1.114928843989672,-1.4994146911556996,0.2033218509862672,0.3099259438083562,-0.068030539692503,0.926271007823933,1
1002.6662482560829,LHR-TRKR0001,pelvis,0.601533764484646,0.9992974695131565,-1.2024232947175737,0.0,0.31730465640509214,0.0,0.9483236552061993,1
1002.6670414323188,LHR-CTRL0001,hand_left,0.28801598856758687,1.113741768930659,-1.1981712066275165,0.20374969079805763,0.30989448619482374,-0.0681736928910247,0.926176990927405,1
1002.6679635820665,LHR-HMD00001,head,0.6021610795966179,1.6989958689491893,-1.1991025649984026,0.0,0.31730465640509214,0.0,0.9483236552061993,1
1002.6774113404609,LHR-CTRL0001,hand_left,0.28433759872594233,1.1174247589858282,-1.2028879168845048,0.20894283108610773,0.30950711791813457,-0.06991129332492392,0.9250192691838202,1
1002.6774321052484,LHR-HMD00001,head,0.6011043125974838,1.6989881985445245,-1.2018972252908544,0.0,0.31730465640509214,0.0,0.9483236552061993,1
1002.6777205938512,LHR-TRKR0002,foot_left,0.520719908604225,0.08013741799050261,-1.1415809597311863,0.0,0.31730465640509214,0.0,0.9483236552061993,1
1002.6780526455553,LHR-CTRL0002,hand_right,0.6839792588294662,1.1206764842900596,-1.5038179704279153,0.20926436874359972,0.3094827970261669,-0.0700188783201644,0.9249465816997159,1
1002.6788080309627,LHR-TRKR0001,pelvis,0.5998015765360575,1.0004089810865595,-1.1997567147982284,0.0,0.31730465640509214,0.0,0.9483236552061993,1
1002.6885212565124,LHR-TRKR0002,foot_left,0.5187318796384038,0.08005783289851738,-1.1400865466974934,0.0,0.31730465640509214,0.0,0.9483236552061993,1
1002.6888273226946,LHR-TRKR0001,pelvis,0.5994175193738104,0.9998596801657637,-1.1991445030136003,0.0,0.31730465640509214,0.0,0.9483236552061993,1
1002.6890553534445,LHR-CTRL0002,hand_right,0.6810751646078665,1.1247889606506523,-1.5075070507194868,0.21478665103210917,0.3090589516786282,-0.07186660812686888,0.9236798414829985,1
1002.6897434731237,LHR-HMD00001,head,0.5982193601027362,1.6992004165321923,-1.1997773353312475,0.0,0.31730465640509214,0.0,0.9483236552061993,1
1002.6898256306425,LHR-CTRL0001,hand_left,0.28153671598612595,1.1248332382315065,-1.2066500464099685,0.21517361615444996,0.3090288153930902,-0.07199608484561464,0.9235897736195782,1
1002.6995110309362,LHR-HMD00001,head,0.6003354421305038,1.6998109534258337,-1.2001053065846508,0.0,0.31730465640509214,0.0,0.9483236552061993,1
1002.699651539994,LHR-TRKR0002,foot_left,0.5211914149780653,0.07982122211095101,-1.1405790080091553,0.0,0.31730465640509214,0.0,0.9483236552061993,1
1002.6998590304344,LHR-CTRL0001,hand_left,0.2792377349895814,1.130605233852648,-1.2101293053007782,0.22021748061082938,0.3086307691866005,-0.07368373828492207,0.9224001389077656,1
1002.6998920828338,LHR-TRKR0001,pelvis,0.5999525765370537,0.9999526592204799,-1.2004249514016345,0.0,0.31730465640509214,0.0,0.9483236552061993,1
1002.7004289239218,LHR-CTRL0002,hand_right,0.6786225888070745,1.130062526042087,-1.511167743154131,0.2205041308066661,0.30860785506473204,-0.07377965009878337,0.9223316558163028,1
1002.7099896536602,LHR-TRKR0002,foot_left,0.5221751595397836,0.08039280993980723,-1.1400784128125767,0.0,0.31730465640509214,0.0,0.9483236552061993,1
1002.7104836675243,LHR-CTRL0001,hand_left,0.2763873649991469,1.1349130476521985,-1.2132244884659515,0.22556351227601182,0.3081982274538506,-0.07547249545800197,0.9211074079353373,1
1002.7117732611781,LHR-CTRL0002,hand_right,0.6766854764568988,1.1340017187553624,-1.515421072524554,0.2262126127388407,0.308144961180058,-0.07568968143475116,0.9209482118238319,1
1002.7121789127112,LHR-TRKR0001,pelvis,0.6002785594747647,1.0004628632400905,-1.2002538903528326,0.0,0.31730465640509214,0.0,0.9483236552061993,1
1002.7128717784082,LHR-HMD00001,head,0.6009740473583799,1.7007681529784031,-1.1996212457748583,0.0,0.31730465640509214,0.0,0.9483236552061993,1
1002.7215280283996,LHR-CTRL0001,hand_left,0.2721689469735208,1.1384744768175212,-1.2193220825769309,0.23112310280994394,0.30773673356196574,-0.07733270842900371,0.9197281480802632,1
1002.7224214402052,LHR-HMD00001,head,0.5993830328818931,1.70077757277895,-1.1998187903225783,0.0,0.31730465640509214,0.0,0.9483236552061993,1
1002.7225281181802,LHR-TRKR0002,foot_left,0.5202403634305466,0.07905505615528945,-1.1390609736964072,0.0,0.31730465640509214,0.0,0.9483236552061993,1
1002.723371769781,LHR-TRKR0001,pelvis,0.5991041592389936,0.9998145062346984,-1.2010446125322827,0.0,0.31730465640509214,0.0,0.9483236552061993,1
1002.72417957276,LHR-CTRL0002,hand_right,0.6728043901335259,1.137647786585547,-1.5215117814216188,0.23245786344408464,0.30762415937573206,-0.0777793130898428,0.9193916993026735,1
1002.7312392529495,LHR-CTRL0001,hand_left,0.2702961373248993,1.1436703994196205,-1.2220530969998038,0.23601108277447266,0.3073211151045867,-0.07896820364695492,0.918485995446456,1
1002.7326715361753,LHR-TRKR0001,pelvis,0.6004458688692932,1.0004809058924837,-1.2004284476428368,0.0,0.31730465640509214,0.0,0.9483236552061993,1
1002.7329513310412,LHR-HMD00001,head,0.5992521648527891,1.6994231041229546,-1.1987713522415628,0.0,0.31730465640509214,0.0,0.9483236552061993,1
1002.7339464235727,LHR-TRKR0002,foot_left,0.5202567338851055,0.08039550724574503,-1.1405329470342884,0.0,0.31730465640509214,0.0,0.9483236552061993,1
1002.7341667322582,LHR-CTRL0002,hand_right,0.6684713774264347,1.1437819863959229,-1.5233651451778232,0.23748413515508185,0.30719404572525505,-0.07946108007888814,0.9181062251032226,1
1002.7442417483207,LHR-TRKR0001,pelvis,0.6000967336981157,0.9994174061765434,-1.2013400375637042,0.0,0.31730465640509214,0.0,0.9483236552061993,1
1002.7446086954288,LHR-CTRL0001,hand_left,0.266110093064885,1.1464170128552311,-1.226819793977241,0.24273538153780458,0.3067341871187738,-0.08121812254009936,0.9167318526010443,1
1002.7448203148891,LHR-TRKR0002,foot_left,0.522124552203367,0.07788147530224014,-1.1402443345975697,0.0,0.31730465640509214,0.0,0.9483236552061993,1
1002.7452224693634,LHR-CTRL0002,hand_right,0.6645986771976231,1.1482459475607922,-1.52873121225483,0.2430438664950789,0.3067068382192627,-0.08132134016294014,0.9166501153563277,1
1002.7469968684698,LHR-HMD00001,head,0.6018453819625833,1.6994702732675695,-1.2020780681543322,0.0,0.31730465640509214,0.0,0.9483236552061993,1
1002.7547086261379,LHR-TRKR0002,foot_left,0.5209884409313527,0.08105365504716712,-1.1397645059611465,0.0,0.31730465640509214,0.0,0.9483236552061993,1
1002.7552310836993,LHR-HMD00001,head,0.6005874637169933,1.6990967371737964,-1.1992675018391739,0.0,0.31730465640509214,0.0,0.9483236552061993,1
1002.75625007515,LHR-CTRL0001,hand_left,0.26307016484458395,1.1534483662643495,-1.2308520899320763,0.2485818414895623,0.30620953178584065,-0.0831743206756138,0.9151638230968839,1
1002.7563333935783,LHR-TRKR0001,pelvis,0.6002426271129984,1.0022989066418162,-1.201106971324111,0.0,0.31730465640509214,0.0,0.9483236552061993,1
1002.7565991345916,LHR-CTRL0002,hand_right,0.6613184582151963,1.152436279907946,-1.5326136607419398,0.24875697725982007,0.3061936086159341,-0.08323292028461944,0.9151162337584248,1
1002.7654454433169,LHR-HMD00001,head,0.5996240427222983,1.7022295984798226,-1.1998877554946592,0.0,0.31730465640509214,0.0,0.9483236552061993,1
1002.7668704899486,LHR-TRKR0001,pelvis,0.6000594691672865,1.0009676631519275,-1.199915278777093,0.0,0.31730465640509214,0.0,0.9483236552061993,1
1002.7669283061034,LHR-CTRL0002,hand_right,0.6584663916365223,1.1576743443859914,-1.5389203348508955,0.2539341426999908,0.3057174576468498,-0.08496517560918848,0.913693168517127,1
1002.7671648242606,LHR-CTRL0001,hand_left,0.26083988347477594,1.1583668332967276,-1.2358405291280428,0.2540525578942669,0.3057064433421755,-0.08500479677895117,0.9136602502303723,1
1002.7682896252007,LHR-TRKR0002,foot_left,0.5194880782632516,0.08046642438266732,-1.1401456564455539,0.0,0.31730465640509214,0.0,0.9483236552061993,1
1002.7764159007459,LHR-TRKR0001,pelvis,0.6024856867963393,1.0007196108330905,-1.200387943225866,0.0,0.31730465640509214,0.0,0.9483236552061993,1
1002.7775099881369,LHR-TRKR0002,foot_left,0.5185331536249378,0.07997840782719375,-1.1402491342732823,0.0,0.31730465640509214,0.0,0.9483236552061993,1
1002.7779796877797,LHR-HMD00001,head,0.6009028507011136,1.6987849462687161,-1.2028192914384308,0.0,0.31730465640509214,0.0,0.9483236552061993,1
1002.7796115483287,LHR-CTRL0002,hand_right,0.6559704716677802,1.1632686225116866,-1.5410677299119089,0.26027439113671097,0.3051199277095022,-0.08708659306059535,0.9119073397785878,1
1002.780438983725,LHR-CTRL0001,hand_left,0.25767836695035756,1.1610788599723003,-1.2395322353727212,0.2606872718910842,0.3050804640236097,-0.08722474102852112,0.9117893952539865,1
1002.7876300151662,LHR-TRKR0002,foot_left,0.5199310324239489,0.08025174654503854,-1.1402801805817016,0.0,0.31730465640509214,0.0,0.9483236552061993,1
1002.7882468599092,LHR-CTRL0002,hand_right,0.6528675345783131,1.1645830132339638,-1.5450238361230277,0.26457825149353764,0.3047052316152026,-0.08852664459178008,0.9106679437974462,1
1002.7885370734448,LHR-CTRL0001,hand_left,0.2529417098595186,1.1643598373198116,-1.2439478288496795,0.26472269215578276,0.304691186284632,-0.08857497376131308,0.9106259667291732,1
1002.7886370893364,LHR-TRKR0001,pelvis,0.602724950955584,0.9996285742515266,-1.2005229401533206,0.0,0.31730465640509214,0.0,0.9483236552061993,1
1002.7888500538503,LHR-HMD00001,head,0.6001353311184024,1.700261963090102,-1.1992797003643911,0.0,0.31730465640509214,0.0,0.9483236552061993,1
1002.798710222169,LHR-CTRL0001,hand_left,0.25085627014476775,1.1712802873288384,-1.248314546655422,0.2697768202738409,0.3041944824292819,-0.09026606137377916,0.9091414753857521,1
1002.7987814312359,LHR-TRKR0002,foot_left,0.5208197744792462,0.08076479375274269,-1.139643385381509,0.0,0.31730465640509214,0.0,0.9483236552061993,1
1002.799826375799,LHR-TRKR0001,pelvis,0.6012226941453274,1.0006851488363517,-1.1994706601364582,0.0,0.31730465640509214,0.0,0.9483236552061993,1
1002.7998704635545,LHR-CTRL0002,hand_right,0.6496827364789161,1.1692046192291756,-1.5486010953772171,0.2703520586610109,0.30413730238693576,-0.09045853344572417,0.908970582253023,1
1002.8010663245532,LHR-HMD00001,head,0.5994461885463451,1.698708161495356,-1.2016004953758483,0.0,0.31730465640509214,0.0,0.9483236552061993,1
1002.8101894771867,LHR-HMD00001,head,0.6005531409147047,1.7007102909260938,-1.2008757583283962,0.0,0.31730465640509214,0.0,0.9483236552061993,1
1002.810544482394,LHR-TRKR0001,pelvis,0.5992203072764294,1.0011262720758418,-1.20017129377458,0.0,0.31730465640509214,0.0,0.9483236552061993,1
1002.8108585176282,LHR-TRKR0002,foot_left,0.5207278268558164,0.07877219834933495,-1.137925787738488,0.0,0.31730465640509214,0.0,0.9483236552061993,1
1002.8117854161525,LHR-CTRL0002,hand_right,0.6474678518297218,1.1752031072896505,-1.5532143465986545,0.2762440251675912,0.30354398011832984,-0.09242995786148893,0.9071973289107799,1
1002.8128988128946,LHR-CTRL0001,hand_left,0.24594084064083604,1.1763998079471445,-1.2523621459257932,0.27679309331255225,0.30348797745299183,-0.09261367349288058,0.907029954587011,1
1002.8222481666427,LHR-CTRL0002,hand_right,0.6446708005940961,1.1813661889163158,-1.558342593435379,0.28139270621521145,0.30301405473244775,-0.09415268244163166,0.9056135488786187,1
1002.8225458242512,LHR-TRKR0002,foot_left,0.5194578865812027,0.08003902076156619,-1.1403941550369103,0.0,0.31730465640509214,0.0,0.9483236552061993,1
1002.8228191766793,LHR-TRKR0001,pelvis,0.6009832188880455,0.9995019108663106,-1.2004176817021233,0.0,0.31730465640509214,0.0,0.9483236552061993,1
1002.8230269391537,LHR-HMD00001,head,0.5994719653797158,1.6992718145577517,-1.2018952074828808,0.0,0.31730465640509214,0.0,0.9483236552061993,1
1002.8237881711536,LHR-CTRL0001,hand_left,0.24325444635416898,1.1809109708998797,-1.2580946895149936,0.2821483849444542,0.3029353744104025,-0.09440552900748359,0.9053783981832582,1
1002.8321774068041,LHR-TRKR0001,pelvis,0.6007978392924209,1.0001942848916507,-1.1999225522494121,0.0,0.31730465640509214,0.0,0.9483236552061993,1
1002.8325490982035,LHR-CTRL0001,hand_left,0.24176468530944123,1.18437540717976,-1.26264751152295,0.28643616505498615,0.30248454672754715,-0.09584020016352165,0.9040310162667203,1
1002.8327543244391,LHR-CTRL0002,hand_right,0.6418547819189625,1.1847804369249992,-1.561014045641893,0.2865363716127459,0.3024739213563103,-0.09587372880873152,0.9039992603794811,1
1002.8339132641428,LHR-TRKR0002,foot_left,0.5206073892482553,0.07950623922956944,-1.1397675905451525,0.0,0.31730465640509214,0.0,0.9483236552061993,1
1002.834186081804,LHR-HMD00001,head,0.6001991156087165,1.7008460161166141,-1.2002233497107315,0.0,0.31730465640509214,0.0,0.9483236552061993,1
1002.8437767571525,LHR-HMD00001,head,0.5985775276953493,1.6998016781165497,-1.1986355773093764,0.0,0.31730465640509214,0.0,0.9483236552061993,1
1002.8439685320477,LHR-CTRL0002,hand_right,0.6399096427128768,1.1890312747045537,-1.5674921815928453,0.2919946448405309,0.3018889644728882,-0.09770004148331182,0.9022510085381443,1
1002.8441100114917,LHR-TRKR0002,foot_left,0.5199092848317446,0.07911886380345155,-1.137720829127197,0.0,0.31730465640509214,0.0,0.9483236552061993,1
1002.8443854704748,LHR-CTRL0001,hand_left,0.23881464212375272,1.1890883033497368,-1.2655143714767618,0.29219690356806666,0.30186705455298074,-0.09776771630687371,0.902185526689982,1
1002.8445977766175,LHR-TRKR0001,pelvis,0.6000646496376589,0.9994515417845607,-1.199950305047507,0.0,0.31730465640509214,0.0,0.9483236552061993,1
1002.8550656891533,LHR-CTRL0001,hand_left,0.23725544338656485,1.194123673671281,-1.2689075249976114,0.2973604264391646,0.3013020228671085,-0.09949540689168501,0.9004968249869427,1
1002.8554904665212,LHR-CTRL0002,hand_right,0.6353688688464679,1.1935895694884056,-1.5695771972676402,0.2975650759179606,0.3012794026269504,-0.09956388164942868,0.9004292202153286,1
1002.8557187995614,LHR-HMD00001,head,0.6021299060617329,1.7002690971392613,-1.2007889410286958,0.0,0.31730465640509214,0.0,0.9483236552061993,1
1002.8559867567433,LHR-TRKR0002,foot_left,0.5192698345973417,0.08057114635100035,-1.1385434988211371,0.0,0.31730465640509214,0.0,0.9483236552061993,1
1002.8576289348188,LHR-TRKR0001,pelvis,0.6013783427384183,1.0015153193237363,-1.1994173797073677,0.0,0.31730465640509214,0.0,0.9483236552061993,1
1002.8655264007999,LHR-CTRL0002,hand_right,0.6307802355271948,1.1980620784209706,-1.5717483492761404,0.30238347161135476,0.3007418210348723,-0.10117609429594732,0.8988225581948371,1
1002.8658359147098,LHR-HMD00001,head,0.5980144245395627,1.6984540639057648,-1.2000888875501867,0.0,0.31730465640509214,0.0,0.9483236552061993,1
1002.8672078056762,LHR-CTRL0001,hand_left,0.2314099267721703,1.198864341702694,-1.2720503859464367,0.303187515626657,0.3006511797115259,-0.10144512366014109,0.8985516598347487,1
1002.867384559982,LHR-TRKR0001,pelvis,0.5999070574584376,1.0000756713898282,-1.2006544713819154,0.0,0.31730465640509214,0.0,0.9483236552061993,1
1002.8676624212085,LHR-TRKR0002,foot_left,0.5206850690031822,0.07962644684043313,-1.138625452078408,0.0,0.31730465640509214,0.0,0.9483236552061993,1
1002.8766232321748,LHR-TRKR0001,pelvis,0.6007622790721189,1.000844471410573,-1.1989076609110305,0.0,0.31730465640509214,0.0,0.9483236552061993,1
1002.8770929639012,LHR-CTRL0002,hand_right,0.6296952741286229,1.2025646994688668,-1.5775704172927745,0.3078950100256066,0.3001151068191884,-0.10302022925261185,0.8969495068424855,1
1002.8774409052276,LHR-CTRL0001,hand_left,0.22934616202514743,1.2033140746327564,-1.277585614896527,0.30806008207537666,0.3000961415860026,-0.10307546158784554,0.8968928257352483,1
1002.8783103551167,LHR-TRKR0002,foot_left,0.5215713825597599,0.0796697144063555,-1.1397370262886577,0.0,0.31730465640509214,0.0,0.9483236552061993,1
1002.8801235858516,LHR-HMD00001,head,0.6002257654302023,1.7002566399244132,-1.2002629774654467,0.0,0.31730465640509214,0.0,0.9483236552061993,1
1002.8879604090055,LHR-TRKR0001,pelvis,0.6004513010915651,1.0005715697936923,-1.2001776381419607,0.0,0.31730465640509214,0.0,0.9483236552061993,1
1002.8881847493267,LHR-HMD00001,head,0.5984567778952391,1.6984235440702704,-1.1998526756356758,0.0,0.31730465640509214,0.0,0.9483236552061993,1
1002.8885734761708,LHR-CTRL0002,hand_right,0.6266146148550993,1.208093845521393,-1.5799704925235791,0.3133183121981868,0.2994860616721013,-0.10483484077580262,0.8950694890705,1
1002.8894417859657,LHR-TRKR0002,foot_left,0.5206429492289365,0.08177458330504249,-1.1394723367987771,0.0,0.31730465640509214,0.0,0.9483236552061993,1
1002.8896589421363,LHR-CTRL0001,hand_left,0.22567368864201806,1.2087024871056182,-1.28093640186657,0.3138285299332163,0.29942624788865435,-0.10500555724187045,0.8948907245153471,1
1002.8983248811427,LHR-TRKR0002,foot_left,0.5199385529386128,0.07955794204367218,-1.139632487089301,0.0,0.31730465640509214,0.0,0.9483236552061993,1
1002.8992499123304,LHR-CTRL0002,hand_right,0.6224064796009067,1.2118821765513206,-1.5852466653535042,0.31831682283759993,0.2988953595611948,-0.10650731904023156,0.893304066554173,1
1002.8995469255564,LHR-HMD00001,head,0.5991754321180195,1.7013048355415439,-1.2014589127535056,0.0,0.31730465640509214,0.0,0.9483236552061993,1
1002.8998278580822,LHR-TRKR0001,pelvis,0.6016859660734655,0.9996588300475102,-1.198355160320303,0.0,0.31730465640509214,0.0,0.9483236552061993,1
1002.9009833555601,LHR-CTRL0001,hand_left,0.2234292128184515,1.2119110023106567,-1.2838162436481615,0.3191241280796921,0.29879896815376045,-0.10677743959564509,0.8930159830042365,1
1002.9096371110787,LHR-TRKR0002,foot_left,0.5215596863603454,0.08024208349435114,-1.139427504653431,0.0,0.31730465640509214,0.0,0.9483236552061993,1
1002.9100452730892,LHR-HMD00001,head,0.6016870979236705,1.6993335038177744,-1.1997768109986353,0.0,0.31730465640509214,0.0,0.9483236552061993,1
1002.911298504138,LHR-TRKR0001,pelvis,0.5985079901923209,0.9993821135511716,-1.1994221196814279,0.0,0.31730465640509214,0.0,0.9483236552061993,1
1002.9119457591955,LHR-CTRL0002,hand_right,0.6194022485428008,1.2164108750712386,-1.5893780589803077,0.3242009296621833,0.2981864814930816,-0.10847611364318735,0.8911854533315849,1
1002.9130941385642,LHR-CTRL0001,hand_left,0.218920781291272,1.2161917188715612,-1.2907498653474896,0.32472982996625116,0.2981220436667751,-0.1086530812094117,0.8909928689690708,1
1002.9209995952779,LHR-TRKR0002,foot_left,0.5192891117812434,0.08041178148759061,-1.1419552692927863,0.0,0.31730465640509214,0.0,0.9483236552061993,1
1002.9216375549886,LHR-CTRL0002,hand_right,0.6179421127015192,1.2199520342423804,-1.5923467732277186,0.3286466294770303,0.29764113689919863,-0.10996362399314642,0.8895555901443338,1
1002.9218098388508,LHR-CTRL0001,hand_left,0.21754938307966876,1.220288846174674,-1.2916714519686405,0.32872528365674725,0.297631412633475,-0.10998994131353898,0.8895265273775919,1
1002.9218761009471,LHR-HMD00001,head,0.600223161929304,1.699655992450141,-1.2020134828446278,0.0,0.31730465640509214,0.0,0.9483236552061993,1
1002.9227514714622,LHR-TRKR0001,pelvis,0.6011226244596605,1.0006254816396103,-1.2000308236879302,0.0,0.31730465640509214,0.0,0.9483236552061993,1
1002.932866983487,LHR-TRKR0002,foot_left,0.5215974514103902,0.08010631608724982,-1.1399600671348904,0.0,0.31730465640509214,0.0,0.9483236552061993,1
1002.9333274573066,LHR-HMD00001,head,0.5995176046135822,1.701522460196034,-1.2012807932750613,0.0,0.31730465640509214,0.0,0.9483236552061993,1
1002.9338332566359,LHR-TRKR0001,pelvis,0.5996234050456433,0.9994108663896886,-1.2002386551577342,0.0,0.31730465640509214,0.0,0.9483236552061993,1
1002.9339652154854,LHR-CTRL0002,hand_right,0.612753208950983,1.226660422916808,-1.597160408316158,0.334240671236931,0.2969429175689919,-0.11183536418310833,0.8874688325314485,1
1002.9341079132784,LHR-CTRL0001,hand_left,0.21353058057180602,1.2236454922959048,-1.2967811716749988,0.3343050138289872,0.2969348084751032,-0.11185689291325496,0.8874445970044817,1
1002.9429027236129,LHR-CTRL0002,hand_right,0.6101852237519866,1.226733635293488,-1.601103493780984,0.33825193613033105,0.2964339642414076,-0.11317751464172297,0.8859477313745595,1
1002.9446399731576,LHR-TRKR0001,pelvis,0.6002112801250543,0.9994312025212897,-1.200646591266277,0.0,0.31730465640509214,0.0,0.9483236552061993,1
1002.9447324551936,LHR-TRKR0002,foot_left,0.5208545451747895,0.0784094506765588,-1.141029184586047,0.0,0.31730465640509214,0.0,0.9483236552061993,1
1002.9452122335798,LHR-HMD00001,head,0.598157890852696,1.6997811265030371,-1.2004123870654095,0.0,0.31730465640509214,0.0,0.9483236552061993,1
1002.945487046515,LHR-CTRL0001,hand_left,0.2101336131036511,1.2289623476876157,-1.299716090554066,0.33940463616973066,0.29628642218887435,-0.11356320267969594,0.885506774660781,1
1002.9549450689094,LHR-HMD00001,head,0.5987071582419333,1.6992474272852331,-1.2004810790829372,0.0,0.31730465640509214,0.0,0.9483236552061993,1
1002.955238635495,LHR-TRKR0001,pelvis,0.5995413078794151,1.0006323890549074,-1.1999124779596197,0.0,0.31730465640509214,0.0,0.9483236552061993,1
1002.9552892217811,LHR-TRKR0002,foot_left,0.5190690380641322,0.07903161880337303,-1.1390491769340274,0.0,0.31730465640509214,0.0,0.9483236552061993,1
1002.9556530754093,LHR-CTRL0002,hand_right,0.608988506462706,1.232406453603356,-1.6049925741616788,0.343906947479605,0.2957046152518198,-0.11506965497092111,0.8837679370167865,1
1002.9557977483471,LHR-CTRL0001,hand_left,0.20881158138265263,1.233098599828296,-1.304353895910331,0.34397064472732336,0.29569632076454266,-0.11509096777187285,0.8837431474073877,1
1002.9651958275784,LHR-TRKR0001,pelvis,0.5986063325752846,0.9981307973831375,-1.2016700846602648,0.0,0.31730465640509214,0.0,0.9483236552061993,1
1002.966480892708,LHR-HMD00001,head,0.5995871255365347,1.7001627738223613,-1.1992933367476772,0.0,0.31730465640509214,0.0,0.9483236552061993,1
1002.9668161593218,LHR-TRKR0002,foot_left,0.5206421551747081,0.07931975714824263,-1.1386359350029018,0.0,0.31730465640509214,0.0,0.9483236552061993,1
1002.968271837246,LHR-CTRL0002,hand_right,0.6041434363274579,1.2382389896870667,-1.6090242220809363,0.3494221262047852,0.2949798737039493,-0.11691500795858382,0.881601912850791,1
1002.9682897210566,LHR-CTRL0001,hand_left,0.2039648584492237,1.2369144323993682,-1.308009750883542,0.34942988331757474,0.29497884496916715,-0.11691760345221608,0.8815988382866169,1
1002.9763612884113,LHR-HMD00001,head,0.6003870749051725,1.7003417487352317,-1.19831985704447,0.0,0.31730465640509214,0.0,0.9483236552061993,1
1002.9771283177771,LHR-CTRL0002,hand_right,0.6019409255152877,1.242370717429525,-1.6119030130099035,0.3532426275039108,0.2944700014677927,-0.11819332981142285,0.8800780653656696,1
1002.9781213413528,LHR-TRKR0002,foot_left,0.5215981807783292,0.07947750237585133,-1.139704159823495,0.0,0.31730465640509214,0.0,0.9483236552061993,1
1002.9782205617277,LHR-CTRL0001,hand_left,0.20379567763627454,1.2423964717682585,-1.3129481738076774,0.3537108522818461,0.2944070710947544,-0.11834999563059491,0.8798899863060702,1
1002.9782625573932,LHR-TRKR0001,pelvis,0.6008170001263812,0.9989670985244717,-1.200476142878965,0.0,0.31730465640509214,0.0,0.9483236552061993,1
1002.9879038924603,LHR-TRKR0002,foot_left,0.5199138139474389,0.08059664823054356,-1.1399752649335992,0.0,0.31730465640509214,0.0,0.9483236552061993,1
1002.9880614866622,LHR-HMD00001,head,0.6010953032250053,1.6970871598465076,-1.2003631618436277,0.0,0.31730465640509214,0.0,0.9483236552061993,1
1002.989032294042,LHR-CTRL0001,hand_left,0.1998123820330679,1.2458983406432769,-1.315549847483801,0.35830998261804636,0.2937837815008382,-0.11988884311486751,0.878027170069299,1
1002.9899476072052,LHR-TRKR0001,pelvis,0.5994586180477638,1.0018503989811198,-1.2000501255233633,0.0,0.31730465640509214,0.0,0.9483236552061993,1
1002.9905836309516,LHR-CTRL0002,hand_right,0.5982776694819036,1.2481938509857227,-1.6168378937001013,0.3589645089470604,0.29369431497945797,-0.12010784456104646,0.8777597828221809,1
1003.0005368354358,LHR-TRKR0001,pelvis,0.598435376207867,0.9990370848826412,-1.2005493211787839,0.0,0.31730465640509214,0.0,0.9483236552061993,1
1003.0016075700007,LHR-TRKR0002,foot_left,0.5216419730493123,0.08116380247702976,-1.1406663030300013,0.0,0.31730465640509214,0.0,0.9483236552061993,1
1003.0017077024726,LHR-CTRL0002,hand_right,0.5951562074946691,1.2521196915029873,-1.6190087681032117,0.3636173610564093,0.293052817348685,-0.12166466709916998,0.8758425484994545,1
1003.002127212116,LHR-CTRL0001,hand_left,0.19537332905319002,1.2512336337224697,-1.3199775719381701,0.3637914199822505,0.2930286317642509,-0.121722906401074,0.8757702654069413,1
1003.0027558075583,LHR-HMD00001,head,0.598423449809483,1.6993108635358627,-1.199228926135157,0.0,0.31730465640509214,0.0,0.9483236552061993,1
1003.0103413606107,LHR-CTRL0001,hand_left,0.1935807937528423,1.2518750398768748,-1.3236549781232172,0.3671785459645883,0.2925552827599816,-0.12285622290132808,0.8743555743557522,1
1003.0115082527309,LHR-CTRL0002,hand_right,0.5943587463941298,1.2564662513643414,-1.6244868794615668,0.3676564454841931,0.2924880813960474,-0.12301612584378015,0.8741547306498861,1
1003.0121523543028,LHR-HMD00001,head,0.5997988138759243,1.6995716107366983,-1.1986830284704584,0.0,0.31730465640509214,0.0,0.9483236552061993,1
1003.0131368069741,LHR-TRKR0001,pelvis,0.599451438803826,1.0010202197570102,-1.198849063310706,0.0,0.31730465640509214,0.0,0.9483236552061993,1
1003.013264042965,LHR-TRKR0002,foot_left,0.520253652184755,0.07922926657827827,-1.1396529620011715,0.0,0.31730465640509214,0.0,0.9483236552061993,1
1003.0214407981806,LHR-HMD00001,head,0.5984962220583872,1.6999061856498803,-1.1994512411411569,0.0,0.31730465640509214,0.0,0.9483236552061993,1
1003.0220573224241,LHR-CTRL0002,hand_right,0.5922132721859645,1.256625222194493,-1.6254742837267029,0.3719392224568884,0.29188124428871115,-0.12444912297331522,0.8723410857123558,1
1003.0232605263863,LHR-TRKR0002,foot_left,0.5212410694751808,0.08180661026950761,-1.1403566360593242,0.0,0.31730465640509214,0.0,0.9483236552061993,1
1003.0234169742104,LHR-CTRL0001,hand_left,0.19077521625988106,1.2585971638889086,-1.325835947472366,0.372486243645865,0.29180313781683603,-0.12463215370281527,0.87210765007437,1
1003.0239701624157,LHR-TRKR0001,pelvis,0.5995001629826636,0.9995313106438626,-1.2011965796427695,0.0,0.31730465640509214,0.0,0.9483236552061993,1
1003.0319959360918,LHR-HMD00001,head,0.6000241347045787,1.698836724788847,-1.2000225675633127,0.0,0.31730465640509214,0.0,0.9483236552061993,1
1003.0325988936461,LHR-CTRL0001,hand_left,0.1878244881699385,1.2622491752611258,-1.3287001548009707,0.3761500712964118,0.2912764930429061,-0.12585805328615052,0.8705336747578182,1
1003.0340661309061,LHR-CTRL0002,hand_right,0.5890279474907893,1.2630698414664783,-1.631707452902636,0.3767306018653129,0.29119248552279636,-0.1260522960973327,0.8702826027457091,1
1003.0341918947122,LHR-TRKR0001,pelvis,0.6012179999934891,1.0008203512256875,-1.2000526262802302,0.0,0.31730465640509214,0.0,0.9483236552061993,1
1003.0343496812454,LHR-TRKR0002,foot_left,0.5201923939083687,0.07851047686449399,-1.1393636458696552,0.0,0.31730465640509214,0.0,0.9483236552061993,1
1003.0423090392089,LHR-CTRL0002,hand_right,0.5863965226044848,1.2650079690249578,-1.6334949115649213,0.3799663515119194,0.2907214237276329,-0.12713496278416772,0.8688747474419813,1
1003.0427426879595,LHR-TRKR0001,pelvis,0.5986444444013855,0.9995573501140069,-1.2028422556018699,0.0,0.31730465640509214,0.0,0.9483236552061993,1
1003.0433032125721,LHR-TRKR0002,foot_left,0.5208175290041258,0.08075885886821987,-1.1391453336339457,0.0,0.31730465640509214,0.0,0.9483236552061993,1
1003.0434688616139,LHR-HMD00001,head,0.6008075121753697,1.7003572499732327,-1.1996823085742552,0.0,0.31730465640509214,0.0,0.9483236552061993,1
1003.0450429041468,LHR-CTRL0001,hand_left,0.18572323534380056,1.2651010191784096,-1.3314845014906724,0.381029817365984,0.29056555637900316,-0.127490793481388,0.868408909040949,1
1003.0547383192594,LHR-TRKR0002,foot_left,0.5205774089813171,0.07937279062664673,-1.140796520652395,0.0,0.31730465640509214,0.0,0.9483236552061993,1
1003.0553385954638,LHR-TRKR0001,pelvis,0.600098091922386,1.0005756744515224,-1.1990934512845783,0.0,0.31730465640509214,0.0,0.9483236552061993,1
1003.055533864696,LHR-HMD00001,head,0.6003074480295351,1.700135191691811,-1.2012412608023837,0.0,0.31730465640509214,0.0,0.9483236552061993,1
1003.0557383537218,LHR-CTRL0002,hand_right,0.583441619123711,1.2703909085159566,-1.6358712340999653,0.3851430865200741,0.289957793811962,-0.12886707408819878,0.8665924981959151,1
1003.0563726211134,LHR-CTRL0001,hand_left,0.18364470160385132,1.2703018503713295,-1.3371451100526623,0.38538462691959285,0.2899218619357794,-0.12894789237534843,0.8664851091378851,1
1003.0667013944551,LHR-HMD00001,head,0.5996908978135982,1.7004308376930088,-1.2031145092025508,0.0,0.31730465640509214,0.0,0.9483236552061993,1
1003.0675130024216,LHR-TRKR0002,foot_left,0.5202199820869028,0.07935503020536191,-1.1376865184481695,0.0,0.31730465640509214,0.0,0.9483236552061993,1
1003.0676231604467,LHR-CTRL0001,hand_left,0.18105699847630402,1.271963499064295,-1.3403785651183537,0.38962391887500725,0.2892868169654654,-0.1303663396216329,0.864587159784442,1
1003.0676729976342,LHR-CTRL0002,hand_right,0.5820862931471974,1.2743026877122623,-1.642116771011261,0.38964250636176617,0.28928401418020133,-0.13037255890770375,0.8645787831422694,1
1003.0677113281989,LHR-TRKR0001,pelvis,0.6001216635020641,1.001057751168614,-1.1985485477166478,0.0,0.31730465640509214,0.0,0.9483236552061993,1
1003.0770334171768,LHR-HMD00001,head,0.6007571779658478,1.7003374244621254,-1.2010841797109142,0.0,0.31730465640509214,0.0,0.9483236552061993,1
1003.0773360150492,LHR-TRKR0001,pelvis,0.5982834663821281,1.0008287156064222,-1.1982075308156765,0.0,0.31730465640509214,0.0,0.9483236552061993,1
1003.0781440435554,LHR-CTRL0002,hand_right,0.5782548529608066,1.2754035661812189,-1.6436929398259499,0.3935098212920991,0.28869736068544555,-0.1316665443824336,0.8628254606641522,1
1003.0790674579063,LHR-TRKR0002,foot_left,0.5202603224383848,0.08123587191176387,-1.1396423382937495,0.0,0.31730465640509214,0.0,0.9483236552061993,1
1003.0792306393192,LHR-CTRL0001,hand_left,0.1776059228567121,1.2762745039974317,-1.3430720109846586,0.39390677294032567,0.2886367492347812,-0.13179936254599886,0.8626443121329816,1
1003.0876023144222,LHR-HMD00001,head,0.5992536499000557,1.6997961587036763,-1.1995865650408264,0.0,0.31730465640509214,0.0,0.9483236552061993,1
1003.0882240742809,LHR-CTRL0001,hand_left,0.17628168825003532,1.2822764491154561,-1.3464121500026005,0.39716030938116736,0.2881371714748058,-0.13288798061093393,0.8611512315940225,1
1003.0886244365829,LHR-CTRL0002,hand_right,0.577862738797259,1.280984126541738,-1.6465750232318213,0.39730381510757584,0.28811502163172764,-0.13293599695531197,0.8610850326910877,1
1003.0895831419781,LHR-TRKR0002,foot_left,0.5208102986665814,0.07926301288303275,-1.138046666237036,0.0,0.31730465640509214,0.0,0.9483236552061993,1
1003.0898578119559,LHR-TRKR0001,pelvis,0.5979719442231873,1.0015168842842053,-1.2014477599676876,0.0,0.31730465640509214,0.0,0.9483236552061993,1
1003.0987540188489,LHR-CTRL0001,hand_left,0.17539816493636978,1.2838059050816146,-1.3505926121062743,0.4008964292203201,0.2875573394455456,-0.13413806882221327,0.8594182963272562,1
1003.1003927899379,LHR-CTRL0002,hand_right,0.5737791043967563,1.2834671941870086,-1.6484073711725002,0.4014706841178656,0.28746763151336846,-0.13433021182313312,0.8591501875793193,1
1003.1004458892019,LHR-TRKR0001,pelvis,0.5993249398811783,0.9989901033082278,-1.2017917848057453,0.0,0.31730465640509214,0.0,0.9483236552061993,1
1003.1014223785053,LHR-HMD00001,head,0.599625973353123,1.7011670031079635,-1.1995868743875329,0.0,0.31730465640509214,0.0,0.9483236552061993,1
1003.101514158193,LHR-TRKR0002,foot_left,0.5210014056740908,0.08088631686860254,-1.138039649083333,0.0,0.31730465640509214,0.0,0.9483236552061993,1
1003.1106898089806,LHR-CTRL0002,hand_right,0.5727239125721311,1.2867453614025357,-1.6536511988037326,0.40503403470610677,0.2869074747549122,-0.1355224922517036,0.8574760554985421,1
1003.110747987474,LHR-TRKR0002,foot_left,0.5213332263379241,0.08053329631599306,-1.1401309696588515,0.0,0.31730465640509214,0.0,0.9483236552061993,1
1003.1113236757923,LHR-CTRL0001,hand_left,0.1697169277039865,1.2856305419212353,-1.3528123730558204,0.40525083925273236,0.2868731979821731,-0.13559503403825127,0.8573736130232855,1
1003.1115132553006,LHR-TRKR0001,pelvis,0.5993747524035895,1.0006001555135229,-1.1986770979841779,0.0,0.31730465640509214,0.0,0.9483236552061993,1
1003.1115627965623,LHR-HMD00001,head,0.5992134285941193,1.699528818080996,-1.1997724203765043,0.0,0.31730465640509214,0.0,0.9483236552061993,1
1003.1217828330789,LHR-CTRL0002,hand_right,0.5685900584200078,1.2914383792923778,-1.656561220212162,0.40878506353208227,0.28631126700003356,-0.13677756894019233,0.8556941783468658,1
1003.1218476542027,LHR-HMD00001,head,0.6007283740316023,1.7006800154755102,-1.2000975937516711,0.0,0.31730465640509214,0.0,0.9483236552061993,1
1003.1219087288899,LHR-TRKR0001,pelvis,0.5989693238287594,1.0022403015570875,-1.1992704895112172,0.0,0.31730465640509214,0.0,0.9483236552061993,1
1003.1225478903151,LHR-CTRL0001,hand_left,0.1707504069908917,1.2900431607401663,-1.3554948433891412,0.4090403670713647,0.28627044261056095,-0.13686299230948856,0.8555721671079358,1
1003.1237911407745,LHR-TRKR0002,foot_left,0.5200663936867195,0.07975948411236394,-1.1399318548904265,0.0,0.31730465640509214,0.0,0.9483236552061993,1
1003.1327216445005,LHR-TRKR0002,foot_left,0.5201250654604965,0.08168617005939467,-1.1407900678290515,0.0,0.31730465640509214,0.0,0.9483236552061993,1
1003.1331126721255,LHR-HMD00001,head,0.6001494950475422,1.6999748989586114,-1.1991780100747353,0.0,0.31730465640509214,0.0,0.9483236552061993,1
1003.133254577614,LHR-CTRL0001,hand_left,0.16770873244311166,1.2964903668566314,-1.3590312660796917,0.4125667553579933,0.28570334486281895,-0.13804290532494143,0.853877290596854,1
1003.1337330909813,LHR-TRKR0001,pelvis,0.6005394617283278,0.9992632349157977,-1.2007841395480936,0.0,0.31730465640509214,0.0,0.9483236552061993,1
1003.1338110719391,LHR-CTRL0002,hand_right,0.5663145335336371,1.2961615209598552,-1.6598185134138062,0.41274765782073175,0.28567409118015225,-0.13810343444226014,0.8537898605553632,1
1003.1434096016244,LHR-TRKR0002,foot_left,0.5205931981529308,0.08076061529614977,-1.139845149778397,0.0,0.31730465640509214,0.0,0.9483236552061993,1
1003.1439149139852,LHR-HMD00001,head,0.5990137554836937,1.7006028426927882,-1.2018524030630673,0.0,0.31730465640509214,0.0,0.9483236552061993,1
1003.1442948682075,LHR-CTRL0002,hand_right,0.5659463561914618,1.29597617626562,-1.6624660740001302,0.4161111593683536,0.2851272932034499,-0.13922884631723234,0.8521556536647346,1
1003.146356819725,LHR-TRKR0001,pelvis,0.59879798695141,0.9995096474834615,-1.2010302210455037,0.0,0.31730465640509214,0.0,0.9483236552061993,1
1003.1469394576316,LHR-CTRL0001,hand_left,0.16436342284990216,1.2977069975852866,-1.3618754737841514,0.41694618093068014,0.2849906941891993,-0.13950824062367012,0.8517474022449185,1
1003.1526195101095,LHR-HMD00001,head,0.6004510329591691,1.7002562128156606,-1.2000003741519107,0.0,0.31730465640509214,0.0,0.9483236552061993,1
1003.1552366389327,LHR-CTRL0002,hand_right,0.5624693588517531,1.301161749591607,-1.6653609752082816,0.41953051618781584,0.2845657756960344,-0.14037294710473194,0.8504774547340049,1
1003.1556843036341,LHR-CTRL0001,hand_left,0.16092246591435375,1.3001882616229021,-1.3648057308226582,0.41966841365367635,0.28454301080169647,-0.14041908695138006,0.8504094176366188,1
1003.1563899922016,LHR-TRKR0002,foot_left,0.5210170221770172,0.07928245663221091,-1.1389684503418895,0.0,0.31730465640509214,0.0,0.9483236552061993,1
1003.1564174227658,LHR-TRKR0001,pelvis,0.5977561444931802,1.0005629421636373,-1.2000274646797977,0.0,0.31730465640509214,0.0,0.9483236552061993,1
1003.1651481821326,LHR-CTRL0002,hand_right,0.5621750217319575,1.3023823701681285,-1.6676389690737181,0.42254652245571195,0.2840657493878175,-0.14138208868555888,0.8489830336256614,1
1003.1653886176475,LHR-CTRL0001,hand_left,0.16128285504443973,1.301877987337497,-1.36577941659238,0.42261871534035045,0.2840537257449739,-0.14140624408686026,0.8489470987450973,1
1003.1666531651067,LHR-TRKR0002,foot_left,0.5206720597718428,0.07977837540322473,-1.140607359761012,0.0,0.31730465640509214,0.0,0.9483236552061993,1
1003.1667823284937,LHR-HMD00001,head,0.5978673906696689,1.7015667240700978,-1.199101588854941,0.0,0.31730465640509214,0.0,0.9483236552061993,1
1003.16729892719,LHR-TRKR0001,pelvis,0.5997671714872608,0.9999920304101921,-1.1998941551234223,0.0,0.31730465640509214,0.0,0.9483236552061993,1
1003.1767072333681,LHR-HMD00001,head,0.6000254483330855,1.7004587073307316,-1.2009393821511787,0.0,0.31730465640509214,0.0,0.9483236552061993,1
1003.1770644932114,LHR-CTRL0001,hand_left,0.1603912950921495,1.3065191029815475,-1.3685019992690939,0.4260687353178539,0.2834761347728051,-0.14256060462352158,0.8472208612919603,1
1003.1771051155566,LHR-TRKR0002,foot_left,0.5187184136137625,0.0802900146638378,-1.1381327864445399,0.0,0.31730465640509214,0.0,0.9483236552061993,1
1003.1790645263137,LHR-CTRL0002,hand_right,0.5593325743867822,1.305454111474956,-1.6706938526491937,0.4266486883832566,0.2833784636828278,-0.1427546542047362,0.8469289531740506,1
1003.1790860332699,LHR-TRKR0001,pelvis,0.5991740878557158,1.0014494003554706,-1.1994356168673443,0.0,0.31730465640509214,0.0,0.9483236552061993,1
1003.1877992905157,LHR-CTRL0002,hand_right,0.5563449138078153,1.3088160988892887,-1.6721233822022268,0.42914341712928733,0.28295641940373023,-0.14358937876658534,0.8456675957834998,1
1003.1878750125896,LHR-TRKR0002,foot_left,0.5208903844425371,0.07962172590413061,-1.1390651918074732,0.0,0.31730465640509214,0.0,0.9483236552061993,1
1003.1878862045899,LHR-HMD00001,head,0.6005122731534487,1.701560087147121,-1.2011780855897114,0.0,0.31730465640509214,0.0,0.9483236552061993,1
1003.1885361257615,LHR-TRKR0001,pelvis,0.6000914381803524,0.9998387293744175,-1.2012090212327082,0.0,0.31730465640509214,0.0,0.9483236552061993,1
1003.1893630260047,LHR-CTRL0001,hand_left,0.15629404163768296,1.3082728936873187,-1.3728419064122905,0.42958346019121224,0.2828816544979483,-0.14373661511548483,0.8454441470338485,1
1003.1992247635869,LHR-CTRL0002,hand_right,0.5551491353083856,1.3128549349006795,-1.67448808817148,0.43231227538822986,0.28241586305942584,-0.14464966390819306,0.8440520431657621,1
1003.1993597375947,LHR-HMD00001,head,0.6026927574830647,1.6995630710398042,-1.199172592127058,0.0,0.31730465640509214,0.0,0.9483236552061993,1
1003.1999092754636,LHR-CTRL0001,hand_left,0.15610072020643767,1.3127223543446354,-1.3736893432726254,0.43249870421977576,0.2823839050672796,-0.1447120421226485,0.8439565307951953,1
1003.2001421123393,LHR-TRKR0001,pelvis,0.6002832195479609,1.0010604760348232,-1.1984221721544726,0.0,0.31730465640509214,0.0,0.9483236552061993,1
1003.2009195204772,LHR-TRKR0002,foot_left,0.5196661800111694,0.08022132460687968,-1.138438024858054,0.0,0.31730465640509214,0.0,0.9483236552061993,1
1003.2105966518235,LHR-TRKR0002,foot_left,0.5201618323723236,0.07993882192940978,-1.1400722864666242,0.0,0.31730465640509214,0.0,0.9483236552061993,1
1003.2112795843698,LHR-CTRL0002,hand_right,0.5523404046699376,1.3148803965279436,-1.6782179534051147,0.4355384314184498,0.2818603703624785,-0.145729120615888,0.8423918504954822,1
1003.211595924446,LHR-TRKR0001,pelvis,0.5999699947112368,1.0009589993469243,-1.200735021813931,0.0,0.31730465640509214,0.0,0.9483236552061993,1
1003.2118434128258,LHR-HMD00001,head,0.5991738892181782,1.7003904056328034,-1.20127393938899,0.0,0.31730465640509214,0.0,0.9483236552061993,1
1003.2122991987516,LHR-CTRL0001,hand_left,0.15353866903518504,1.3150609899851553,-1.376461309632569,0.43580573736285294,0.28181410992921896,-0.14581855993376036,0.8422535926342293,1
1003.2210516914138,LHR-HMD00001,head,0.5993410059864007,1.6997714227200287,-1.200655821610413,0.0,0.31730465640509214,0.0,0.9483236552061993,1
1003.221942244392,LHR-TRKR0001,pelvis,0.5996408905038005,0.9996198153334546,-1.1991926855681916,0.0,0.31730465640509214,0.0,0.9483236552061993,1
1003.2221156775414,LHR-CTRL0002,hand_right,0.5501057180922962,1.3166510211203988,-1.6797164168758383,0.4383345189794239,0.28137469160950485,-0.14666467842670794,0.840940309709746,1
1003.2227283190641,LHR-TRKR0002,foot_left,0.5196219862106856,0.07844536163896963,-1.1394747477644254,0.0,0.31730465640509214,0.0,0.9483236552061993,1
1003.2231145627669,LHR-CTRL0001,hand_left,0.150966285638519,1.316943773125335,-1.3791602245515657,0.4385872769357752,0.28133059304738495,-0.14674925005586995,0.8408085130002597,1
1003.2318990518737,LHR-HMD00001,head,0.5997585700330073,1.7009759528637458,-1.2012770852206,0.0,0.31730465640509214,0.0,0.9483236552061993,1
1003.2319590159859,LHR-CTRL0002,hand_right,0.5476955799041745,1.3197260743259713,-1.681014685757037,0.4407883105372688,0.28094521106598286,-0.1474857055969965,0.8396567276675312,1
1003.2332401598667,LHR-TRKR0002,foot_left,0.5206484957182717,0.07946795211204016,-1.1408327641043163,0.0,0.31730465640509214,0.0,0.9483236552061993,1
1003.2340469802597,LHR-TRKR0001,pelvis,0.6010814939528453,0.9997144314951084,-1.2000436878998497,0.0,0.31730465640509214,0.0,0.9483236552061993,1
1003.2342555934999,LHR-CTRL0001,hand_left,0.15152973790549706,1.320440414801164,-1.3818433598987652,0.44134893505700756,0.28084665745944193,-0.1476732879372992,0.8393621819856382,1
1003.2426389260481,LHR-TRKR0001,pelvis,0.6022722338383476,0.9994618492983323,-1.2013678160761607,0.0,0.31730465640509214,0.0,0.9483236552061993,1
1003.2434696140969,LHR-TRKR0002,foot_left,0.5211429624357491,0.07980883341240112,-1.1391623938455926,0.0,0.31730465640509214,0.0,0.9483236552061993,1
1003.2439080029827,LHR-CTRL0002,hand_right,0.5482356158373585,1.3209414768121297,-1.6832469282418627,0.44365578187017285,0.28043944620315897,-0.14844514808379258,0.8381451558273257,1
1003.2450842965196,LHR-HMD00001,head,0.5988042468265123,1.700047059254902,-1.200564189671172,0.0,0.31730465640509214,0.0,0.9483236552061993,1
1003.2453079720657,LHR-CTRL0001,hand_left,0.14783977058997358,1.3223562575858916,-1.3867014631046404,0.44398370742132665,0.2803813393316279,-0.14855487043835375,0.8379714926941491,1
1003.2540015059661,LHR-TRKR0001,pelvis,0.5999820311124294,0.9997009941848954,-1.199570684007451,0.0,0.31730465640509214,0.0,0.9483236552061993,1
1003.2553104925626,LHR-CTRL0002,hand_right,0.5465369258489063,1.3256949635180988,-1.6872607904402874,0.44627734426599625,0.2799733782631011,-0.1493223105912177,0.8367522255832582,1
1003.2558602216644,LHR-TRKR0002,foot_left,0.5212823811831235,0.08156423070608068,-1.1393369990177036,0.0,0.31730465640509214,0.0,0.9483236552061993,1
1003.2563099244602,LHR-HMD00001,head,0.598996250943914,1.700132032789938,-1.2005643668556547,0.0,0.31730465640509214,0.0,0.9483236552061993,1
1003.2563757439908,LHR-CTRL0001,hand_left,0.14748768409927232,1.3250114655298264,-1.3868965554673507,0.4465164971226453,0.2799306856377779,-0.14940233001769804,0.8366246307759347,1
1003.2657077329588,LHR-HMD00001,head,0.6003361401962974,1.6999602399285052,-1.2002012149024475,0.0,0.31730465640509214,0.0,0.9483236552061993,1
1003.266549925572,LHR-CTRL0001,hand_left,0.14572655173397336,1.3266285450576385,-1.3889088998934869,0.44875076232710764,0.2795304117545065,-0.1501499046976375,0.8354283382400229,1
1003.2665636061688,LHR-TRKR0001,pelvis,0.6004362131641044,0.9998080619001393,-1.1996125220911034,0.0,0.31730465640509214,0.0,0.9483236552061993,1
1003.2666517219678,LHR-TRKR0002,foot_left,0.5193500648027322,0.08054128905725305,-1.1395188306372401,0.0,0.31730465640509214,0.0,0.9483236552061993,1
1003.2678595557131,LHR-CTRL0002,hand_right,0.5460080124804495,1.3260523741675487,-1.687817392357315,0.4490317797754974,0.2794798846562134,-0.1502439318205671,0.8352773286611433,1
1003.2769806698145,LHR-CTRL0002,hand_right,0.5418796056410902,1.329269127704444,-1.6898220892975293,0.45094714958176924,0.2791344128149699,-0.15088480559286127,0.8342448221641676,1
1003.2773254249885,LHR-TRKR0002,foot_left,0.5192415280719637,0.08074177340366409,-1.1388810469090516,0.0,0.31730465640509214,0.0,0.9483236552061993,1
1003.2774838375977,LHR-TRKR0001,pelvis,0.600578590069994,0.999541050098465,-1.2012149550807654,0.0,0.31730465640509214,0.0,0.9483236552061993,1
1003.2783401754551,LHR-HMD00001,head,0.599931760042194,1.7010232404147483,-1.1986858955028896,0.0,0.31730465640509214,0.0,0.9483236552061993,1
1003.2793431321263,LHR-CTRL0001,hand_left,0.14509919285421813,1.3291942177592724,-1.3911241013507816,0.45143129152167555,0.2790467882380218,-0.15104679721992859,0.8339829399086761,1
1003.2879338612652,LHR-CTRL0002,hand_right,0.5414044996774025,1.331579716575862,-1.6925826928369647,0.4531501424134849,0.2787347114330241,-0.15162191668324992,0.8330502406543586,1
1003.2885972564585,LHR-HMD00001,head,0.599840395710709,1.698970032430365,-1.2015112916021429,0.0,0.31730465640509214,0.0,0.9483236552061993,1
1003.2887016927793,LHR-TRKR0001,pelvis,0.5989362273471641,1.0016834857332098,-1.1979154430016614,0.0,0.31730465640509214,0.0,0.9483236552061993,1
1003.289563750089,LHR-TRKR0002,foot_left,0.519910228276993,0.0808002049690819,-1.1392413645552832,0.0,0.31730465640509214,0.0,0.9483236552061993,1
1003.2900191036954,LHR-CTRL0001,hand_left,0.14457966649309323,1.3309236031254734,-1.3925055129834294,0.4535574798512095,0.2786605295145842,-0.15175820988337055,0.8328285342702099,1
1003.2993041250274,LHR-CTRL0001,hand_left,0.14205901752095895,1.333481596545076,-1.3929756714260217,0.455324190821653,0.2783377851313587,-0.15234934310499393,0.8318639529852543,1
1003.2995319804227,LHR-TRKR0002,foot_left,0.5201354212426489,0.0812308694044738,-1.1427352585734611,0.0,0.31730465640509214,0.0,0.9483236552061993,1
1003.3002035283816,LHR-CTRL0002,hand_right,0.5400485046151393,1.3328561656475968,-1.6941083616782038,0.4554912329389104,0.2783071853871566,-0.15240523461558797,0.8317724999898937,1
1003.3003012921765,LHR-HMD00001,head,0.5977664218466188,1.6988240440488995,-1.2008523197017513,0.0,0.31730465640509214,0.0,0.9483236552061993,1
1003.3005759556162,LHR-TRKR0001,pelvis,0.6005098115238497,1.0017039756210917,-1.2006242884116325,0.0,0.31730465640509214,0.0,0.9483236552061993,1
1003.309850150831,LHR-HMD00001,head,0.5999474644511238,1.698119461172632,-1.1985703087986694,0.0,0.31730465640509214,0.0,0.9483236552061993,1
1003.3105677445228,LHR-CTRL0002,hand_right,0.5414402414636194,1.3363791598734849,-1.694626068384864,0.45736377764019315,0.2779631621242666,-0.15303177930819556,0.8307443228372603,1
1003.3115591801699,LHR-CTRL0001,hand_left,0.13702692480000145,1.334569918683382,-1.3951921916524341,0.4575378440049357,0.27793108933011473,-0.15309002109912118,0.8306484673596657,1
1003.3119141717826,LHR-TRKR0002,foot_left,0.5194064718557992,0.07978797663262359,-1.1398254535466332,0.0,0.31730465640509214,0.0,0.9483236552061993,1
1003.3119345040818,LHR-TRKR0001,pelvis,0.5994597439242959,1.0006824730827004,-1.2004686204885413,0.0,0.31730465640509214,0.0,0.9483236552061993,1
1003.3212808004471,LHR-CTRL0002,hand_right,0.5375194824763626,1.335865228239581,-1.6987951128225447,0.4591976850948411,0.27762445356186094,-0.15364539615892073,0.8297320296500464,1
1003.3225097630043,LHR-TRKR0002,foot_left,0.5188521545226316,0.0798912069054242,-1.1403274865064978,0.0,0.31730465640509214,0.0,0.9483236552061993,1
1003.3229674657792,LHR-TRKR0001,pelvis,0.5992221448430693,0.9992051348297805,-1.2004330777077579,0.0,0.31730465640509214,0.0,0.9483236552061993,1
1003.3230551166715,LHR-HMD00001,head,0.601063555745774,1.7012451703584515,-1.2005128902147522,0.0,0.31730465640509214,0.0,0.9483236552061993,1
1003.3232653687429,LHR-CTRL0001,hand_left,0.13858855219839186,1.3370774757546258,-1.3965125747378653,0.4595260217469443,0.2775636255139571,-0.1537552560659354,0.8295502337779631,1
1003.3322318289037,LHR-TRKR0002,foot_left,0.5206518975006805,0.08036917617611167,-1.1408691722509867,0.0,0.31730465640509214,0.0,0.9483236552061993,1
1003.3337213551108,LHR-TRKR0001,pelvis,0.5995452145852036,1.0009153914311522,-1.2018587714979805,0.0,0.31730465640509214,0.0,0.9483236552061993,1
1003.3338181790382,LHR-CTRL0002,hand_right,0.5357294204293204,1.3386915612814543,-1.6988745066723405,0.4612119021470397,0.2772504014762607,-0.1543193437570477,0.8286141058065303,1
1003.3345365922875,LHR-HMD00001,head,0.6002440012610797,1.6990526356813913,-1.1984501904343985,0.0,0.31730465640509214,0.0,0.9483236552061993,1
1003.3347846846714,LHR-CTRL0001,hand_left,0.1373079730085082,1.3366831980141327,-1.3976051343806377,0.461361245802175,0.2772225821300575,-0.15436931344505322,0.8285309625448595,1
1003.3442835719349,LHR-CTRL0002,hand_right,0.5338680549688554,1.3404436917856943,-1.6996364074206098,0.46278366749487765,0.27695702520772664,-0.1548452490857898,0.8277372965643368,1
1003.344779698218,LHR-TRKR0001,pelvis,0.5987267039969766,0.9969610357870742,-1.2003444930498894,0.0,0.31730465640509214,0.0,0.9483236552061993,1
1003.3449237689243,LHR-CTRL0001,hand_left,0.13635353624987342,1.339704689668106,-1.3983773075993318,0.4628765694246805,0.2769396437052938,-0.1548763336366745,0.8276853487293861,1
1003.3450815176801,LHR-HMD00001,head,0.5987869749374597,1.699486374677459,-1.198576584124904,0.0,0.31730465640509214,0.0,0.9483236552061993,1
1003.3457418195848,LHR-TRKR0002,foot_left,0.5200674879441619,0.08055762507167469,-1.1390210128960576,0.0,0.31730465640509214,0.0,0.9483236552061993,1
1003.3540702618851,LHR-TRKR0001,pelvis,0.5994376461542367,1.0002913059930203,-1.2001549890535967,0.0,0.31730465640509214,0.0,0.9483236552061993,1
1003.355518480423,LHR-CTRL0002,hand_right,0.5359996920717786,1.3413002129238005,-1.7033217463991153,0.4643594890732973,0.27666157595925933,-0.15537251161029936,0.8268542918381888,1
1003.3555981423139,LHR-TRKR0002,foot_left,0.5202403429915929,0.08074521270415108,-1.1406143366284258,0.0,0.31730465640509214,0.0,0.9483236552061993,1
1003.3561138955173,LHR-HMD00001,head,0.6024898121127481,1.6999082735210786,-1.2004142342256763,0.0,0.31730465640509214,0.0,0.9483236552061993,1
1003.3564218306774,LHR-CTRL0001,hand_left,0.13645110321183487,1.3412158639600684,-1.4017652846082602,0.46448116338156026,0.2766387084464854,-0.1554132232643478,0.8267859480466264,1
1003.3628943915105,LHR-HMD00001,head,0.5974928680630192,1.7017104520165245,-1.1996918178220073,0.0,0.31730465640509214,0.0,0.9483236552061993,1
1003.3647193867807,LHR-CTRL0001,hand_left,0.13407446747914578,1.3407266348415001,-1.4023226344679143,0.4655636635181554,0.2764349157495568,-0.15577542274341294,0.826176875877799,1
1003.3658717765794,LHR-TRKR0001,pelvis,0.6006722048242482,0.9997803346852959,-1.2009022694510676,0.0,0.31730465640509214,0.0,0.9483236552061993,1
1003.367175839185,LHR-TRKR0002,foot_left,0.5187806435279501,0.07999458964644378,-1.1401630999637775,0.0,0.31730465640509214,0.0,0.9483236552061993,1
1003.3677581734522,LHR-CTRL0002,hand_right,0.5349097581151953,1.3429815121815378,-1.7018761166402978,0.46594423517799616,0.27636312041596467,-0.15590276023953076,0.825962302243897,1
1003.3775274610465,LHR-CTRL0001,hand_left,0.13573270111753535,1.343360728256186,-1.4030843575143588,0.46710994259656385,0.27614272666991097,-0.15629280048569233,0.8253036147691837,1
1003.3778302035079,LHR-CTRL0002,hand_right,0.5335232171926829,1.3426378257660467,-1.7032622373563826,0.4671446568866178,0.2761361522896358,-0.15630441572466425,0.8252839660177159,1
1003.3780239836719,LHR-TRKR0001,pelvis,0.5996642992283876,1.0005694976103587,-1.1990385318919978,0.0,0.31730465640509214,0.0,0.9483236552061993,1
1003.3780384075268,LHR-HMD00001,head,0.5981160591794977,1.7008713568934768,-1.1993861187179606,0.0,0.31730465640509214,0.0,0.9483236552061993,1
1003.3794747506963,LHR-TRKR0002,foot_left,0.5204763412907567,0.08005134689150291,-1.1397685230984007,0.0,0.31730465640509214,0.0,0.9483236552061993,1
1003.3884405300948,LHR-CTRL0002,hand_right,0.5331098601942789,1.345050963718661,-1.7050811443645113,0.4683076409292514,0.2759155269508135,-0.15669354474198507,0.8246245863851779,1
1003.3885600393762,LHR-TRKR0002,foot_left,0.5193593013484142,0.0792959820727607,-1.1423100330677387,0.0,0.31730465640509214,0.0,0.9483236552061993,1
1003.3888634435722,LHR-HMD00001,head,0.5996456003768446,1.6994421636310875,-1.1992698746751635,0.0,0.31730465640509214,0.0,0.9483236552061993,1
1003.3888979387876,LHR-CTRL0001,hand_left,0.1332420154862135,1.3451864651667174,-1.4028987805920405,0.4683554281856113,0.27590644589745605,-0.15670953413429495,0.8245974459775625,1
1003.3896588350152,LHR-TRKR0001,pelvis,0.5977637377562257,0.9990529035916134,-1.1994590862240682,0.0,0.31730465640509214,0.0,0.9483236552061993,1
1003.3984406292675,LHR-CTRL0002,hand_right,0.5316566426641517,1.3435706959135831,-1.7068990255990442,0.4693080308809527,0.2757251661135685,-0.15702827053750124,0.8240556578134084,1
1003.3989319411028,LHR-TRKR0002,foot_left,0.5201306449454071,0.08349727262656621,-1.1401875665499468,0.0,0.31730465640509214,0.0,0.9483236552061993,1
1003.3989837498704,LHR-CTRL0001,hand_left,0.13233459876291576,1.3463464276315553,-1.4018214758922136,0.46935969937817357,0.27571531968367474,-0.157045558574837,0.8240262299364486,1
1003.3992580216348,LHR-TRKR0001,pelvis,0.6006711290922032,1.0000569573763805,-1.2002664951842634,0.0,0.31730465640509214,0.0,0.9483236552061993,1
1003.3998529544931,LHR-HMD00001,head,0.6002339453338145,1.7004868336420376,-1.19877350526739,0.0,0.31730465640509214,0.0,0.9483236552061993,1
1003.4098691507884,LHR-CTRL0002,hand_right,0.5312352918328305,1.3440186047475637,-1.7081778329465762,0.4703372711500303,0.2755287537830514,-0.15737264951417762,0.8234686432346948,1
1003.4104805331211,LHR-HMD00001,head,0.6011931899534125,1.7007605131054724,-1.1994147152959136,0.0,0.31730465640509214,0.0,0.9483236552061993,1
1003.4107847634599,LHR-TRKR0002,foot_left,0.5204628275273799,0.07911994231765868,-1.1403863841599036,0.0,0.31730465640509214,0.0,0.9483236552061993,1
1003.4111096831429,LHR-CTRL0001,hand_left,0.1293491331584008,1.346238797159771,-1.4058999082523096,0.47044165965410917,0.2755088012158934,-0.15740757741905223,0.8234090112972616,1
1003.4113177932271,LHR-TRKR0001,pelvis,0.6006433747910667,0.9996500348421565,-1.2006012657212795,0.0,0.31730465640509214,0.0,0.9483236552061993,1
1003.4215554725891,LHR-TRKR0002,foot_left,0.520647871048936,0.08197480851367253,-1.140001624522846,0.0,0.31730465640509214,0.0,0.9483236552061993,1
1003.4217510612071,LHR-CTRL0002,hand_right,0.5304467550710134,1.3481072120005935,-1.7063748930274296,0.47127801915059325,0.27534872932673227,-0.15768741939199693,0.8229306068491677,1
1003.4219617999912,LHR-CTRL0001,hand_left,0.1313632345844395,1.347530913469896,-1.4071941868816773,0.47129351244908724,0.2753457604839565,-0.15769260337715663,0.8229217339134072,1
1003.4222775871972,LHR-HMD00001,head,0.5987218152762206,1.6988845408329805,-1.199181477281996,0.0,0.31730465640509214,0.0,0.9483236552061993,1
1003.4238648104699,LHR-TRKR0001,pelvis,0.6002533455368156,1.0013581605001596,-1.1984493004526606,0.0,0.31730465640509214,0.0,0.9483236552061993,1
1003.4321733661368,LHR-CTRL0001,hand_left,0.13403336013493672,1.3476833019899024,-1.4068969608176445,0.47199440733464243,0.27521131861678017,-0.15792711952532637,0.822519929526614,1
1003.4328410169886,LHR-CTRL0002,hand_right,0.5305713721122316,1.3486522993213512,-1.7066417484772924,0.47203682877800296,0.2752031730432432,-0.1579413135417213,0.8224955849734713,1
1003.4328917984813,LHR-TRKR0002,foot_left,0.52025176339847,0.08164402096368562,-1.1393472019653468,0.0,0.31730465640509214,0.0,0.9483236552061993,1
1003.4337454507385,LHR-HMD00001,head,0.6006472027784471,1.7005181817409352,-1.1991596528101787,0.0,0.31730465640509214,0.0,0.9483236552061993,1
1003.4354560874953,LHR-TRKR0001,pelvis,0.6014724009275114,1.0003356761486084,-1.2021062692804076,0.0,0.31730465640509214,0.0,0.9483236552061993,1
1003.4431389678703,LHR-CTRL0002,hand_right,0.5322506266363048,1.3489472025526577,-1.7090685608340623,0.47263815599806697,0.27508760419969347,-0.15814251481504393,0.8221501861085925,1
1003.444180656284,LHR-HMD00001,head,0.59944599665329,1.7005649234322238,-1.200988881012163,0.0,0.31730465640509214,0.0,0.9483236552061993,1
1003.4450088133646,LHR-CTRL0001,hand_left,0.13019999906680932,1.3492086474023646,-1.4072107174274815,0.4727366587998851,0.2750686543278453,-0.1581754733914901,0.8220935509115539,1
1003.4451826958596,LHR-TRKR0001,pelvis,0.6000632130318813,1.0005545729326155,-1.2014498051339362,0.0,0.31730465640509214,0.0,0.9483236552061993,1
1003.4457209944999,LHR-TRKR0002,foot_left,0.5193998506096433,0.08094887778443728,-1.1390062591839372,0.0,0.31730465640509214,0.0,0.9483236552061993,1
1003.4545872694479,LHR-TRKR0001,pelvis,0.5988983639859599,1.001281086100954,-1.2004140062972988,0.0,0.31730465640509214,0.0,0.9483236552061993,1
1003.4548955847122,LHR-CTRL0001,hand_left,0.13043784995186336,1.350522949594576,-1.4082710463167276,0.4732028589430301,0.27497889589531244,-0.15833146177733762,0.8218252912339636,1
1003.4550922314158,LHR-HMD00001,head,0.6000623801401624,1.7009293259499276,-1.2006768644678811,0.0,0.31730465640509214,0.0,0.9483236552061993,1
1003.4551399164988,LHR-CTRL0002,hand_right,0.5296358453457765,1.3478348241745102,-1.7092065834302987,0.47321321614118206,0.2749769004660683,-0.15833492724736242,0.8218193275245875,1
1003.4566031510731,LHR-TRKR0002,foot_left,0.5184549177393006,0.08016889655001683,-1.1401809986542886,0.0,0.31730465640509214,0.0,0.9483236552061993,1
1003.4662772075433,LHR-CTRL0001,hand_left,0.13087186336028028,1.3480290879180628,-1.4074650191190166,0.4736256713439209,0.2748973891060806,-0.1584729328277031,0.8215816931186251,1
1003.4663030076688,LHR-CTRL0002,hand_right,0.5300906775673799,1.3507072049648148,-1.708443641330152,0.473626491232447,0.2748972309595563,-0.15847320715856647,0.8215812204684861,1
1003.4672205835369,LHR-TRKR0002,foot_left,0.5197284048261818,0.0800300498682273,-1.1389958365269857,0.0,0.31730465640509214,0.0,0.9483236552061993,1
1003.4672654166217,LHR-TRKR0001,pelvis,0.6006564285872036,1.0010007675766626,-1.200220016750027,0.0,0.31730465640509214,0.0,0.9483236552061993,1
1003.4678964204776,LHR-HMD00001,head,0.6019529079334965,1.7011340794938898,-1.19862789284558,0.0,0.31730465640509214,0.0,0.9483236552061993,1
1003.4753455262179,LHR-TRKR0002,foot_left,0.5195053699300192,0.0799811407259537,-1.139801116727079,0.0,0.31730465640509214,0.0,0.9483236552061993,1
1003.4761307526226,LHR-CTRL0002,hand_right,0.5292759357214327,1.3509810656219132,-1.7081817816841494,0.47389318736087876,0.27484576916052833,-0.15856244243486903,0.8214274173635754,1
1003.4766724106705,LHR-HMD00001,head,0.5997888435987588,1.6986110505625092,-1.200698589830725,0.0,0.31730465640509214,0.0,0.9483236552061993,1
1003.476775377583,LHR-TRKR0001,pelvis,0.6013481398364608,0.9995265329238314,-1.200508230547226,0.0,0.31730465640509214,0.0,0.9483236552061993,1
1003.4787477253901,LHR-CTRL0001,hand_left,0.13019884062515755,1.3503791279181516,-1.4086138096113816,0.47394885942755594,0.2748350217836991,-0.15858107004780625,0.821395296840057,1
1003.4882434680276,LHR-CTRL0001,hand_left,0.12923897794500658,1.3475949540113707,-1.4094443217557622,0.4740966513276565,0.2748064827001986,-0.15863052052584023,0.8213100025103487,1
1003.4882627576375,LHR-CTRL0002,hand_right,0.5295339387342549,1.3493759820733893,-1.7102032802685552,0.47409686502314924,0.27480644142633454,-0.15863059202735189,0.8213098791557717,1
1003.4882942987493,LHR-TRKR0002,foot_left,0.5198558505982293,0.07908882588968391,-1.138950062196279,0.0,0.31730465640509214,0.0,0.9483236552061993,1
1003.4899190440867,LHR-HMD00001,head,0.600551666971645,1.69972099696662,-1.1992786348316413,0.0,0.31730465640509214,0.0,0.9483236552061993,1
1003.4901927645577,LHR-TRKR0001,pelvis,0.5988300601838754,0.9998454105327675,-1.200225572591003,0.0,0.31730465640509214,0.0,0.9483236552061993,1
1003.4984275867458,LHR-CTRL0002,hand_right,0.5289817101559143,1.3493199901304485,-1.7091039457722115,0.4741606616629676,0.2747941184203297,-0.1586519380844351,0.8212730495730293,1
1003.5000316303841,LHR-TRKR0001,pelvis,0.5998871857308622,1.0003437461131695,-1.2003873547054498,0.0,0.31730465640509214,0.0,0.9483236552061993,1
1003.5001768124637,LHR-HMD00001,head,0.6001504549173784,1.6994102462467986,-1.1990657847109405,0.0,0.31730465640509214,0.0,0.9483236552061993,1
1003.5014006627824,LHR-CTRL0001,hand_left,0.12927365472680766,1.3492309233082174,-1.4085153716643204,0.47416090245751263,0.2747940719040898,-0.1586520186531628,0.8212729105506426,1
1003.5019939772251,LHR-TRKR0002,foot_left,0.5186710474915961,0.07898384004136468,-1.1403784936073278,0.0,0.31730465640509214,0.0,0.9483236552061993,1
1003.5094692588987,LHR-CTRL0002,hand_right,0.5312420218057596,1.3494990744507243,-1.707493035526875,0.474119544458851,0.27480206090306414,-0.15863818046038664,0.8212967871517445,1
1003.5103068054658,LHR-HMD00001,head,0.6013517446999378,1.6992678507876628,-1.1994880923779792,0.0,0.31730465640509214,0.0,0.9483236552061993,1
1003.5114188248399,LHR-TRKR0002,foot_left,0.5208105002582415,0.07942576209969042,-1.1385162117236283,0.0,0.31730465640509214,0.0,0.9483236552061993,1
1003.511582533432,LHR-CTRL0001,hand_left,0.12919334872011023,1.350479573887195,-1.4094709455479189,0.4740985662382592,0.27480611284705847,-0.15863116124596516,0.82130889713583,1
1003.5116977666572,LHR-TRKR0001,pelvis,0.6009066164504655,0.9995362123329191,-1.2016458954365126,0.0,0.31730465640509214,0.0,0.9483236552061993,1
1003.5213900826558,LHR-CTRL0001,hand_left,0.1301199655907546,1.3498852098446925,-1.4089117475426234,0.47394608878866995,0.27483555668957094,-0.15858014300500298,0.8213968955051928,1
1003.5219322403261,LHR-HMD00001,head,0.6001565941791539,1.7002808796596114,-1.200104107465562,0.0,0.31730465640509214,0.0,0.9483236552061993,1
1003.522317063266,LHR-TRKR0001,pelvis,0.6010299988640077,1.0007891529682473,-1.201408458855085,0.0,0.31730465640509214,0.0,0.9483236552061993,1
1003.5232962969628,LHR-CTRL0002,hand_right,0.5280787385988337,1.3499547194674835,-1.7095848207943931,0.4739059279168153,0.274843309771154,-0.15856670536525327,0.8214200670235349,1
1003.5237931437148,LHR-TRKR0002,foot_left,0.5199134231342042,0.07913799864333766,-1.1388963378488146,0.0,0.31730465640509214,0.0,0.9483236552061993,1
1003.5318813987619,LHR-CTRL0001,hand_left,0.12870526962614492,1.350854906673489,-1.4089056862902005,0.47368261354121355,0.2748864047817816,-0.15849198542039944,0.8215488644337667,1
1003.5324133397305,LHR-HMD00001,head,0.5987473185691367,1.7014095237575528,-1.2010435918670799,0.0,0.31730465640509214,0.0,0.9483236552061993,1
1003.5334258915194,LHR-TRKR0001,pelvis,0.5987093362036678,1.0014498638442242,-1.199933752650408,0.0,0.31730465640509214,0.0,0.9483236552061993,1
1003.5338998705979,LHR-CTRL0002,hand_right,0.5294014213778664,1.3500166889813512,-1.7102908348665924,0.4736200271534734,0.27489847779186855,-0.158471044307997,0.8215849468574685,1
1003.5348034292849,LHR-TRKR0002,foot_left,0.5202161634658424,0.08041956426240475,-1.1394761243505689,0.0,0.31730465640509214,0.0,0.9483236552061993,1
1003.54235860341,LHR-CTRL0002,hand_right,0.5291697141915075,1.351587249864434,-1.7101274716356714,0.47331602219118774,0.27495709058509704,-0.15836932567051082,0.8217601220312151,1
1003.5436371560126,LHR-TRKR0002,foot_left,0.5206582045011862,0.07847437226904379,-1.1413079740007932,0.0,0.31730465640509214,0.0,0.9483236552061993,1
1003.5445257742133,LHR-CTRL0001,hand_left,0.12888256144780744,1.3504692413605444,-1.4089971162000594,0.4732272964741325,0.27497418764028786,-0.15833963846086466,0.8218112197429711,1
1003.5451195089629,LHR-HMD00001,head,0.5991293736618485,1.7006562705924235,-1.1998201252001581,0.0,0.31730465640509214,0.0,0.9483236552061993,1
1003.546011447821,LHR-TRKR0001,pelvis,0.5992117127961158,0.998584207598322,-1.2000053896812652,0.0,0.31730465640509214,0.0,0.9483236552061993,1
1003.554379088848,LHR-CTRL0002,hand_right,0.5304977212054833,1.3488594043770554,-1.7077495737223185,0.4727681901446916,0.27506258724858956,-0.15818602363188,0.8220754183230145,1
1003.5545382789874,LHR-TRKR0001,pelvis,0.5996954329627173,1.000701534980183,-1.2001784726313334,0.0,0.31730465640509214,0.0,0.9483236552061993,1
1003.5548234562164,LHR-CTRL0001,hand_left,0.12952573265772863,1.3488445796437367,-1.4091816356844549,0.47274533421420534,0.27506698510842315,-0.1581783761445164,0.8220885621405676,1
1003.5559034573175,LHR-HMD00001,head,0.5992039629580559,1.6993424526235192,-1.200158697490837,0.0,0.31730465640509214,0.0,0.9483236552061993,1
1003.5560288407333,LHR-TRKR0002,foot_left,0.5202219747536947,0.08132864357595349,-1.1385228844086075,0.0,0.31730465640509214,0.0,0.9483236552061993,1
1003.565486140207,LHR-CTRL0001,hand_left,0.13013186334292792,1.3463213312462483,-1.409143857174326,0.4721412821106738,0.27518311223860764,-0.1579762631379394,0.8224356295483164,1
1003.5661098704916,LHR-HMD00001,head,0.599563917820031,1.70064652632405,-1.2011642191182565,0.0,0.31730465640509214,0.0,0.9483236552061993,1
1003.5665296762234,LHR-CTRL0002,hand_right,0.5304872299560208,1.346938702970913,-1.7088787772020397,0.4720764311130705,0.2751955679037816,-0.15795456429767626,0.8224728556075226,1
1003.566781530809,LHR-TRKR0001,pelvis,0.59967662425147,0.9985616913980943,-1.2018077673777772,0.0,0.31730465640509214,0.0,0.9483236552061993,1
1003.5680358443622,LHR-TRKR0002,foot_left,0.519708799281436,0.07931326937306073,-1.1406681860579169,0.0,0.31730465640509214,0.0,0.9483236552061993,1
1003.5765064997953,LHR-CTRL0001,hand_left,0.13124659676433742,1.3472274284438805,-1.405376215867067,0.4714048720785762,0.27532441781611666,-0.15772986378796514,0.8228579474029692,1
1003.5766755594788,LHR-HMD00001,head,0.6003633206791504,1.7015305348178813,-1.1997986378074361,0.0,0.31730465640509214,0.0,0.9483236552061993,1
1003.5772742717608,LHR-CTRL0002,hand_right,0.5316540356031141,1.348712804438643,-1.7064620153686645,0.47134932712519817,0.275335064140223,-0.1577112787065429,0.8228897659117346,1
1003.5787313202527,LHR-TRKR0002,foot_left,0.5192132520758711,0.08017071834190778,-1.1408132808632652,0.0,0.31730465640509214,0.0,0.9483236552061993,1
1003.5789011828333,LHR-TRKR0001,pelvis,0.6004125423682947,0.9996535040285104,-1.1984906317254995,0.0,0.31730465640509214,0.0,0.9483236552061993,1
1003.5883703751431,LHR-CTRL0001,hand_left,0.13364136547568548,1.3468575540960155,-1.40545154953821,0.47048498430258845,0.2755005185223542,-0.15742207364365246,0.8233842569356299,1
1003.5888370818287,LHR-CTRL0002,hand_right,0.5311432906716533,1.3468725640564454,-1.706048371070603,0.47044610711889906,0.275507951007749,-0.1574090655199546,0.8234064702929651,1
1003.5891906049824,LHR-HMD00001,head,0.5991117065918505,1.6992769615182248,-1.199956335523928,0.0,0.31730465640509214,0.0,0.9483236552061993,1
1003.5902044164916,LHR-TRKR0001,pelvis,0.5999758750352968,0.9984296339813055,-1.2011396718794436,0.0,0.31730465640509214,0.0,0.9483236552061993,1
1003.590743310488,LHR-TRKR0002,foot_left,0.520936689474911,0.07991841046479292,-1.1388786976817389,0.0,0.31730465640509214,0.0,0.9483236552061993,1
1003.598651725117,LHR-TRKR0002,foot_left,0.5196966950819686,0.07963870053018152,-1.139654978520382,0.0,0.31730465640509214,0.0,0.9483236552061993,1
1003.5995242076422,LHR-CTRL0001,hand_left,0.13126705092923463,1.3452161850817808,-1.4049441700245051,0.4695002270581224,0.275688532157638,-0.1570925784788084,0.8239461704601933,1
1003.599946336419,LHR-CTRL0002,hand_right,0.5309174697170138,1.34656744090364,-1.7074481184521952,0.46946067933472635,0.2756960718579942,-0.1570793459956631,0.8239687042492716,1
1003.600013188706,LHR-TRKR0001,pelvis,0.6006031841620924,0.9989452113408543,-1.200109254856561,0.0,0.31730465640509214,0.0,0.9483236552061993,1
1003.6009573856069,LHR-HMD00001,head,0.5993757859127836,1.701234602272003,-1.201840383697463,0.0,0.31730465640509214,0.0,0.9483236552061993,1
1003.6102047820481,LHR-TRKR0001,pelvis,0.5997176422069141,1.0010190931024174,-1.2005962700169848,0.0,0.31730465640509214,0.0,0.9483236552061993,1
1003.6109972747618,LHR-HMD00001,head,0.6016389628180238,1.6979750101864788,-1.2000410088732831,0.0,0.31730465640509214,0.0,0.9483236552061993,1
1003.6112726766919,LHR-CTRL0001,hand_left,0.13416734279537082,1.34520405343772,-1.4042434537751702,0.4683376260514435,0.2759098289955278,-0.15670357762352521,0.824607556991897,1
1003.6113257345335,LHR-TRKR0002,foot_left,0.5215070018956846,0.08015774385815692,-1.1395352296529886,0.0,0.31730465640509214,0.0,0.9483236552061993,1
1003.611489332921,LHR-CTRL0002,hand_right,0.5340481432257236,1.3442627522716384,-1.704057007746905,0.46831498102609775,0.2759141321855675,-0.15669600070403455,0.8246204178712604,1
1003.6206259326623,LHR-CTRL0002,hand_right,0.5338603006149417,1.3422088048310348,-1.7040495815026737,0.46732036572366126,0.2761028657009582,-0.15636320707913415,0.8251844828906745,1
1003.620971231777,LHR-CTRL0001,hand_left,0.1336601695791003,1.3427958382937097,-1.4046067927763324,0.4672812585007476,0.2761102756717101,-0.1563501219853885,0.8252066289588347,1
1003.6214604316444,LHR-TRKR0001,pelvis,0.59977719582889,0.9984842483830638,-1.20003495116058,0.0,0.31730465640509214,0.0,0.9483236552061993,1
1003.6226405747232,LHR-HMD00001,head,0.5989170277954691,1.7008201832387748,-1.200774033676577,0.0,0.31730465640509214,0.0,0.9483236552061993,1
1003.6230928614709,LHR-TRKR0002,foot_left,0.5214007450110584,0.08086244216178348,-1.1410964723991608,0.0,0.31730465640509214,0.0,0.9483236552061993,1
1003.632804248055,LHR-CTRL0001,hand_left,0.13382162043927603,1.3422475008701302,-1.4018044847700166,0.4658744410019527,0.276376292966851,-0.1558794074348981,0.8260016708486518,1
1003.6329573061828,LHR-HMD00001,head,0.5988669321521921,1.699659975017851,-1.2004110087037638,0.0,0.31730465640509214,0.0,0.9483236552061993,1
1003.6332325170947,LHR-CTRL0002,hand_right,0.53345375967234,1.342609821168457,-1.704189030287041,0.46582109885210815,0.27638635870348427,-0.15586155940122795,0.8260317541643667,1
1003.6336226944672,LHR-TRKR0001,pelvis,0.600631541178334,0.9998440601520105,-1.200230941318441,0.0,0.31730465640509214,0.0,0.9483236552061993,1
1003.6353406231556,LHR-TRKR0002,foot_left,0.5207101211105041,0.0820707556975049,-1.1396395836393307,0.0,0.31730465640509214,0.0,0.9483236552061993,1
1003.6438216850904,LHR-CTRL0001,hand_left,0.13540162374558218,1.3412840116816926,-1.3990335994578884,0.4644484375176087,0.2766448597318292,-0.15540227334344298,0.8268043323006347,1
1003.6439527002441,LHR-TRKR0002,foot_left,0.5206494147483611,0.08039424885781422,-1.141881054394515,0.0,0.31730465640509214,0.0,0.9483236552061993,1
1003.6445120136503,LHR-HMD00001,head,0.5980649698677145,1.700454516143775,-1.2023926254913446,0.0,0.31730465640509214,0.0,0.9483236552061993,1
1003.644598274005,LHR-TRKR0001,pelvis,0.5996509244363568,1.0005903674049068,-1.2006138624085652,0.0,0.31730465640509214,0.0,0.9483236552061993,1
1003.6447334567451,LHR-CTRL0002,hand_right,0.5359981790357572,1.3419708125002874,-1.7019017266085814,0.46432542135728777,0.2766679772457415,-0.15536111271197645,0.8268734232668404,1
1003.654239244632,LHR-CTRL0002,hand_right,0.5386816290704435,1.3384769012474338,-1.7011377341718288,0.4629974627330053,0.2769170182928245,-0.15491678397179912,0.8276177284993632,1
1003.6548013106601,LHR-CTRL0001,hand_left,0.1367946621334638,1.33927359138603,-1.399681698437767,0.4629163492997932,0.2769321996823152,-0.15488964379669765,0.8276631008898476,1
1003.6551448377427,LHR-TRKR0002,foot_left,0.5200744092354044,0.07900674356927578,-1.1409525692828062,0.0,0.31730465640509214,0.0,0.9483236552061993,1
1003.6552642726442,LHR-HMD00001,head,0.601176337312237,1.6996699351250966,-1.1990469932206858,0.0,0.31730465640509214,0.0,0.9483236552061993,1
1003.6554389350175,LHR-TRKR0001,pelvis,0.5987130882170995,0.9978481407362121,-1.2009589568395511,0.0,0.31730465640509214,0.0,0.9483236552061993,1
1003.6654114277042,LHR-TRKR0002,foot_left,0.5222599997845654,0.08068779446583865,-1.1404730767133922,0.0,0.31730465640509214,0.0,0.9483236552061993,1
1003.6668424577186,LHR-CTRL0002,hand_right,0.5370717796816598,1.3377289488488366,-1.699602788404752,0.46110933163168777,0.27726950121072197,-0.154285024142692,0.828671188895707,1
1003.6669607088096,LHR-HMD00001,head,0.5993994418148786,1.69920689293319,-1.1993482518585608,0.0,0.31730465640509214,0.0,0.9483236552061993,1
1003.6677210136745,LHR-TRKR0001,pelvis,0.5983985960207404,1.0006475725014023,-1.201350625574333,0.0,0.31730465640509214,0.0,0.9483236552061993,1
1003.6679685739939,LHR-CTRL0001,hand_left,0.13580172169032914,1.3383081057796031,-1.3976977213772204,0.46093357492001347,0.27730221606992533,-0.1542262167695947,0.8287689633034666,1
1003.6762680052648,LHR-HMD00001,head,0.5994158602424271,1.6984523939189995,-1.2000870768756724,0.0,0.31730465640509214,0.0,0.9483236552061993,1
1003.6766245670253,LHR-TRKR0002,foot_left,0.5211007686204602,0.07833655004240389,-1.1411057489663183,0.0,0.31730465640509214,0.0,0.9483236552061993,1
1003.677640172993,LHR-TRKR0001,pelvis,0.5995455477640194,1.000238344525475,-1.2007657511102776,0.0,0.31730465640509214,0.0,0.9483236552061993,1
1003.6780493347453,LHR-CTRL0001,hand_left,0.13907475299057687,1.335364730926508,-1.3973902711467994,0.45930890961486065,0.2776038543339856,-0.15368261136273312,0.8296704650474512,1
1003.6789296328021,LHR-CTRL0002,hand_right,0.5394342586915428,1.3362772771700662,-1.6980451066222038,0.4591626608458967,0.27763093884426276,-0.15363367720915488,0.82975141211604,1
1003.6878068880134,LHR-TRKR0001,pelvis,0.600292361535096,1.0001092000241278,-1.2001190860451172,0.0,0.31730465640509214,0.0,0.9483236552061993,1
1003.6883414803,LHR-CTRL0002,hand_right,0.5388183548364486,1.3320466389577432,-1.6942167234629883,0.4575552362449135,0.27792788382929173,-0.1530958404612134,0.8306388871275578,1
1003.6889795472823,LHR-TRKR0002,foot_left,0.5211005157697804,0.07929603966341822,-1.13948373610917,0.0,0.31730465640509214,0.0,0.9483236552061993,1
1003.6895330794121,LHR-HMD00001,head,0.5986229303942814,1.6999870927778338,-1.1986210604987189,0.0,0.31730465640509214,0.0,0.9483236552061993,1
1003.6910355548331,LHR-CTRL0001,hand_left,0.1388078410109197,1.3342460069954707,-1.391898111130914,0.45708041358682505,0.27801533967462466,-0.15293696702222348,0.8309002650974083,1
1003.6991417102523,LHR-TRKR0001,pelvis,0.5994711089295102,0.9987583670093433,-1.2025379922826591,0.0,0.31730465640509214,0.0,0.9483236552061993,1
1003.6997700675184,LHR-HMD00001,head,0.6009626683754358,1.7000018517311428,-1.200165718727902,0.0,0.31730465640509214,0.0,0.9483236552061993,1
1003.7002777973922,LHR-CTRL0002,hand_right,0.5396106942876279,1.332812083693515,-1.6940022233134104,0.4554019285466205,0.27832354649863844,-0.1523753537839168,0.8318213981977531,1
1003.700791703101,LHR-CTRL0001,hand_left,0.14176818201782726,1.3346152040208672,-1.3940800084921956,0.4553063504148349,0.27834105237842505,-0.1523433737883746,0.8318737177574309,1
1003.7014834035158,LHR-TRKR0002,foot_left,0.5198715524553615,0.07982814757482415,-1.1390122560092393,0.0,0.31730465640509214,0.0,0.9483236552061993,1
1003.7101916693906,LHR-TRKR0001,pelvis,0.5989981836592867,1.0003602810357792,-1.2019373692020383,0.0,0.31730465640509214,0.0,0.9483236552061993,1
1003.7102074792657,LHR-TRKR0002,foot_left,0.5202121399140682,0.07937390563157955,-1.1386269321494606,0.0,0.31730465640509214,0.0,0.9483236552061993,1
1003.711032357466,LHR-CTRL0002,hand_right,0.5414285219120536,1.3301416264513652,-1.6937178553049534,0.4533525677747186,0.27869785770612693,-0.15168964726166728,0.8329400964749599,1
1003.7114697191788,LHR-HMD00001,head,0.5996832146036729,1.699362454604228,-1.1996449261171773,0.0,0.31730465640509214,0.0,0.9483236552061993,1
1003.7114820625244,LHR-CTRL0001,hand_left,0.14274114965448026,1.3317248715012475,-1.3903849894312232,0.4532646275347028,0.27871387079887205,-0.15166022286896208,0.8329879545644544,1
1003.7216216583647,LHR-TRKR0001,pelvis,0.5994320433801694,0.9996951059114036,-1.2000347080949825,0.0,0.31730465640509214,0.0,0.9483236552061993,1
1003.7218819120947,LHR-HMD00001,head,0.5998421149039279,1.6996183008480392,-1.199729952260346,0.0,0.31730465640509214,0.0,0.9483236552061993,1
1003.7234781439861,LHR-CTRL0001,hand_left,0.14232413786565995,1.3280079211404714,-1.3886265858270195,0.4508525527125576,0.2791515196587364,-0.1508531539231835,0.8342959491308927,1
1003.7245733849632,LHR-TRKR0002,foot_left,0.5209823280506986,0.07956436168951073,-1.1391771089943519,0.0,0.31730465640509214,0.0,0.9483236552061993,1
1003.7249314504912,LHR-CTRL0002,hand_right,0.5412556280551789,1.3291095594577773,-1.6897738418812787,0.4505516881763493,0.2792058970075982,-0.15075248605756403,0.8344584658957497,1
1003.7334974087621,LHR-TRKR0001,pelvis,0.5999063229076783,1.000366811519227,-1.2013244265023304,0.0,0.31730465640509214,0.0,0.9483236552061993,1
1003.7335525710482,LHR-TRKR0002,foot_left,0.5218233472542989,0.0784770568068377,-1.1399220515227357,0.0,0.31730465640509214,0.0,0.9483236552061993,1
1003.7336536945227,LHR-HMD00001,head,0.5979816232685257,1.7019564801798652,-1.1993698661574868,0.0,0.31730465640509214,0.0,0.9483236552061993,1
1003.7343161419959,LHR-CTRL0002,hand_right,0.544101725262146,1.3265754213569723,-1.688962860376045,0.44856409741508785,0.27956395168505127,-0.1500874474917604,0.8355285785260933,1
1003.7345047909344,LHR-CTRL0001,hand_left,0.1471763535058946,1.3256696733099993,-1.38849549834402,0.4485233504265179,0.279571270709018,-0.15007381374010106,0.8355504527829647,1
1003.7428243090914,LHR-CTRL0001,hand_left,0.14522592298997064,1.3245269690531487,-1.3869374237967143,0.44669543883585644,0.27989872244725045,-0.14946220307740216,0.8365291028690444,1
1003.7433718816403,LHR-HMD00001,head,0.5986062366786976,1.700115046511263,-1.2011290851488392,0.0,0.31730465640509214,0.0,0.9483236552061993,1
1003.7437229709532,LHR-TRKR0001,pelvis,0.6014137153632121,1.0011646570499793,-1.1989760935793348,0.0,0.31730465640509214,0.0,0.9483236552061993,1
1003.744148489672,LHR-CTRL0002,hand_right,0.5456986466802196,1.3241893175735568,-1.6857393903075857,0.446398928124742,0.2799516772636903,-0.14936299198128106,0.8366873681326424,1
1003.7461039455853,LHR-TRKR0002,foot_left,0.5179641799212827,0.08114767644441129,-1.1389403881029836,0.0,0.31730465640509214,0.0,0.9483236552061993,1
1003.7536945419354,LHR-CTRL0002,hand_right,0.5477884741597797,1.3213387725212775,-1.6842363973373733,0.4442163243098906,0.28034008737069344,-0.14863270296050443,0.8378482035788204,1
1003.7547515760144,LHR-CTRL0001,hand_left,0.15004688813704672,1.3236101474213333,-1.3837668394452867,0.4439697934495778,0.28038380593915346,-0.14855021488853093,0.8379788646069696,1
1003.7548787063205,LHR-TRKR0001,pelvis,0.6002122810967574,1.0003104522771584,-1.2019071561926982,0.0,0.31730465640509214,0.0,0.9483236552061993,1
1003.7551327411469,LHR-TRKR0002,foot_left,0.5191599506936639,0.07805887362146878,-1.1403629317160162,0.0,0.31730465640509214,0.0,0.9483236552061993,1
1003.7567447099681,LHR-HMD00001,head,0.5994607316594811,1.6991048905765855,-1.1989081391651593,0.0,0.31730465640509214,0.0,0.9483236552061993,1
1003.764963122079,LHR-HMD00001,head,0.5980792665328586,1.6996456065969172,-1.2016490629637802,0.0,0.31730465640509214,0.0,0.9483236552061993,1
1003.766051090224,LHR-TRKR0002,foot_left,0.5188723541740544,0.08161117936909648,-1.138652448109389,0.0,0.31730465640509214,0.0,0.9483236552061993,1
1003.7664409178202,LHR-CTRL0001,hand_left,0.15140896429654974,1.320409647382615,-1.3816208189346026,0.4411793838508195,0.2808764801583463,-0.14761655689729275,0.8394513126374022,1
1003.7665849126023,LHR-TRKR0001,pelvis,0.5991155183871917,0.9981739952518752,-1.200005711476285,0.0,0.31730465640509214,0.0,0.9483236552061993,1
1003.7671396932872,LHR-CTRL0002,hand_right,0.5487555352923978,1.3201351928482383,-1.6818353165452615,0.44100886469658734,0.2809064583627064,-0.14755950198640122,0.839540908045983,1
1003.7767385389631,LHR-HMD00001,head,0.5999795503786974,1.6996822919819055,-1.2014067199175642,0.0,0.31730465640509214,0.0,0.9483236552061993,1
1003.7767631919402,LHR-TRKR0002,foot_left,0.5195285813053436,0.0801699029457353,-1.1413008510159488,0.0,0.31730465640509214,0.0,0.9483236552061993,1
1003.7767780503863,LHR-TRKR0001,pelvis,0.5991311198119699,0.9995006152548921,-1.1990284030462284,0.0,0.31730465640509214,0.0,0.9483236552061993,1
1003.7775010205376,LHR-CTRL0002,hand_right,0.5479671861189684,1.3174272534211962,-1.6810576865880704,0.43843160962680594,0.2813577560743009,-0.14669716450288936,0.840889694730346,1
1003.7780632307491,LHR-CTRL0001,hand_left,0.15257443257830725,1.3177708125785024,-1.3792864707231853,0.43828915880579794,0.28138260215614863,-0.14664950112492084,0.8409639518415474,1
1003.7891245549584,LHR-HMD00001,head,0.6014397344147736,1.7015634429173578,-1.2005641825025788,0.0,0.31730465640509214,0.0,0.9483236552061993,1
1003.7891702470222,LHR-CTRL0001,hand_left,0.15297974652125026,1.3142049342782711,-1.376757911680392,0.4354202248625209,0.2818808159249027,-0.14568956925553975,0.8424529558404542,1
1003.7906510491819,LHR-CTRL0002,hand_right,0.5529971508251836,1.3159774652746887,-1.6770690628519793,0.4350299029122369,0.28194827790895716,-0.1455589693578758,0.8426545784577547,1
1003.7907499691614,LHR-TRKR0002,foot_left,0.5203993847676414,0.07979572923683771,-1.1393018285225454,0.0,0.31730465640509214,0.0,0.9483236552061993,1
1003.791428588263,LHR-TRKR0001,pelvis,0.599786081766621,1.0006144540319255,-1.2003958186830874,0.0,0.31730465640509214,0.0,0.9483236552061993,1
1003.7984566058675,LHR-CTRL0001,hand_left,0.15647229590349598,1.3115547129427738,-1.37511320636614,0.4329421904038101,0.2823078118733678,-0.14486043052409023,0.8437291122107838,1
1003.7992754349856,LHR-TRKR0002,foot_left,0.5198763530545286,0.0801553326512643,-1.141028463396161,0.0,0.31730465640509214,0.0,0.9483236552061993,1
1003.8004709073678,LHR-TRKR0001,pelvis,0.6014687209801418,0.9995359335841526,-1.2006156189133321,0.0,0.31730465640509214,0.0,0.9483236552061993,1
1003.8014628422851,LHR-HMD00001,head,0.6005219281920657,1.6998511933213367,-1.1997565592920656,0.0,0.31730465640509214,0.0,0.9483236552061993,1
1003.8017953394071,LHR-CTRL0002,hand_right,0.5549955077654207,1.3093216770590863,-1.6734863554153343,0.4320337272011013,0.2824635799259811,-0.144556462988524,0.8441946538473049,1
1003.8105635754442,LHR-TRKR0002,foot_left,0.5195912088179896,0.0793672812380577,-1.1385993170379707,0.0,0.31730465640509214,0.0,0.9483236552061993,1
1003.811389237413,LHR-HMD00001,head,0.6015321309641034,1.699731359386211,-1.1982078325164323,0.0,0.31730465640509214,0.0,0.9483236552061993,1
1003.8114886321024,LHR-CTRL0001,hand_left,0.15852852812155857,1.3084272650070117,-1.3710856204560775,0.4293440477105703,0.2829223434972815,-0.14365650882003161,0.8455657536343049,1
1003.8125766730695,LHR-CTRL0002,hand_right,0.5567459566005886,1.3096885974696475,-1.6726465911751438,0.4290373204782383,0.2829744311902785,-0.14355387932372948,0.8457214273391089,1
1003.8126155281014,LHR-TRKR0001,pelvis,0.5991230249708153,1.0005399164123319,-1.1994223459271858,0.0,0.31730465640509214,0.0,0.9483236552061993,1
1003.8212423228853,LHR-TRKR0001,pelvis,0.6013934894278874,0.9986464610136355,-1.2000816209255443,0.0,0.31730465640509214,0.0,0.9483236552061993,1
1003.8219743137669,LHR-HMD00001,head,0.5997118051465695,1.6999064460656566,-1.1981106825624497,0.0,0.31730465640509214,0.0,0.9483236552061993,1
1003.8226213500106,LHR-CTRL0002,hand_right,0.5581872728303892,1.3045017230451754,-1.6699025361553554,0.42616004630963583,0.2834607679439858,-0.1425911568539909,0.847174934681743,1
1003.8226697345567,LHR-CTRL0001,hand_left,0.15825774531276954,1.3056949785865655,-1.369678074729088,0.42614598833969713,0.28346313404416895,-0.1425864531230477,0.8471820062097809,1
1003.823316470476,LHR-TRKR0002,foot_left,0.5223949060171041,0.07989547446636762,-1.1395190309100043,0.0,0.31730465640509214,0.0,0.9483236552061993,1
1003.8319082431901,LHR-HMD00001,head,0.6002752171973222,1.6979680583662926,-1.1997751971250956,0.0,0.31730465640509214,0.0,0.9483236552061993,1
1003.8320816427758,LHR-CTRL0002,hand_right,0.5593205450100825,1.304721244028088,-1.666610261404348,0.42337549335352476,0.2839275308999022,-0.14165945846797046,0.848569942109256,1
1003.8322175460904,LHR-TRKR0002,foot_left,0.519095786802455,0.08003913618647165,-1.140061950354904,0.0,0.31730465640509214,0.0,0.9483236552061993,1
1003.8324340812856,LHR-CTRL0001,hand_left,0.16248117807212623,1.3035398076414615,-1.3683613988587342,0.4232703672263684,0.2839450778344729,-0.14162428375786656,0.8486223843687496,1
1003.8336682847697,LHR-TRKR0001,pelvis,0.5993653700573928,1.0008491723087483,-1.199417954094898,0.0,0.31730465640509214,0.0,0.9483236552061993,1
1003.8432760747299,LHR-CTRL0001,hand_left,0.16178615409879604,1.3024664322871387,-1.3639174827193443,0.4199880462578122,0.2844902082622895,-0.14052603452468415,0.8502516074810986,1
1003.84425316778,LHR-HMD00001,head,0.5987181467701844,1.6983373971061368,-1.2009426428635455,0.0,0.31730465640509214,0.0,0.9483236552061993,1
1003.8448233327392,LHR-TRKR0001,pelvis,0.5991615219419387,1.0002059466048816,-1.2004280751675367,0.0,0.31730465640509214,0.0,0.9483236552061993,1
1003.8451376263055,LHR-TRKR0002,foot_left,0.5200325516909695,0.0777103235208396,-1.1387554061787746,0.0,0.31730465640509214,0.0,0.9483236552061993,1
1003.845498815325,LHR-CTRL0002,hand_right,0.5617486375507702,1.2986281650482085,-1.665998680138453,0.41930362597542237,0.28460321177502745,-0.14029703070162425,0.8505893393803554,1
1003.8555356785446,LHR-HMD00001,head,0.6003260803807894,1.698886632347588,-1.2014012585088327,0.0,0.31730465640509214,0.0,0.9483236552061993,1
1003.8555410406865,LHR-CTRL0002,hand_right,0.563936144479496,1.2969623896496139,-1.6631440753591686,0.4161631289676582,0.2851188015306874,-0.13924623510191608,0.8521302747300409,1
1003.8561258909488,LHR-CTRL0001,hand_left,0.16502200028910863,1.2977394016366677,-1.3619019019923957,0.41597780437861537,0.2851490769902849,-0.13918422636183372,0.85222075854088,1
1003.8566677236869,LHR-TRKR0001,pelvis,0.5984191953607219,1.0002227550604876,-1.2011940313018021,0.0,0.31730465640509214,0.0,0.9483236552061993,1
1003.8572429247824,LHR-TRKR0002,foot_left,0.5210778172730623,0.08121261337595698,-1.1410520819705874,0.0,0.31730465640509214,0.0,0.9483236552061993,1
1003.8662239625626,LHR-CTRL0001,hand_left,0.167823392554522,1.2933633672485467,-1.3584857523087028,0.4127362759683455,0.2856759322024456,-0.1380996261277244,0.8537953627910074,1
1003.8666325877113,LHR-TRKR0001,pelvis,0.6011958929950383,1.0009189188078986,-1.199946535883882,0.0,0.31730465640509214,0.0,0.9483236552061993,1
1003.8671369703272,LHR-TRKR0002,foot_left,0.5179858946878318,0.0794601152338923,-1.1393096588020584,0.0,0.31730465640509214,0.0,0.9483236552061993,1
1003.8680345699754,LHR-CTRL0002,hand_right,0.5650812572335541,1.2936138400227963,-1.6605375679594403,0.41214677562094143,0.285771198681038,-0.13790238207063815,0.8540800842830301,1
1003.868357235312,LHR-HMD00001,head,0.5996202384678389,1.7004046106482682,-1.2006963782840445,0.0,0.31730465640509214,0.0,0.9483236552061993,1
1003.8758912289418,LHR-TRKR0001,pelvis,0.5999415279436832,1.0010082975534442,-1.1995333639955146,0.0,0.31730465640509214,0.0,0.9483236552061993,1
1003.8774749632468,LHR-CTRL0002,hand_right,0.5678200779352023,1.2904891717404934,-1.6579462187407108,0.4090327471062373,0.28627166153671874,-0.13686044270482217,0.8555758100942145,1
1003.8781814576143,LHR-TRKR0002,foot_left,0.5195557797383852,0.08026504858959928,-1.138680664398821,0.0,0.31730465640509214,0.0,0.9483236552061993,1
1003.8783999029994,LHR-HMD00001,head,0.5986935636147044,1.6978273073859877,-1.2007762024879216,0.0,0.31730465640509214,0.0,0.9483236552061993,1
1003.8786276476748,LHR-CTRL0001,hand_left,0.16872828915076157,1.290729008721331,-1.3542807683603009,0.4086479024221144,0.2863331868614136,-0.13673167547477938,0.8557596899069578,1
1003.8872673442431,LHR-CTRL0002,hand_right,0.5711771397490282,1.2883733709051781,-1.6533835657274027,0.4057316935365799,0.2867970948814281,-0.13575592563098918,0.8571461648304711,1
1003.887359796014,LHR-HMD00001,head,0.6008443084416557,1.701002090221153,-1.1992101885484612,0.0,0.31730465640509214,0.0,0.9483236552061993,1
1003.8878179135974,LHR-TRKR0002,foot_left,0.5204803591749901,0.08080302360440382,-1.1395936725485625,0.0,0.31730465640509214,0.0,0.9483236552061993,1
1003.8888549824644,LHR-TRKR0001,pelvis,0.5990146501786963,0.9996347889258367,-1.1998249229618203,0.0,0.31730465640509214,0.0,0.9483236552061993,1
1003.8899014210665,LHR-CTRL0001,hand_left,0.17203795045948936,1.2875300647896255,-1.3530350970122784,0.4048315455441297,0.2869394680060734,-0.13545474032585614,0.8575716732471973,1
1003.8981982831461,LHR-CTRL0002,hand_right,0.5741681091543411,1.2855449213451196,-1.6509918022392875,0.40196283607005956,0.2873906248849757,-0.13449488356282105,0.8589200390270103,1
1003.8996655590418,LHR-TRKR0001,pelvis,0.5995370405107683,1.0002195207730762,-1.2002522896901295,0.0,0.31730465640509214,0.0,0.9483236552061993,1
1003.9003761764488,LHR-CTRL0001,hand_left,0.1741490276966904,1.283907237211581,-1.348537210133099,0.4012014673666581,0.2875097070117974,-0.13424013315824757,0.8592759379887738,1
1003.9011538243541,LHR-TRKR0002,foot_left,0.5193401996326746,0.0799151373948176,-1.140310425210915,0.0,0.31730465640509214,0.0,0.9483236552061993,1
1003.9020267790952,LHR-HMD00001,head,0.5998247087577865,1.7001293513837203,-1.1987322965544602,0.0,0.31730465640509214,0.0,0.9483236552061993,1
1003.9096769710484,LHR-CTRL0001,hand_left,0.1764534451749321,1.2802891101204632,-1.347893378003966,0.39791138639962814,0.28802113656713973,-0.13313928746589646,0.8608044398103278,1
1003.9099993452015,LHR-CTRL0002,hand_right,0.5752324487367487,1.2795714566707967,-1.6465462551391683,0.3977962344480936,0.28803894381330786,-0.13310075816188147,0.8608576600591783,1
1003.9102582641399,LHR-TRKR0001,pelvis,0.6006072081228019,1.0010596092309323,-1.2006508817933352,0.0,0.31730465640509214,0.0,0.9483236552061993,1
1003.910585139549,LHR-TRKR0002,foot_left,0.5196467962127956,0.08053679407545455,-1.1388210938619565,0.0,0.31730465640509214,0.0,0.9483236552061993,1
1003.9107161012356,LHR-HMD00001,head,0.5991313225728029,1.7003640755760714,-1.2018708963960332,0.0,0.31730465640509214,0.0,0.9483236552061993,1
1003.9206764291905,LHR-TRKR0001,pelvis,0.6006286331016107,0.9990880270347429,-1.1992899840716384,0.0,0.31730465640509214,0.0,0.9483236552061993,1
1003.9213314553332,LHR-CTRL0001,hand_left,0.17877377768682384,1.2758941267965853,-1.3425899546120337,0.3937015335290222,0.28866809692655415,-0.13173069039959936,0.8627380005080004,1
1003.9213427625075,LHR-HMD00001,head,0.6006822976621161,1.6995489569612572,-1.2011556314350236,0.0,0.31730465640509214,0.0,0.9483236552061993,1
1003.9229079126435,LHR-TRKR0002,foot_left,0.5202598988228919,0.08024100118718383,-1.1413717110703605,0.0,0.31730465640509214,0.0,0.9483236552061993,1
1003.9231796285965,LHR-CTRL0002,hand_right,0.5771346606523953,1.2773869497409724,-1.6445913658489717,0.3930251462901937,0.28877126673415765,-0.13150437439531637,0.863046342560594,1
1003.9315035354426,LHR-CTRL0001,hand_left,0.1793741454531723,1.2739654624993066,-1.3406592176492715,0.38994938346403407,0.2892377172875804,-0.13047523854978493,0.8644404163154717,1
1003.9318549599473,LHR-CTRL0002,hand_right,0.5805310826797899,1.273942477689388,-1.6428912800242703,0.38981847683518106,0.28925747182849043,-0.1304314378044789,0.8644994564148354,1
1003.9345587998391,LHR-TRKR0001,pelvis,0.5991347243019889,1.0003458072775897,-1.2007277990331409,0.0,0.31730465640509214,0.0,0.9483236552061993,1
1003.9348081559854,LHR-HMD00001,head,0.6007728339482671,1.698888765047835,-1.200867281678116,0.0,0.31730465640509214,0.0,0.9483236552061993,1
1003.9352282023715,LHR-TRKR0002,foot_left,0.5203575476217978,0.08011741391541961,-1.1397782028517423,0.0,0.31730465640509214,0.0,0.9483236552061993,1
1003.9439350578086,LHR-CTRL0001,hand_left,0.18366588305370485,1.269574575841452,-1.3360629853227686,0.38526749090390056,0.2899392906172422,-0.1289086992127527,0.8665371979760934,1
1003.9443946886842,LHR-HMD00001,head,0.6015368184215191,1.6989539749156504,-1.2006560050267336,0.0,0.31730465640509214,0.0,0.9483236552061993,1
1003.9444102098149,LHR-CTRL0002,hand_right,0.5841358630913686,1.2687767201454854,-1.6384203585876689,0.38508647194248874,0.2899662119702751,-0.12884813111552315,0.8666176574190796,1
1003.944843418818,LHR-TRKR0001,pelvis,0.5989814482795749,1.0003910647682188,-1.200230563848301,0.0,0.31730465640509214,0.0,0.9483236552061993,1
1003.9451233311889,LHR-TRKR0002,foot_left,0.5204970264716682,0.08116778128845471,-1.1409615805726783,0.0,0.31730465640509214,0.0,0.9483236552061993,1
1003.9546657057837,LHR-CTRL0001,hand_left,0.18672559479550216,1.264627554841648,-1.3323817745483588,0.38114287960565857,0.2905489548161506,-0.12752862357759553,0.8683592921996937,1
1003.9548424291686,LHR-CTRL0002,hand_right,0.5853103388494956,1.2659838551364773,-1.63343850640572,0.38107431580503964,0.2905590231245692,-0.12750568245082117,0.8683893832016646,1
1003.9551881529561,LHR-HMD00001,head,0.5993167455059868,1.7007848009523263,-1.2018359116973192,0.0,0.31730465640509214,0.0,0.9483236552061993,1
1003.9556973195694,LHR-TRKR0001,pelvis,0.6010480304406915,0.9983670539109178,-1.2006175922929385,0.0,0.31730465640509214,0.0,0.9483236552061993,1
1003.956075657577,LHR-TRKR0002,foot_left,0.5199502669201256,0.07990487676136365,-1.137691103720273,0.0,0.31730465640509214,0.0,0.9483236552061993,1
1003.9660504272284,LHR-TRKR0001,pelvis,0.5993285493673388,1.0003083595440738,-1.2021541912760327,0.0,0.31730465640509214,0.0,0.9483236552061993,1
1003.9668135937425,LHR-TRKR0002,foot_left,0.520012620677716,0.0793086479638586,-1.1381612250906203,0.0,0.31730465640509214,0.0,0.9483236552061993,1
1003.9668854526557,LHR-HMD00001,head,0.6012503956829878,1.6997566461359697,-1.2003168663548038,0.0,0.31730465640509214,0.0,0.9483236552061993,1
1003.9680201597457,LHR-CTRL0002,hand_right,0.5899077180190037,1.2616972146031356,-1.6306484330738062,0.3759047244219213,0.29131195052337366,-0.12577596137029154,0.8706396459965084,1
1003.9682302025176,LHR-CTRL0001,hand_left,0.18855525021953168,1.2610589814216102,-1.328656652083943,0.3758214237533308,0.2913239828773987,-0.12574808935646972,0.8706756069120496,1
1003.9778354067499,LHR-CTRL0002,hand_right,0.5909988558200006,1.257973866650492,-1.6281412200814527,0.37198242181223623,0.29187508099897663,-0.12446357727542015,0.8723226655810051,1
1003.9778378711532,LHR-TRKR0001,pelvis,0.5996460404540799,1.001358960987047,-1.2001222825491493,0.0,0.31730465640509214,0.0,0.9483236552061993,1
1003.9784227121535,LHR-CTRL0001,hand_left,0.19187893351670965,1.2568071544240345,-1.326764458445974,0.37174581896750336,0.291908826962934,-0.12438441107099164,0.8724235216360382,1
1003.9786226665582,LHR-HMD00001,head,0.5991033185830928,1.6998545486723324,-1.1985296064775053,0.0,0.31730465640509214,0.0,0.9483236552061993,1
1003.9786544074893,LHR-TRKR0002,foot_left,0.5213879195683057,0.07853057121038458,-1.1396492941876488,0.0,0.31730465640509214,0.0,0.9483236552061993,1
1003.9879181702368,LHR-CTRL0002,hand_right,0.5931027426456986,1.2542380183665984,-1.6273096421997604,0.3678910524140961,0.292455053749111,-0.12309462422444843,0.8740560214181327,1
1003.9884632974209,LHR-TRKR0002,foot_left,0.521673942960086,0.07881425914926177,-1.140058676774317,0.0,0.31730465640509214,0.0,0.9483236552061993,1
1003.9886402940679,LHR-CTRL0001,hand_left,0.19397611286828464,1.2555497323704774,-1.3241000910382077,0.36759565386779675,0.2924966355126775,-0.12299578525346894,0.8741802962096282,1
1003.9898822250934,LHR-HMD00001,head,0.6002128523864464,1.6990674598081321,-1.2003473551626498,0.0,0.31730465640509214,0.0,0.9483236552061993,1
1003.9906290611806,LHR-TRKR0001,pelvis,0.5998587570467249,1.0000964851413914,-1.2001840774824633,0.0,0.31730465640509214,0.0,0.9483236552061993,1
1003.9984111348751,LHR-TRKR0002,foot_left,0.5188932292042561,0.07978369945008994,-1.1411623441305037,0.0,0.31730465640509214,0.0,0.9483236552061993,1
1003.9986247976,LHR-HMD00001,head,0.6005344530665795,1.7000853250721875,-1.2002573105915437,0.0,0.31730465640509214,0.0,0.9483236552061993,1
1003.9987797484654,LHR-CTRL0001,hand_left,0.1979782266428354,1.2491098649515127,-1.3200116960833377,0.3634149826844748,0.2930809208760103,-0.12159695224315226,0.8759265410889714,1
1004.0001319718234,LHR-CTRL0002,hand_right,0.5963641566881712,1.2491985603846616,-1.6186800044183778,0.36285284138533364,0.2931588871383049,-0.1214088623955608,0.8761595576846927,1
1004.0018039408628,LHR-TRKR0001,pelvis,0.6004681830326581,0.9986607759469571,-1.2006226059084524,0.0,0.31730465640509214,0.0,0.9483236552061993,1
1004.0110453503141,LHR-TRKR0001,pelvis,0.6001889481998701,0.999697593295162,-1.201462910703464,0.0,0.31730465640509214,0.0,0.9483236552061993,1
1004.0119253873655,LHR-TRKR0002,foot_left,0.5185306722157833,0.08042647282173797,-1.1397536443557927,0.0,0.31730465640509214,0.0,0.9483236552061993,1
1004.0123873597935,LHR-CTRL0002,hand_right,0.6001924170987274,1.2437414083018525,-1.6155898537136044,0.35770981922271433,0.29386564983238356,-0.11968803125185294,0.8782718487207133,1
1004.0129167603011,LHR-CTRL0001,hand_left,0.2009140242612535,1.2444930002201466,-1.3149394274792054,0.35748572190028827,0.29389617793489636,-0.11961304933665623,0.8783630876016343,0
1004.0131095925814,LHR-HMD00001,head,0.6006045729131452,1.7003610866851109,-1.2010777160147683,0.0,0.31730465640509214,0.0,0.9483236552061993,1
1004.0210045278063,LHR-TRKR0001,pelvis,0.6018428375950442,1.0008435659934067,-1.2002834410193814,0.0,0.31730465640509214,0.0,0.9483236552061993,1
1004.0213453217725,LHR-CTRL0001,hand_left,0.20223641944530765,1.241201079669843,-1.310397749928658,0.35389676835108513,0.29438205673617607,-0.11841220227718252,0.8798152262687348,0
1004.0225743575586,LHR-CTRL0002,hand_right,0.5999399200494578,1.243231320565515,-1.6135044015257503,0.3533701497956415,0.29445287180175517,-0.11823599817336813,0.8800268701903665,1
1004.0231690838102,LHR-HMD00001,head,0.5980850836477117,1.7005004882032306,-1.198142555878672,0.0,0.31730465640509214,0.0,0.9483236552061993,1
1004.0232789505125,LHR-TRKR0002,foot_left,0.519423185647587,0.0797988882758802,-1.1412775967032627,0.0,0.31730465640509214,0.0,0.9483236552061993,1
1004.031317837946,LHR-CTRL0001,hand_left,0.20488624702723057,1.239970543168297,-1.3108155800821883,0.34960006200823984,0.29495626951821163,-0.11697454444559162,0.8815313673758189,0
1004.0323443954458,LHR-TRKR0001,pelvis,0.6006772101719177,0.9994198676087735,-1.1986878415162245,0.0,0.31730465640509214,0.0,0.9483236552061993,1
1004.0329541322712,LHR-HMD00001,head,0.5991792686057339,1.699858988282744,-1.1986459186174947,0.0,0.31730465640509214,0.0,0.9483236552061993,1
1004.0335953334269,LHR-CTRL0002,hand_right,0.6048146812745578,1.2386338795479954,-1.6094928038946341,0.3486113064992193,0.29508725751629994,-0.11664371148014142,0.8819228492360053,1
1004.0338794354482,LHR-TRKR0002,foot_left,0.5196113133476785,0.07927922843296055,-1.138953639599936,0.0,0.31730465640509214,0.0,0.9483236552061993,1
1004.0428965382365,LHR-CTRL0002,hand_right,0.6069241524657449,1.2329613660400585,-1.6044705307716838,0.344545047084984,0.2956214436925801,-0.11528316011225709,0.883519363428359,1
1004.0436257845929,LHR-HMD00001,head,0.6017396339654385,1.7000652358876764,-1.198750274725935,0.0,0.31730465640509214,0.0,0.9483236552061993,1
1004.043692295366,LHR-CTRL0001,hand_left,0.20930984358539878,1.233735100973085,-1.3046206758069807,0.34419508550129274,0.29566708058203,-0.11516606460434846,0.8836557577136043,0
1004.0440867217006,LHR-TRKR0002,foot_left,0.521430625647115,0.07791440423217988,-1.1403115194928386,0.0,0.31730465640509214,0.0,0.9483236552061993,1
1004.0446666460394,LHR-TRKR0001,pelvis,0.599232427457665,0.9991877494553544,-1.201790281327309,0.0,0.31730465640509214,0.0,0.9483236552061993,1
1004.0541147931283,LHR-CTRL0001,hand_left,0.21204137398588876,1.2306800551190116,-1.299665042629021,0.33958193931728364,0.29626367685683047,-0.11362252748300015,0.8854387960289288,0
1004.0545865431247,LHR-HMD00001,head,0.600750633970714,1.6994441842696313,-1.2020188116179205,0.0,0.31730465640509214,0.0,0.9483236552061993,1
1004.0561346870365,LHR-TRKR0001,pelvis,0.6007279158566693,1.000406077738763,-1.1993605536829333,0.0,0.31730465640509214,0.0,0.9483236552061993,1
1004.05654137773,LHR-CTRL0002,hand_right,0.6128066065585559,1.2288667057372484,-1.6015919254124813,0.33850016178071307,0.29640224072852794,-0.11326056978252116,0.8858529197886506,1
1004.0566225552396,LHR-TRKR0002,foot_left,0.5195635836682561,0.08126862911111205,-1.1400519778008396,0.0,0.31730465640509214,0.0,0.9483236552061993,1
1004.0651992119202,LHR-TRKR0002,foot_left,0.5192319629566885,0.07892313530336079,-1.140836048614448,0.0,0.31730465640509214,0.0,0.9483236552061993,1
1004.0667900451043,LHR-HMD00001,head,0.599090572438403,1.7003692293314057,-1.199580745165789,0.0,0.31730465640509214,0.0,0.9483236552061993,1
1004.0668315175957,LHR-CTRL0002,hand_right,0.6136983782229044,1.2246612524025327,-1.5969718148271845,0.3338812479266921,0.2969881828911353,-0.11171510282578248,0.8876041163190722,1
1004.0672783363199,LHR-TRKR0001,pelvis,0.5994572916065853,0.9986462739542107,-1.198103046468656,0.0,0.31730465640509214,0.0,0.9483236552061993,1
1004.0674833953473,LHR-CTRL0001,hand_left,0.21524919198130363,1.2243532530184638,-1.2967147705621538,0.3335869510166173,0.2970252048821516,-0.11161663245712748,0.8877147633869134,0
1004.0767511349509,LHR-CTRL0001,hand_left,0.21635252646817882,1.2198235942372246,-1.292010011319515,0.32938173588559827,0.2975501501849455,-0.1102095871567892,0.8892836595196363,0
1004.0771297614835,LHR-HMD00001,head,0.599497755448289,1.6991423000406112,-1.2016003052400506,0.0,0.31730465640509214,0.0,0.9483236552061993,1
1004.0774805839454,LHR-TRKR0002,foot_left,0.5193366958310998,0.0789383162717266,-1.1397265322835095,0.0,0.31730465640509214,0.0,0.9483236552061993,1
1004.0787350873558,LHR-CTRL0002,hand_right,0.6169408640052728,1.220749170773752,-1.5929211003930286,0.3284764587144015,0.29766216660040296,-0.10990668565245472,0.8896184412960944,1
1004.0792328919516,LHR-TRKR0001,pelvis,0.5999583953286243,0.9994527797367787,-1.1993962765412702,0.0,0.31730465640509214,0.0,0.9483236552061993,1
1004.0881240149236,LHR-HMD00001,head,0.5983196663226235,1.6998778798799117,-1.2015747339233964,0.0,0.31730465640509214,0.0,0.9483236552061993,1
1004.0886132160965,LHR-CTRL0002,hand_right,0.6187383431101336,1.2147220888890606,-1.5906475638513153,0.32394328265775585,0.29821782847219525,-0.10838990616142223,0.8912791395766894,1
1004.089029750138,LHR-TRKR0001,pelvis,0.5998596178053153,0.9995764749077066,-1.2012583623703261,0.0,0.31730465640509214,0.0,0.9483236552061993,1
1004.0894011891104,LHR-CTRL0001,hand_left,0.22104135111712983,1.216336898029401,-1.2889547193344641,0.3235798582991396,0.2982619970372449,-0.10826830607203619,0.8914111455028791,0
1004.0909331901566,LHR-TRKR0002,foot_left,0.5201540926441913,0.07933794056591432,-1.1392935481801898,0.0,0.31730465640509214,0.0,0.9483236552061993,1
1004.0994243370768,LHR-CTRL0002,hand_right,0.6221967423480677,1.2130009765853296,-1.5864187482624132,0.3189343652621159,0.29882165038452174,-0.10671394584506858,0.8930837730462342,1
1004.1007320633536,LHR-TRKR0001,pelvis,0.601564122349502,1.0009526422595956,-1.1989483588297714,0.0,0.31730465640509214,0.0,0.9483236552061993,1
1004.100811254405,LHR-HMD00001,head,0.5999848940102712,1.699202019128089,-1.200426164542677,0.0,0.31730465640509214,0.0,0.9483236552061993,1
1004.1011468150144,LHR-TRKR0002,foot_left,0.5193409182891302,0.07934436123987898,-1.1412268537796992,0.0,0.31730465640509214,0.0,0.9483236552061993,1
1004.101505463587,LHR-CTRL0001,hand_left,0.22270328474682405,1.2107961591435148,-1.2844511549725257,0.31796464791873597,0.2989373226810285,-0.10638948296073367,0.8934294810994099,0
1004.1101911565326,LHR-CTRL0001,hand_left,0.22636171810561112,1.2083734454826955,-1.2826781047274514,0.3138989548998857,0.29941798325423774,-0.10502912110609412,0.8948660241267437,1
1004.1106251553746,LHR-TRKR0001,pelvis,0.5991111140171188,1.0000241572647854,-1.1998133072624773,0.0,0.31730465640509214,0.0,0.9483236552061993,1
1004.1114756784549,LHR-HMD00001,head,0.6021253676940381,1.7000482625296303,-1.2003435529184083,0.0,0.31730465640509214,0.0,0.9483236552061993,1
1004.1115456856913,LHR-TRKR0002,foot_left,0.5209292817651509,0.08000929627967394,-1.1390273999839786,0.0,0.31730465640509214,0.0,0.9483236552061993,1
1004.1125227309084,LHR-CTRL0002,hand_right,0.6263470010683249,1.2059822637988102,-1.5816721476172895,0.3128025905129474,0.2995464096822051,-0.1046622827137558,0.8952498502608285,1
1004.1210753240109,LHR-CTRL0002,hand_right,0.6280107022840725,1.2047882359662405,-1.5782699146600272,0.3087635326301621,0.3000151942685418,-0.10331083285097789,0.8966508997047787,1
1004.1218276509638,LHR-HMD00001,head,0.5998266641670534,1.6985263427873432,-1.198660850736599,0.0,0.31730465640509214,0.0,0.9483236552061993,1
1004.1221042942614,LHR-CTRL0001,hand_left,0.22917977664121328,1.2030885865280323,-1.2764934495141949,0.3082757854559106,0.3000713421585447,-0.10314763492937296,0.89681870805932,1
1004.1223090417809,LHR-TRKR0002,foot_left,0.5212444582260306,0.07879086926406423,-1.139538414909407,0.0,0.31730465640509214,0.0,0.9483236552061993,1
1004.1229011327212,LHR-TRKR0001,pelvis,0.5987010327385527,1.0012234030197764,-1.1987973780082015,0.0,0.31730465640509214,0.0,0.9483236552061993,1
1004.1325321869176,LHR-CTRL0002,hand_right,0.6317918968912338,1.198500380840791,-1.5741532309287192,0.3033117658931394,0.3006371488425635,-0.10148669721775301,0.8985097259876665,1
1004.1335803116042,LHR-TRKR0001,pelvis,0.6000505376989643,1.000320169868938,-1.2012017311839749,0.0,0.31730465640509214,0.0,0.9483236552061993,1
1004.1340675809295,LHR-HMD00001,head,0.6008478164192205,1.6994680048682753,-1.1997707118310632,0.0,0.31730465640509214,0.0,0.9483236552061993,1
1004.1341306629154,LHR-TRKR0002,foot_left,0.5193696480056267,0.0796278500518238,-1.1403954266830205,0.0,0.31730465640509214,0.0,0.9483236552061993,1
1004.1352423513458,LHR-CTRL0001,hand_left,0.2316445651984909,1.1978482031981004,-1.2723391326707987,0.30201554184865115,0.3007832090583416,-0.1010529867194412,0.8989462539582175,1
1004.1441764777936,LHR-CTRL0001,hand_left,0.23567452774254483,1.1943244427140929,-1.2680478833731208,0.2977254963357442,0.3012616590276088,-0.09961755757037165,0.9003761901867914,1
1004.1446484005673,LHR-CTRL0002,hand_right,0.6359965831173132,1.194603409129285,-1.5717518701825604,0.29749817863528216,0.3012867987915152,-0.09954149813175707,0.9004513250211452,1
1004.1457804037394,LHR-TRKR0001,pelvis,0.5982204349874857,1.0009937287549886,-1.1990981886110277,0.0,0.31730465640509214,0.0,0.9483236552061993,1
1004.1458118230707,LHR-HMD00001,head,0.5993284222741883,1.7003962812295794,-1.201342972718457,0.0,0.31730465640509214,0.0,0.9483236552061993,1
1004.1460597114681,LHR-TRKR0002,foot_left,0.5215863669764585,0.07969528261761993,-1.1411053633947728,0.0,0.31730465640509214,0.0,0.9483236552061993,1
1004.1532743669469,LHR-CTRL0002,hand_right,0.6380605968711579,1.190310365779629,-1.5674450702478322,0.29333119372426586,0.30174387048709517,-0.09814724448409526,0.9018173683246201,1
1004.154461059243,LHR-HMD00001,head,0.6002674707027653,1.7015012698383898,-1.1995537187256902,0.0,0.31730465640509214,0.0,0.9483236552061993,1
1004.1552809021287,LHR-TRKR0001,pelvis,0.5996371900956706,0.9993769914409468,-1.1993526701499033,0.0,0.31730465640509214,0.0,0.9483236552061993,1
1004.1552989519926,LHR-CTRL0001,hand_left,0.23973654945059433,1.189888486224082,-1.2640721328900322,0.2923499583927394,0.30185046356293777,-0.09781892773483644,0.9021359414475237,1
1004.1565723432622,LHR-TRKR0002,foot_left,0.5204903730439014,0.08162788727173957,-1.139730275785771,0.0,0.31730465640509214,0.0,0.9483236552061993,1
1004.1643143406056,LHR-TRKR0002,foot_left,0.521509876868057,0.07863767992693489,-1.138980478813797,0.0,0.31730465640509214,0.0,0.9483236552061993,1
1004.1654625015949,LHR-TRKR0001,pelvis,0.5995051480048729,0.9990878936129761,-1.201371232604785,0.0,0.31730465640509214,0.0,0.9483236552061993,1
1004.1660633747825,LHR-HMD00001,head,0.5994099106128812,1.700949769979437,-1.1980494570036602,0.0,0.31730465640509214,0.0,0.9483236552061993,1
1004.1663551928136,LHR-CTRL0001,hand_left,0.2422697825518059,1.1840308618829345,-1.2610613465751368,0.2869710424888562,0.3024277838100687,-0.09601916764940184,0.9038613697888109,1
1004.1665615428349,LHR-CTRL0002,hand_right,0.6405723391639503,1.1844567713624936,-1.5615830996995006,0.2868703355791963,0.30243848005872453,-0.09598547158878815,0.9038933375063264,1
1004.1770277234459,LHR-CTRL0001,hand_left,0.24428923253944737,1.180124724815945,-1.2549855702526225,0.28174809747670687,0.30297708066806545,-0.09427159469431999,0.9055030450483877,1
1004.1786323201237,LHR-TRKR0001,pelvis,0.6008154353866341,0.999482218439674,-1.2005191659879402,0.0,0.31730465640509214,0.0,0.9483236552061993,1
1004.1787050256714,LHR-TRKR0002,foot_left,0.5230890135189881,0.0801950080376684,-1.141269788350412,0.0,0.31730465640509214,0.0,0.9483236552061993,1
1004.178720399618,LHR-HMD00001,head,0.6007309340331778,1.7000972340128793,-1.2008022183266853,0.0,0.31730465640509214,0.0,0.9483236552061993,1
1004.1791072972653,LHR-CTRL0002,hand_right,0.6451196652075679,1.178737940796847,-1.5565700108699612,0.2807271112408506,0.30308316401152524,-0.09392997747852645,0.9058200947417834,1
1004.1863263939698,LHR-TRKR0001,pelvis,0.5996815681232758,0.9977279546694379,-1.2026583927402548,0.0,0.31730465640509214,0.0,0.9483236552061993,1
1004.1877542222286,LHR-CTRL0002,hand_right,0.6470561562829156,1.1756612579821337,-1.5541679224057943,0.2764710837309834,0.3035208358272656,-0.09250593059405282,0.9071281579161029,1
1004.1880950944911,LHR-CTRL0001,hand_left,0.2474752648447362,1.174636149602428,-1.2541257532166892,0.27630296385976155,0.3035379744393977,-0.0924496784720267,0.9071793798284646,1
1004.1886151281747,LHR-TRKR0002,foot_left,0.5205119831020418,0.07916899513036355,-1.139726290681888,0.0,0.31730465640509214,0.0,0.9483236552061993,1
1004.1896078294546,LHR-HMD00001,head,0.6004356390292608,1.70192226674486,-1.2020168801677078,0.0,0.31730465640509214,0.0,0.9483236552061993,1
1004.1984505331216,LHR-CTRL0002,hand_right,0.6507582320877016,1.1723060164784151,-1.5485375717035468,0.27118404309796995,0.3040543666184853,-0.09073691154422923,0.9087227133689818,1
1004.1999988949773,LHR-TRKR0001,pelvis,0.6004670225833157,1.0002040226140307,-1.1987729255391144,0.0,0.31730465640509214,0.0,0.9483236552061993,1
1004.2002266988565,LHR-HMD00001,head,0.6009772894218303,1.700147791874054,-1.1984866433219117,0.0,0.31730465640509214,0.0,0.9483236552061993,1
1004.2010455449036,LHR-CTRL0001,hand_left,0.25373276340281087,1.1704586542034303,-1.246628812679787,0.2698979299943912,0.30418245485404877,-0.0903065841194215,0.9091055287525146,1
1004.2010788796852,LHR-TRKR0002,foot_left,0.5207435872137429,0.0796000828763995,-1.1399395058216963,0.0,0.31730465640509214,0.0,0.9483236552061993,1
1004.2106851008841,LHR-CTRL0002,hand_right,0.6531103207543738,1.167617644233914,-1.543252400372499,0.26510975168631046,0.30465350783684675,-0.08870448206859635,0.910513357718858,1
1004.2115984533647,LHR-TRKR0002,foot_left,0.5192631272388085,0.08063743634449,-1.1398864637832182,0.0,0.31730465640509214,0.0,0.9483236552061993,1
1004.2120543963548,LHR-TRKR0001,pelvis,0.6018983938210799,1.0008430743696202,-1.2006677384746312,0.0,0.31730465640509214,0.0,0.9483236552061993,1
1004.2122735322987,LHR-HMD00001,head,0.5998720649838781,1.6978362774997489,-1.1980085626091719,0.0,0.31730465640509214,0.0,0.9483236552061993,1
1004.212351250574,LHR-CTRL0001,hand_left,0.25493293219997554,1.1675275189550214,-1.2434483645780758,0.26428052588568185,0.3047341560653218,-0.08842702699689566,0.910754389866573,1
1004.2209032171181,LHR-TRKR0001,pelvis,0.6001962867329764,1.0006242599388748,-1.1985183075942538,0.0,0.31730465640509214,0.0,0.9483236552061993,1
1004.2211340104931,LHR-HMD00001,head,0.5988406171058155,1.7008003202218338,-1.200127570283921,0.0,0.31730465640509214,0.0,0.9483236552061993,1
1004.2213204994162,LHR-CTRL0001,hand_left,0.2544256595878335,1.160752358104778,-1.240236005173705,0.25980919295338656,0.30516431092112994,-0.08693093992581416,0.912039987215778,1
1004.2227015493821,LHR-TRKR0002,foot_left,0.5214663598816802,0.0782265077384651,-1.1396357895040619,0.0,0.31730465640509214,0.0,0.9483236552061993,1
1004.2234480001641,LHR-CTRL0002,hand_right,0.6562862652875753,1.1606398243257978,-1.538848064274209,0.2587468723720302,0.30526534209864054,-0.0865754924314816,0.9123419375767721,1
1004.2318541954995,LHR-HMD00001,head,0.599960413704387,1.7001376238566346,-1.200545866067891,0.0,0.31730465640509214,0.0,0.9483236552061993,1
1004.2327115185358,LHR-TRKR0001,pelvis,0.6007368184142117,1.0002956584614504,-1.2001183778148876,0.0,0.31730465640509214,0.0,0.9483236552061993,1
1004.2327802845277,LHR-CTRL0002,hand_right,0.6598267250353212,1.1585008149579858,-1.5360015100767554,0.25408003882090974,0.3057038864325397,-0.08501399176838144,0.9136526084329926,1
1004.2330762997042,LHR-TRKR0002,foot_left,0.5192479604849559,0.07997849077473618,-1.1383176919171565,0.0,0.31730465640509214,0.0,0.9483236552061993,1
1004.2353400149908,LHR-CTRL0001,hand_left,0.26019388158238216,1.1567594194732875,-1.2352355300080191,0.25279816713801195,0.3058228386257807,-0.0845850835030816,0.9140081190642172,1
1004.2427708392051,LHR-CTRL0002,hand_right,0.6624094599822175,1.1531867737810562,-1.533065674616613,0.24907305662604273,0.30616484051138887,-0.08333867896114874,0.915030254956964,1
1004.2434939676639,LHR-TRKR0002,foot_left,0.521581961415006,0.08022778249891614,-1.1408183517895623,0.0,0.31730465640509214,0.0,0.9483236552061993,1
1004.2435779370871,LHR-HMD00001,head,0.6001865838570696,1.7003076750197597,-1.1991983994382742,0.0,0.31730465640509214,0.0,0.9483236552061993,1
1004.2460922593193,LHR-CTRL0001,hand_left,0.2657107396688761,1.1510103715897628,-1.230302044736983,0.2474063334326218,0.30631609624651607,-0.08278100118172455,0.9154823106980674,1
1004.247167196865,LHR-TRKR0001,pelvis,0.6001159263181455,1.0007037588060115,-1.1999856862604767,0.0,0.31730465640509214,0.0,0.9483236552061993,1
1004.2551899552519,LHR-TRKR0001,pelvis,0.6005154181666619,1.000291075629773,-1.1992859596072973,0.0,0.31730465640509214,0.0,0.9483236552061993,1
1004.2552466128933,LHR-CTRL0001,hand_left,0.2649124393659106,1.1488042208097324,-1.2288496291040791,0.24280810618159437,0.306727743025133,-0.08124245586552387,0.9167125932352812,1
1004.2556780996512,LHR-HMD00001,head,0.600125021510188,1.7003186921584652,-1.1986718154785543,0.0,0.31730465640509214,0.0,0.9483236552061993,1
1004.2560220360899,LHR-TRKR0002,foot_left,0.5207041343525248,0.0800275104135055,-1.1400509708053075,0.0,0.31730465640509214,0.0,0.9483236552061993,1
1004.2564752917666,LHR-CTRL0002,hand_right,0.6665319077418581,1.1471728030539021,-1.5283695922095721,0.24219050986259386,0.3067824022127297,-0.0810358110278446,0.9168759523273272,1
1004.265011598467,LHR-CTRL0001,hand_left,0.2692974930634451,1.1435465479988316,-1.2248769052611628,0.2378975301953196,0.30715823361287287,-0.07959940012445707,0.9179991939814617,1
1004.2658705798916,LHR-HMD00001,head,0.5990979781904016,1.7000701438969028,-1.1995216874857608,0.0,0.31730465640509214,0.0,0.9483236552061993,1
1004.2664893877851,LHR-CTRL0002,hand_right,0.6704156642817893,1.14278813287411,-1.52331588308229,0.23715401290573856,0.3072225962561965,-0.07935062271939437,0.9181915536457256,1
1004.2672140162659,LHR-TRKR0001,pelvis,0.6006483651575134,0.9997512554201037,-1.2005992306691222,0.0,0.31730465640509214,0.0,0.9483236552061993,1
1004.2677941979861,LHR-TRKR0002,foot_left,0.5195672611959712,0.08081460407686845,-1.140769669877443,0.0,0.31730465640509214,0.0,0.9483236552061993,1
1004.2767559493675,LHR-CTRL0001,hand_left,0.2716405153957671,1.1392139606151677,-1.2198469254459736,0.2319869388978565,0.30766395603634955,-0.07762174394083621,0.9195106389838286,1
1004.2768286039048,LHR-TRKR0002,foot_left,0.5192388842270741,0.07994730692950254,-1.1408818579836264,0.0,0.31730465640509214,0.0,0.9483236552061993,1
1004.2772905596214,LHR-HMD00001,head,0.601035436402445,1.699936417857075,-1.1999006511138104,0.0,0.31730465640509214,0.0,0.9483236552061993,1
1004.2779602107107,LHR-CTRL0002,hand_right,0.6708977732195803,1.1380218873191914,-1.5201494368839774,0.2313807228925423,0.3077150594792548,-0.07741890690285086,0.9196633710751836,1
1004.2783790118674,LHR-TRKR0001,pelvis,0.6002879439916208,1.0010129713747222,-1.1999723532496311,0.0,0.31730465640509214,0.0,0.9483236552061993,1
1004.2879138887698,LHR-HMD00001,head,0.5996550530678716,1.7012402560275393,-1.2003211720506002,0.0,0.31730465640509214,0.0,0.9483236552061993,1
1004.2884017738313,LHR-TRKR0001,pelvis,0.6015270407998702,1.0007929397338104,-1.1983820926430584,0.0,0.31730465640509214,0.0,0.9483236552061993,1
1004.2884631775485,LHR-TRKR0002,foot_left,0.5199663414264792,0.07811306331285159,-1.1398322708526802,0.0,0.31730465640509214,0.0,0.9483236552061993,1
1004.2886861964771,LHR-CTRL0001,hand_left,0.27646213020318333,1.13333425591093,-1.214416865296016,0.2259813470981459,0.3081639578353147,-0.07561230103381304,0.9210049868417399,1
1004.2916269441763,LHR-CTRL0002,hand_right,0.6752561002152827,1.1326524425158588,-1.5136135777182775,0.22450123733885063,0.30828504956801234,-0.07511706323600349,0.921366891882366,1
1004.2993795708553,LHR-HMD00001,head,0.6006852925998502,1.6998981249008678,-1.199969155286253,0.0,0.31730465640509214,0.0,0.9483236552061993,1
1004.2997228348089,LHR-CTRL0002,hand_right,0.6784011872968585,1.1306478030847906,-1.5112907283521577,0.22042779640341661,0.3086139601300806,-0.07375410896473913,0.9223499019333066,1
1004.2997582243768,LHR-CTRL0001,hand_left,0.2784009803298754,1.1299897658719078,-1.2109823511930287,0.22040999565357097,0.30861538347538864,-0.07374815291715714,0.9223541558640255,1
1004.3000082260404,LHR-TRKR0001,pelvis,0.6009975655758356,0.9995271267534289,-1.2014927854289774,0.0,0.31730465640509214,0.0,0.9483236552061993,1
1004.3014680998214,LHR-TRKR0002,foot_left,0.5197183717647487,0.08029980586460596,-1.1387367604305358,0.0,0.31730465640509214,0.0,0.9483236552061993,1
1004.3093276870617,LHR-CTRL0002,hand_right,0.6806797034990749,1.1259218479511668,-1.508431673489329,0.21559901263548495,0.3089956201334436,-0.07213842051710159,0.9234905634462381,1
1004.3101063238921,LHR-HMD00001,head,0.5987769417845709,1.7000567120788677,-1.2000296460847466,0.0,0.31730465640509214,0.0,0.9483236552061993,1
1004.3109144067998,LHR-TRKR0002,foot_left,0.5217681689032256,0.08077200379185484,-1.138349236601733,0.0,0.31730465640509214,0.0,0.9483236552061993,1
1004.3113412786809,LHR-TRKR0001,pelvis,0.6006790150992461,1.0014534135596365,-1.2010634059783813,0.0,0.31730465640509214,0.0,0.9483236552061993,1
1004.3128295951518,LHR-CTRL0001,hand_left,0.2814816034432087,1.124041049241976,-1.2046571380386817,0.21383988820098224,0.30913244316396443,-0.07154982571489525,0.9238994843801126,1
1004.3209441719035,LHR-CTRL0001,hand_left,0.2843024996875846,1.1202858672759268,-1.2029974374012689,0.20976742513757465,0.3094446673059982,-0.07018719863503402,0.924832623978414,1
1004.321177995093,LHR-TRKR0002,foot_left,0.5205798410972537,0.07981961925597512,-1.1400623538222419,0.0,0.31730465640509214,0.0,0.9483236552061993,1
1004.3225896884279,LHR-HMD00001,head,0.598516399514753,1.6992595596048963,-1.200453852285888,0.0,0.31730465640509214,0.0,0.9483236552061993,1
1004.3230984229629,LHR-CTRL0002,hand_right,0.6836517227820706,1.1200528563012286,-1.5039465664435705,0.2086872749743937,0.30952641997605373,-0.06982578544607426,0.9250769569540732,1
1004.3236894467921,LHR-TRKR0001,pelvis,0.5981106467370216,1.000933492384593,-1.20161521694311,0.0,0.31730465640509214,0.0,0.9483236552061993,1
1004.3318342106718,LHR-TRKR0001,pelvis,0.6011662231620839,1.0002903854049237,-1.2003282509239102,0.0,0.31730465640509214,0.0,0.9483236552061993,1
1004.3328243295916,LHR-TRKR0002,foot_left,0.5199002312091645,0.08038156140734926,-1.1396348152259672,0.0,0.31730465640509214,0.0,0.9483236552061993,1
1004.3332187344165,LHR-CTRL0001,hand_left,0.289380549914859,1.114648159357652,-1.1989030416024955,0.20361956292142055,0.3099040613927416,-0.06813015271256521,0.926205608177437,1
1004.3341282244014,LHR-HMD00001,head,0.598471295411465,1.6987828362321213,-1.1985304366944507,0.0,0.31730465640509214,0.0,0.9483236552061993,1
1004.3346994273503,LHR-CTRL0002,hand_right,0.6876411507629996,1.1132542089106037,-1.4979205677519993,0.2028791255969177,0.30995842294161113,-0.06788240584940192,0.9263680777210949,1
1004.3439639985049,LHR-HMD00001,head,0.5989700175762485,1.6991433220160415,-1.2013957611112935,0.0,0.31730465640509214,0.0,0.9483236552061993,1
1004.3442515785692,LHR-CTRL0001,hand_left,0.2907837776341353,1.11158193027622,-1.1941823149478172,0.1981095829189834,0.3103036250161154,-0.06628653919319971,0.9273997779702736,1
1004.3445606553015,LHR-CTRL0002,hand_right,0.6895755355067026,1.111409711221192,-1.4947727959307806,0.19795547567930594,0.3103146354578984,-0.06623497563210223,0.9274326847120636,1
1004.3447159261141,LHR-TRKR0002,foot_left,0.5218546494978702,0.07917177682332743,-1.1391079212896174,0.0,0.31730465640509214,0.0,0.9483236552061993,1
1004.3449816685771,LHR-TRKR0001,pelvis,0.5990632205421005,1.0005399517040146,-1.200377046617907,0.0,0.31730465640509214,0.0,0.9483236552061993,1
1004.354961750282,LHR-TRKR0001,pelvis,0.6025296484479365,1.0013833542437187,-1.200759467899335,0.0,0.31730465640509214,0.0,0.9483236552061993,1
1004.3553482897602,LHR-HMD00001,head,0.601227381918146,1.7009182081634964,-1.1996817833816682,0.0,0.31730465640509214,0.0,0.9483236552061993,1
1004.3561548371597,LHR-CTRL0002,hand_right,0.6929172995677955,1.1045664441737342,-1.4908891249123253,0.19218569318067708,0.3107204287132088,-0.06430443341351606,0.9286454729121922,1
1004.3563775624623,LHR-CTRL0001,hand_left,0.29572819280610113,1.1055922334270425,-1.1895227037256995,0.19207508026862244,0.31072808585073475,-0.06426742285086609,0.9286683576839736,1
1004.3571104029998,LHR-TRKR0002,foot_left,0.5192283528594892,0.0785276869181106,-1.1400322212798533,0.0,0.31730465640509214,0.0,0.9483236552061993,1
1004.3653247297401,LHR-TRKR0002,foot_left,0.5197234147275315,0.07988516912921645,-1.1385896675683043,0.0,0.31730465640509214,0.0,0.9483236552061993,1
1004.3660856340941,LHR-HMD00001,head,0.6000842407032921,1.6995081262504563,-1.2002844091606353,0.0,0.31730465640509214,0.0,0.9483236552061993,1
1004.3664327648523,LHR-CTRL0001,hand_left,0.2967210635277262,1.101590961776243,-1.1874034581478445,0.18709107118929008,0.3110683372257509,-0.06259979674056564,0.9296852618520368,1
1004.3670762890683,LHR-CTRL0002,hand_right,0.6977315883558716,1.1020491830838846,-1.484130198850993,0.18677277811794246,0.3110897503299417,-0.062493297368662784,0.9297492588745379,1
1004.3677666538622,LHR-TRKR0001,pelvis,0.5987082944980648,0.9992268941386507,-1.198986077638395,0.0,0.31730465640509214,0.0,0.9483236552061993,1
1004.3773531692334,LHR-TRKR0001,pelvis,0.6008206134245232,1.0002333040410247,-1.1992888344967152,0.0,0.31730465640509214,0.0,0.9483236552061993,1
1004.3774974825902,LHR-CTRL0001,hand_left,0.3007862478266738,1.096215206892326,-1.1817917380139193,0.18163070458969605,0.3114304316308542,-0.060772783633576015,0.9307674479556626,1
1004.3783090289934,LHR-HMD00001,head,0.5993258452598209,1.7006582674220931,-1.1993078056245055,0.0,0.31730465640509214,0.0,0.9483236552061993,1
1004.37837890351,LHR-CTRL0002,hand_right,0.7024863804619835,1.096581708861838,-1.4823363159373422,0.18119690383576173,0.31145872076036857,-0.06062763593171312,0.9308519952516512,1
1004.3803141008684,LHR-TRKR0002,foot_left,0.5206060982096743,0.07922485800262946,-1.1384328317382937,0.0,0.31730465640509214,0.0,0.9483236552061993,1
1004.3882573221495,LHR-TRKR0001,pelvis,0.5996581198665395,1.0000078720209016,-1.1987298961424488,0.0,0.31730465640509214,0.0,0.9483236552061993,1
1004.3886731427191,LHR-TRKR0002,foot_left,0.5215267706178167,0.08070024617351305,-1.1418244115068468,0.0,0.31730465640509214,0.0,0.9483236552061993,1
1004.3888699834772,LHR-CTRL0001,hand_left,0.3039006822211161,1.0932079577555067,-1.1778066693299476,0.17604798119126627,0.31178913694743277,-0.058904830514386705,0.9318395051413768,1
1004.3889779449277,LHR-HMD00001,head,0.6009126284235237,1.702048895034142,-1.1992928313675644,0.0,0.31730465640509214,0.0,0.9483236552061993,1
1004.3907221913736,LHR-CTRL0002,hand_right,0.7022457396953856,1.0911600271351403,-1.4792651660909373,0.17514180948550498,0.3118462665681748,-0.05860162970297377,0.9320102475798158,1
1004.398352653178,LHR-CTRL0002,hand_right,0.7058930388200133,1.0887468626673005,-1.4741465087123726,0.1714183613792201,0.31207780971580484,-0.05735578139420199,0.9327022571033639,1
1004.3995374109633,LHR-CTRL0001,hand_left,0.30619334270583987,1.0905986371837384,-1.1725564248736755,0.17084167284761484,0.31211321105656664,-0.05716282411071634,0.9328080605581596,1
1004.3997499121648,LHR-TRKR0001,pelvis,0.6014683716704775,0.998276413093707,-1.2014367455069292,0.0,0.31730465640509214,0.0,0.9483236552061993,1
1004.3997843235738,LHR-TRKR0002,foot_left,0.5213286056455533,0.08001862331480152,-1.138455514257863,0.0,0.31730465640509214,0.0,0.9483236552061993,1
1004.4015941569003,LHR-HMD00001,head,0.6006345284188278,1.7010036979770662,-1.2015420098578462,0.0,0.31730465640509214,0.0,0.9483236552061993,1
1004.4100156390746,LHR-HMD00001,head,0.6000047324644068,1.6984874971021298,-1.1984227478374847,0.0,0.31730465640509214,0.0,0.9483236552061993,1
1004.4103087727337,LHR-TRKR0002,foot_left,0.5200913205842119,0.08015847838134639,-1.1400554481961873,0.0,0.31730465640509214,0.0,0.9483236552061993,1
1004.410886439394,LHR-TRKR0001,pelvis,0.5987913284574363,0.9997267174615404,-1.199964632591347,0.0,0.31730465640509214,0.0,0.9483236552061993,1
1004.4109194438213,LHR-CTRL0002,hand_right,0.7094493720588303,1.0828728455892354,-1.4708130458611801,0.1653222466416981,0.3124458026535881,-0.05531604993587951,0.9338020720629121,1
1004.4116614066963,LHR-CTRL0001,hand_left,0.3102912806407213,1.0825473682077547,-1.1690662648367007,0.16496380905912053,0.3124670118430131,-0.05519611839841543,0.9338654596484188,1
1004.4221496424497,LHR-TRKR0002,foot_left,0.5189089327403865,0.07916258922650256,-1.1393055946267034,0.0,0.31730465640509214,0.0,0.9483236552061993,1
1004.4225847247214,LHR-HMD00001,head,0.5995069903831715,1.7017731207696776,-1.19893847689962,0.0,0.31730465640509214,0.0,0.9483236552061993,1
1004.4227079673451,LHR-CTRL0002,hand_right,0.7106061549252493,1.079441656801914,-1.4664674790586698,0.15964812925502933,0.31277598033347526,-0.05341751681599482,0.9347888691298244,1
1004.4227732706303,LHR-CTRL0001,hand_left,0.31196742201802913,1.0801267739680331,-1.1659199541603995,0.15961682437185903,0.3127777690372632,-0.05340704234860847,0.934794215001938,1
1004.4231591668905,LHR-TRKR0001,pelvis,0.6014610668956841,1.0016111389301707,-1.1993547627683263,0.0,0.31730465640509214,0.0,0.9483236552061993,1
1004.4324628090334,LHR-CTRL0001,hand_left,0.31530028893647066,1.0771444465496216,-1.1609355235122791,0.15498821292078144,0.3130382700589932,-0.05185833062128421,0.9355727704883618,1
1004.433135537785,LHR-TRKR0001,pelvis,0.6008421551308146,1.0009881764757975,-1.2012547793645394,0.0,0.31730465640509214,0.0,0.9483236552061993,1
1004.4336079513087,LHR-TRKR0002,foot_left,0.5201840808849242,0.08044927775199882,-1.139353348795133,0.0,0.31730465640509214,0.0,0.9483236552061993,1
1004.4337773247329,LHR-HMD00001,head,0.5994477637942652,1.6983402335064406,-1.2011240173337485,0.0,0.31730465640509214,0.0,0.9483236552061993,1
1004.4344718568378,LHR-CTRL0002,hand_right,0.7140158324803664,1.0751334953704188,-1.4619069235618727,0.15403267479354862,0.313091067336206,-0.05153861203630635,0.9357305649168415,1
1004.4428147135692,LHR-CTRL0002,hand_right,0.7192783749370996,1.070755421226102,-1.4590407960308414,0.15008064639704743,0.3133058729345699,-0.050216281832297746,0.9363725511785845,1
1004.4440840042735,LHR-HMD00001,head,0.601038721203256,1.699678697395271,-1.2014812850960865,0.0,0.31730465640509214,0.0,0.9483236552061993,1
1004.4441458857126,LHR-TRKR0001,pelvis,0.6004472912214377,1.000092902288437,-1.198466773139513,0.0,0.31730465640509214,0.0,0.9483236552061993,1
1004.4451476692651,LHR-TRKR0002,foot_left,0.5192231823862877,0.08257907047536743,-1.139823367154555,0.0,0.31730465640509214,0.0,0.9483236552061993,1
1004.4452964731048,LHR-CTRL0001,hand_left,0.3192657467448035,1.0702203108084734,-1.1589671819195755,0.14891013454301788,0.3133683947348288,-0.04982463404451777,0.9365594091428621,1
1004.4546698879966,LHR-TRKR0001,pelvis,0.6015302962949121,0.9987912673913578,-1.1998268319727903,0.0,0.31730465640509214,0.0,0.9483236552061993,1
1004.4550770431799,LHR-TRKR0002,foot_left,0.5193047142424585,0.07984842243287937,-1.1397603934461042,0.0,0.31730465640509214,0.0,0.9483236552061993,1
1004.4556604181934,LHR-CTRL0002,hand_right,0.7208561971891523,1.0683526348216081,-1.453888022802325,0.14404838636845915,0.313622712638988,-0.04819791586071266,0.9373194852387788,1
1004.455884440962,LHR-CTRL0001,hand_left,0.32249059866779384,1.066360578541094,-1.1541788174542063,0.1439437783244473,0.313628089691173,-0.048162914498804034,0.9373355555537881,1
1004.4561390896829,LHR-HMD00001,head,0.5997752882893412,1.701692705998582,-1.1983907631365862,0.0,0.31730465640509214,0.0,0.9483236552061993,1
1004.4652281440177,LHR-HMD00001,head,0.5995269138477133,1.700308115200355,-1.1993872542599693,0.0,0.31730465640509214,0.0,0.9483236552061993,1
1004.4660592270027,LHR-TRKR0002,foot_left,0.5208244476595046,0.0785884903963209,-1.1383052629461154,0.0,0.31730465640509214,0.0,0.9483236552061993,1
1004.466372118811,LHR-CTRL0002,hand_right,0.7242613280862701,1.0628903230842508,-1.4519458156720746,0.13907022824015308,0.31387417052616823,-0.04653224745124026,0.9380710136449576,1
1004.4665498047193,LHR-CTRL0001,hand_left,0.3222198372259545,1.0612732997774046,-1.152501909458299,0.13898806640053385,0.3138782448668481,-0.04650475648426199,0.9380831905656808,1
1004.466966697182,LHR-TRKR0001,pelvis,0.5993952397794284,1.0000137052131053,-1.1999630340412641,0.0,0.31730465640509214,0.0,0.9483236552061993,1
1004.4768032612986,LHR-CTRL0002,hand_right,0.7255516542114777,1.0570604604671792,-1.4486740981628077,0.1342707135667206,0.31410805122579105,-0.04492635230562822,0.938770009374996,1
1004.477312185069,LHR-TRKR0001,pelvis,0.6001696321501949,0.9990097122058381,-1.199217993511601,0.0,0.31730465640509214,0.0,0.9483236552061993,1
1004.4780358450265,LHR-TRKR0002,foot_left,0.5184247193709997,0.0804539883717751,-1.140385260666091,0.0,0.31730465640509214,0.0,0.9483236552061993,1
1004.4787560079438,LHR-CTRL0001,hand_left,0.32742133806292945,1.0576841599351072,-1.1482334539402663,0.13337772710209364,0.31415064153669575,-0.04462756321418536,0.9388972983967554,1
1004.4798965808085,LHR-HMD00001,head,0.5985208348465262,1.6994670775146377,-1.2004054133785038,0.0,0.31730465640509214,0.0,0.9483236552061993,1
1004.4875468444357,LHR-HMD00001,head,0.6004040521866846,1.6994896986763315,-1.2013973869965213,0.0,0.31730465640509214,0.0,0.9483236552061993,1
1004.4886488530959,LHR-TRKR0002,foot_left,0.5207726242137295,0.08076481431212809,-1.1378857679447563,0.0,0.31730465640509214,0.0,0.9483236552061993,1
1004.4896040806569,LHR-TRKR0001,pelvis,0.6009944313071697,1.0018995440226008,-1.199990407830075,0.0,0.31730465640509214,0.0,0.9483236552061993,1
1004.4901742708084,LHR-CTRL0001,hand_left,0.33015054938137806,1.052689942782928,-1.1450538241229866,0.1281922459310825,0.3143922331004255,-0.04289252548499889,0.9396193394704002,1
1004.4902761386127,LHR-CTRL0002,hand_right,0.7295329756816286,1.0536238751169842,-1.4436818561246572,0.1281462667716859,0.3143943316119413,-0.04287714107347013,0.9396256112602116,1
1004.4976149585491,LHR-TRKR0002,foot_left,0.5212678209485616,0.07901886433736643,-1.1400497183058176,0.0,0.31730465640509214,0.0,0.9483236552061993,1
1004.4992340575302,LHR-CTRL0001,hand_left,0.3329668075325702,1.052186136031909,-1.1402929346796373,0.12412318875934127,0.3145749797090522,-0.04153103800054792,0.9401655115115951,1
1004.4996537826506,LHR-TRKR0001,pelvis,0.6005035371830315,0.9983022851466522,-1.1991615872253554,0.0,0.31730465640509214,0.0,0.9483236552061993,1
1004.5007272111066,LHR-CTRL0002,hand_right,0.7339702540705134,1.0506888944510586,-1.4417069192216754,0.12345654019346772,0.3146043479077888,-0.04130798051065387,0.940253283805542,1
1004.5009198072605,LHR-HMD00001,head,0.6003242068131308,1.699357992641002,-1.2012278961901244,0.0,0.31730465640509214,0.0,0.9483236552061993,1
1004.5098422060053,LHR-TRKR0002,foot_left,0.5229888861699854,0.0798302631046779,-1.1382978766354979,0.0,0.31730465640509214,0.0,0.9483236552061993,1
1004.5099899884322,LHR-HMD00001,head,0.5987746032003971,1.6997770216720696,-1.1985489429759468,0.0,0.31730465640509214,0.0,0.9483236552061993,1
1004.5107506572191,LHR-CTRL0001,hand_left,0.33588322541070764,1.0460922199322384,-1.1363207020185686,0.1190113626438119,0.3147960628969968,-0.03982064490818334,0.9408262595109202,1
1004.5110505885283,LHR-TRKR0001,pelvis,0.6008039064192936,0.9981866967081027,-1.199518605377988,0.0,0.31730465640509214,0.0,0.9483236552061993,1
1004.5123595025925,LHR-CTRL0002,hand_right,0.7345862003478845,1.046372637958221,-1.4359542505736498,0.11830282533129752,0.31482596117950074,-0.03958357163972345,0.9409156160582516,1
1004.5220911377268,LHR-TRKR0002,foot_left,0.5204501288864649,0.08090448969204725,-1.1407729878763122,0.0,0.31730465640509214,0.0,0.9483236552061993,1
1004.5221740981902,LHR-TRKR0001,pelvis,0.6010960265143046,0.9996945180312939,-1.20061358175599,0.0,0.31730465640509214,0.0,0.9483236552061993,1
1004.5223293057095,LHR-CTRL0001,hand_left,0.340177144604495,1.0408328075809008,-1.1315530888726193,0.11394353130698438,0.31500592290671314,-0.03812497226285492,0.9414534649662407,1
1004.5232946467463,LHR-CTRL0002,hand_right,0.738060001798341,1.0408579415952988,-1.4327795582768508,0.1135243558395536,0.31502286610054026,-0.03798471811340249,0.9415041028348526,1
1004.5233731052534,LHR-HMD00001,head,0.599825454020748,1.701073125084055,-1.2022461315539557,0.0,0.31730465640509214,0.0,0.9483236552061993,1
1004.5328974090056,LHR-TRKR0002,foot_left,0.5183146949684565,0.07804748462323328,-1.140527192171652,0.0,0.31730465640509214,0.0,0.9483236552061993,1
1004.5329485593066,LHR-HMD00001,head,0.5991613389412215,1.698742010162718,-1.2002745551862997,0.0,0.31730465640509214,0.0,0.9483236552061993,1
1004.5336357548612,LHR-CTRL0002,hand_right,0.7428938841526302,1.0378564234607084,-1.4300424250662982,0.10906719245415343,0.3151991097205987,-0.03649337210639157,0.9420308394919007,1
1004.5345424983117,LHR-TRKR0001,pelvis,0.5995671323579802,0.9999694875607256,-1.2016805651024183,0.0,0.31730465640509214,0.0,0.9483236552061993,1
1004.5349953620038,LHR-CTRL0001,hand_left,0.3397439280247947,1.0364822952938622,-1.127522394017936,0.10848577053738102,0.3152215726127241,-0.036298831054383605,0.9420979739998155,1
1004.5419142159541,LHR-TRKR0001,pelvis,0.6015460225408515,1.0014686595086493,-1.1992052070509132,0.0,0.31730465640509214,0.0,0.9483236552061993,1
1004.5426883970841,LHR-TRKR0002,foot_left,0.5212708202793649,0.08067411923730843,-1.1391312262453166,0.0,0.31730465640509214,0.0,0.9483236552061993,1
1004.5434007923609,LHR-CTRL0002,hand_right,0.741989888136011,1.0343940459831278,-1.4251089448285958,0.10491551355370377,0.31535684125438984,-0.035104239778225604,0.9425022493550925,1
1004.5446028673516,LHR-HMD00001,head,0.600770194808487,1.6994535331826364,-1.2012444916740193,0.0,0.31730465640509214,0.0,0.9483236552061993,1
1004.5448439877403,LHR-CTRL0001,hand_left,0.34234120739604346,1.0341800642453185,-1.1257370599097638,0.10430675920728638,0.31537944820027314,-0.034900553423187805,0.9425698143943076,1
1004.5539753483981,LHR-CTRL0002,hand_right,0.744222505914551,1.0320154285485952,-1.422936164051476,0.1004845616867831,0.3155183492044543,-0.03362166402261497,0.9429849457368137,1
1004.5556088993112,LHR-HMD00001,head,0.6009477394167368,1.6992378674926731,-1.199727441893824,0.0,0.31730465640509214,0.0,0.9483236552061993,1
1004.5557915973434,LHR-CTRL0001,hand_left,0.3460643250409641,1.029763703910212,-1.1213815428865892,0.09973047533094305,0.31554513376021054,-0.03336935025745052,0.9430649963358361,1
1004.5561996204501,LHR-TRKR0001,pelvis,0.5991830877078379,1.0017868047156013,-1.199555832186245,0.0,0.31730465640509214,0.0,0.9483236552061993,1
1004.55737219478,LHR-TRKR0002,foot_left,0.5190445477709824,0.08159785494084136,-1.13833040346767,0.0,0.31730465640509214,0.0,0.9483236552061993,1
1004.5668724362193,LHR-CTRL0002,hand_right,0.7470829298414371,1.0257920967151264,-1.4201079227043465,0.09517513596275286,0.3157025990987666,-0.03184515502611055,0.9435356106253319,1
1004.5675681078942,LHR-TRKR0001,pelvis,0.6007122085878202,1.0015229347456325,-1.1996385304098722,0.0,0.31730465640509214,0.0,0.9483236552061993,1
1004.5675904449006,LHR-TRKR0002,foot_left,0.5198651027437163,0.08203127888280191,-1.140391968122739,0.0,0.31730465640509214,0.0,0.9483236552061993,1
1004.5677674007618,LHR-HMD00001,head,0.5993350027353145,1.700517126521904,-1.2003835471540343,0.0,0.31730465640509214,0.0,0.9483236552061993,1
1004.5686710260068,LHR-CTRL0001,hand_left,0.3478189436983043,1.0261727726704497,-1.1183723420274336,0.09444318951100705,0.31572720698222406,-0.03160024916923025,0.943609155836586,1
1004.5774562303276,LHR-HMD00001,head,0.60079515782382,1.7006210044209356,-1.1977787305481586,0.0,0.31730465640509214,0.0,0.9483236552061993,1
1004.5775401422253,LHR-CTRL0001,hand_left,0.3495735991341577,1.0219380817770143,-1.116038540718489,0.09086496859068516,0.3158447450584035,-0.030402993197146146,0.9439604401174131,1
1004.5777808539001,LHR-CTRL0002,hand_right,0.7508133295354001,1.0222111056466359,-1.4127690313358,0.09076858300719956,0.31584784777489794,-0.030370743032044387,0.9439697131595438,1
1004.5779643963999,LHR-TRKR0001,pelvis,0.6007716864884644,1.0002394842133873,-1.1992145940514907,0.0,0.31730465640509214,0.0,0.9483236552061993,1
1004.5786280978133,LHR-TRKR0002,foot_left,0.5199753826975285,0.08128694659477276,-1.140159303583742,0.0,0.31730465640509214,0.0,0.9483236552061993,1
1004.5859217051789,LHR-HMD00001,head,0.5999198256018686,1.6990246686679782,-1.201161117257339,0.0,0.31730465640509214,0.0,0.9483236552061993,1
1004.5879062336409,LHR-CTRL0002,hand_right,0.7532004671831228,1.0207855081065877,-1.412180172721456,0.08674971780511899,0.31597426069875234,-0.02902604954571848,0.9443475215641638,1
1004.5882275047232,LHR-TRKR0002,foot_left,0.5196741276351803,0.08079845686976274,-1.1407408298187407,0.0,0.31730465640509214,0.0,0.9483236552061993,1
1004.5882617307778,LHR-TRKR0001,pelvis,0.5987591224116972,0.9992677251782169,-1.1986550337708428,0.0,0.31730465640509214,0.0,0.9483236552061993,1
1004.5898673902763,LHR-CTRL0001,hand_left,0.35100618387250726,1.0216681618303765,-1.1109479896808627,0.08597943133652473,0.31599783070652715,-0.028768315298651058,0.944417964891972,1
1004.5992399412099,LHR-HMD00001,head,0.5994026829182441,1.7003753143098002,-1.200713825015297,0.0,0.31730465640509214,0.0,0.9483236552061993,1
1004.5993236624169,LHR-CTRL0001,hand_left,0.355823317657516,1.0180947614525644,-1.1114064517266415,0.08230297144221552,0.31610740757144495,-0.02753818902567811,0.9447454556204165,1
1004.5996066806779,LHR-TRKR0001,pelvis,0.6020100239622386,0.999402832561503,-1.1993507563394605,0.0,0.31730465640509214,0.0,0.9483236552061993,1
1004.6000276285994,LHR-CTRL0002,hand_right,0.7551701416574889,1.0171511345073887,-1.4098525520295897,0.08203180361959314,0.3161152986662699,-0.02744745754142909,0.9447690396168594,1
1004.6010327354287,LHR-TRKR0002,foot_left,0.5200213256241848,0.07893742497297511,-1.1403663326796298,0.0,0.31730465640509214,0.0,0.9483236552061993,1
1004.6105882497492,LHR-CTRL0002,hand_right,0.7584557196887615,1.0110079378212513,-1.4068491914671823,0.0780065813371197,0.3162293498779758,-0.026100637005758022,0.9451099027582676,1
1004.6107933351467,LHR-TRKR0001,pelvis,0.6010515765665471,0.9992897345493411,-1.2006608070732536,0.0,0.31730465640509214,0.0,0.9483236552061993,1
1004.6109104226286,LHR-TRKR0002,foot_left,0.5196086432691792,0.08167669265467536,-1.1400819318065898,0.0,0.31730465640509214,0.0,0.9483236552061993,1
1004.6112081835812,LHR-CTRL0001,hand_left,0.35857637111837753,1.011145125802942,-1.1055677621640247,0.07777280558506644,0.3162357962086387,-0.026022416733307928,0.9451291688097844,1
1004.6112948234342,LHR-HMD00001,head,0.6015189675387121,1.700200318165554,-1.200977018955142,0.0,0.31730465640509214,0.0,0.9483236552061993,1
1004.6214198456433,LHR-TRKR0001,pelvis,0.6002627507741513,0.9986708796177461,-1.2018613880737121,0.0,0.31730465640509214,0.0,0.9483236552061993,1
1004.6217817540174,LHR-HMD00001,head,0.5995370467498605,1.699361619548359,-1.1998217327423795,0.0,0.31730465640509214,0.0,0.9483236552061993,1
1004.6225812603075,LHR-TRKR0002,foot_left,0.5182270154286476,0.0782595503620884,-1.1421037383928645,0.0,0.31730465640509214,0.0,0.9483236552061993,1
1004.6226029511727,LHR-CTRL0002,hand_right,0.7582161414603376,1.0085366841417491,-1.4027057696278415,0.07352644850067187,0.316349499733762,-0.024601605527935035,0.9454689928255312,1
1004.623137234131,LHR-CTRL0001,hand_left,0.36024377486913894,1.0075031137910078,-1.1020101856073647,0.07332972191414736,0.3163546117746838,-0.02453578173286231,0.9454842711053634,1
1004.6326169238712,LHR-CTRL0001,hand_left,0.3633272079915341,1.006612178727065,-1.0999883523414886,0.0698752527779297,0.3164421333060998,-0.02337993252851952,0.9457458453902227,1
1004.6329368842484,LHR-TRKR0001,pelvis,0.5999659890907628,1.0010765363532164,-1.2009459211007327,0.0,0.31730465640509214,0.0,0.9483236552061993,1
1004.6331198437058,LHR-TRKR0002,foot_left,0.5200415082917186,0.07926816161849753,-1.1407161300944157,0.0,0.31730465640509214,0.0,0.9483236552061993,1
1004.6341031541847,LHR-HMD00001,head,0.5989746263824505,1.7012819643127814,-1.2003563093484342,0.0,0.31730465640509214,0.0,0.9483236552061993,1
1004.6356048917638,LHR-CTRL0002,hand_right,0.7628463323389738,1.0049382005706327,-1.400840318679994,0.06880068772092042,0.316468492442047,-0.02302038808994373,0.9458246245434588,1
1004.6437276829014,LHR-TRKR0001,pelvis,0.599755105375179,0.9968537798347082,-1.2011773520284976,0.0,0.31730465640509214,0.0,0.9483236552061993,1
1004.6437862311718,LHR-CTRL0001,hand_left,0.3645371867131322,1.0017896454945785,-1.0973333651162185,0.06589397013616918,0.31653773688862613,-0.0220478139909716,0.9460315743797033,1
1004.6445903401466,LHR-CTRL0002,hand_right,0.763109811834205,1.0029912765892937,-1.398227748667128,0.06561111576588785,0.31654431475678324,-0.02195317224257476,0.9460512335553513,1
1004.6454597714404,LHR-HMD00001,head,0.5997627203183242,1.7009231499538513,-1.2007484719817016,0.0,0.31730465640509214,0.0,0.9483236552061993,1
1004.6455232275699,LHR-TRKR0002,foot_left,0.5209232332619722,0.08027799677659078,-1.138982586702274,0.0,0.31730465640509214,0.0,0.9483236552061993,1
1004.6554077837457,LHR-HMD00001,head,0.5999986288024893,1.701792213797352,-1.1995888567873887,0.0,0.31730465640509214,0.0,0.9483236552061993,1
1004.6554240246408,LHR-CTRL0001,hand_left,0.3672920067151368,1.0001620697740314,-1.092783490519808,0.061850394786790636,0.31662907013098185,-0.02069485260501557,0.9463045406677305,1
1004.6555516956867,LHR-TRKR0001,pelvis,0.5997060760021269,1.0009072845622082,-1.2019175786286784,0.0,0.31730465640509214,0.0,0.9483236552061993,1
1004.6561502745847,LHR-CTRL0002,hand_right,0.7646629515821595,0.9992693624734622,-1.3944176810013436,0.06160165755032525,0.31663449881217737,-0.020611626289908376,0.9463207652855868,1
1004.6562074153998,LHR-TRKR0002,foot_left,0.5208547477133417,0.08080040458681854,-1.140799899334492,0.0,0.31730465640509214,0.0,0.9483236552061993,1
1004.6651770212723,LHR-HMD00001,head,0.6002938229431738,1.6995236046481779,-1.200994240049784,0.0,0.31730465640509214,0.0,0.9483236552061993,1
1004.6667840250662,LHR-TRKR0002,foot_left,0.518597072608484,0.08018335902373747,-1.1388728204510097,0.0,0.31730465640509214,0.0,0.9483236552061993,1
1004.6670480594042,LHR-TRKR0001,pelvis,0.600625073234412,1.0006518466425376,-1.1989361867879214,0.0,0.31730465640509214,0.0,0.9483236552061993,1
1004.6672428976782,LHR-CTRL0002,hand_right,0.7681492942488231,0.9970429521586058,-1.3925034182891038,0.057855866976768915,0.3167135947643613,-0.01935830229616144,0.9465571581684927,1
1004.6681662907953,LHR-CTRL0001,hand_left,0.3691285647721817,0.9954823572412083,-1.0908118693629667,0.057548607812077775,0.31671986185851364,-0.019255494817781667,0.9465758885385462,1
1004.6761267860988,LHR-CTRL0001,hand_left,0.3710173736139669,0.9938051169282869,-1.0887243155573163,0.05492915149345406,0.31677193053603936,-0.01837903699393004,0.946731505412097,1
1004.6767228856702,LHR-TRKR0001,pelvis,0.5984618995072785,0.9998597046751985,-1.1989863537740069,0.0,0.31730465640509214,0.0,0.9483236552061993,1
1004.677980009395,LHR-TRKR0002,foot_left,0.5194468688015837,0.08038601960077006,-1.1406092720851717,0.0,0.31730465640509214,0.0,0.9483236552061993,1
1004.6791619428878,LHR-HMD00001,head,0.6017488090449713,1.699839892061239,-1.198102008646805,0.0,0.31730465640509214,0.0,0.9483236552061993,1
1004.679560947442,LHR-CTRL0002,hand_right,0.7708443397867404,0.9920947250183053,-1.3904453429616535,0.05381550731370475,0.3167933299930426,-0.018006416863795196,0.9467954616474537,1
1004.6869790650406,LHR-TRKR0001,pelvis,0.6001852848465986,1.0000226172047757,-1.1998822808488752,0.0,0.31730465640509214,0.0,0.9483236552061993,1
1004.6882949426799,LHR-CTRL0001,hand_left,0.37331543078003293,0.9905413420015621,-1.0856905290671155,0.051028264269335474,0.3168449616169508,-0.017073818386834527,0.9469497723054299,1
1004.6885309277727,LHR-CTRL0002,hand_right,0.7711944735496375,0.9922019785278468,-1.386367141359357,0.05095385921074683,0.31684630218392723,-0.017048922802483487,0.9469537788377942,1
1004.6886088062482,LHR-TRKR0002,foot_left,0.5200061492718123,0.07870441448249978,-1.1400813876121338,0.0,0.31730465640509214,0.0,0.9483236552061993,1
1004.689971942389,LHR-HMD00001,head,0.599316105250496,1.7012549527837586,-1.2002053167681601,0.0,0.31730465640509214,0.0,0.9483236552061993,1
1004.6989605819681,LHR-CTRL0002,hand_right,0.7739635661287455,0.9891206271718194,-1.3846307191882892,0.04771346045380421,0.31690278211599726,-0.015964700545090152,0.9471225795614683,1
1004.6996518573831,LHR-TRKR0002,foot_left,0.5185286276536571,0.08023459684146624,-1.1392918207809781,0.0,0.31730465640509214,0.0,0.9483236552061993,1
1004.6997008088658,LHR-HMD00001,head,0.6004167817678175,1.7012167086418106,-1.1995584653891205,0.0,0.31730465640509214,0.0,0.9483236552061993,1
1004.7009597645903,LHR-TRKR0001,pelvis,0.600087777912998,0.9994921282579486,-1.2017371693644483,0.0,0.31730465640509214,0.0,0.9483236552061993,1
1004.7009913133693,LHR-CTRL0001,hand_left,0.3756602042377452,0.986766401338689,-1.0836734287829748,0.04709353208268212,0.31691316357622445,-0.01575727541368616,0.9471536064755408,1
1004.7089156204827,LHR-CTRL0001,hand_left,0.3767215970630062,0.9861296259622764,-1.081133157012926,0.04470912910072626,0.31695182500375524,-0.014959465336116941,0.9472691533026402,1
1004.710666796925,LHR-TRKR0001,pelvis,0.5989714576715143,1.0001689437935546,-1.200762395046436,0.0,0.31730465640509214,0.0,0.9483236552061993,1
1004.7107053999995,LHR-CTRL0002,hand_right,0.7782768769091648,0.9853967666511819,-1.38061146491856,0.04417827922902227,0.3169601584132254,-0.014781845453686509,0.947294059238212,1
1004.711473296061,LHR-TRKR0002,foot_left,0.5191619594734966,0.07957019978904943,-1.138657353291071,0.0,0.31730465640509214,0.0,0.9483236552061993,1
1004.7132193995225,LHR-HMD00001,head,0.600802577018483,1.6984370703658036,-1.2004607015277982,0.0,0.31730465640509214,0.0,0.9483236552061993,1
1004.7211798901947,LHR-CTRL0002,hand_right,0.7774025434909145,0.9833953972648333,-1.381044923942383,0.041128948748020776,0.317006095548364,-0.013761553747128404,0.9474313508632323,1
1004.7216646556943,LHR-TRKR0002,foot_left,0.5219901513505215,0.07966121895091807,-1.1428207537629855,0.0,0.31730465640509214,0.0,0.9483236552061993,1
1004.7218733467621,LHR-HMD00001,head,0.6020446889148323,1.6997708635864928,-1.1996813703696554,0.0,0.31730465640509214,0.0,0.9483236552061993,1
1004.7227936198625,LHR-TRKR0001,pelvis,0.5977397645447607,1.000891515393688,-1.200833755662621,0.0,0.31730465640509214,0.0,0.9483236552061993,1
1004.7241139365067,LHR-CTRL0001,hand_left,0.37790980441290445,0.9812212089728137,-1.078590392108907,0.040292505590394254,0.317018121215125,-0.013481683781557034,0.9474672917926479,1
1004.732196213613,LHR-HMD00001,head,0.5998369102337733,1.6993784219772068,-1.2014940588644931,0.0,0.31730465640509214,0.0,0.9483236552061993,1
1004.7324688355137,LHR-TRKR0002,foot_left,0.5191042024366483,0.0775977749380516,-1.141400298945339,0.0,0.31730465640509214,0.0,0.9483236552061993,1
1004.733054605047,LHR-TRKR0001,pelvis,0.6015830172640957,1.0009767175870057,-1.2003534816901116,0.0,0.31730465640509214,0.0,0.9483236552061993,1
1004.733497504743,LHR-CTRL0001,hand_left,0.3778181864624553,0.9806289964194066,-1.0753245094524058,0.03767004520593119,0.31705422027484925,-0.012604220811336086,0.947575180509615,1
1004.7341735051405,LHR-CTRL0002,hand_right,0.7789387366772675,0.9809074969641677,-1.3787222873474294,0.0374842359291457,0.3170566857215515,-0.012542049897003596,0.9475825489531002,1
1004.7434346263358,LHR-TRKR0001,pelvis,0.5989454385426128,0.9988488933687578,-1.1988303102719005,0.0,0.31730465640509214,0.0,0.9483236552061993,1
1004.7442885710107,LHR-HMD00001,head,0.5988582582471104,1.7016825702767746,-1.2000790606368783,0.0,0.31730465640509214,0.0,0.9483236552061993,1
1004.7445376013259,LHR-CTRL0002,hand_right,0.7803868879988294,0.9778637672824119,-1.3761573320299907,0.03468840604309313,0.3170923088257578,-0.011606578303006392,0.947689015188968,1
1004.7450427823476,LHR-TRKR0002,foot_left,0.5191987149994488,0.08219937734976492,-1.141155676606983,0.0,0.31730465640509214,0.0,0.9483236552061993,1
1004.7464493243367,LHR-CTRL0001,hand_left,0.38208074127970204,0.9771294763668201,-1.074906881806286,0.03418361081310393,0.31709844613292437,-0.011437676181745031,0.9477073576666083,1
1004.7540606715256,LHR-CTRL0002,hand_right,0.7829056732657744,0.9767436905928346,-1.3738848149041452,0.0322078131772678,0.3171216016350005,-0.010776583540511,0.9477765621674682,1
1004.7546077015149,LHR-CTRL0001,hand_left,0.3828123974762797,0.9779043581534715,-1.0719720459484665,0.0320679141164138,0.31712318888235846,-0.010729773969546521,0.947781305949779,1
1004.7553646931424,LHR-TRKR0002,foot_left,0.5207720559591037,0.08083867549839438,-1.1403886228738502,0.0,0.31730465640509214,0.0,0.9483236552061993,1
1004.7559423998794,LHR-TRKR0001,pelvis,0.6003356709588927,0.9996157693015392,-1.1976949442410714,0.0,0.31730465640509214,0.0,0.9483236552061993,1
1004.7566333892711,LHR-HMD00001,head,0.5988111913644985,1.6990959345958316,-1.1991265713803556,0.0,0.31730465640509214,0.0,0.9483236552061993,1
1004.7657292132241,LHR-HMD00001,head,0.5990528500649627,1.6993746481692504,-1.2011166336001868,0.0,0.31730465640509214,0.0,0.9483236552061993,1
1004.7660060285282,LHR-TRKR0001,pelvis,0.5990405038147657,0.9981639102652186,-1.1990399668601388,0.0,0.31730465640509214,0.0,0.9483236552061993,1
1004.7668089643093,LHR-TRKR0002,foot_left,0.5204987283322808,0.08065137290310329,-1.138352959470814,0.0,0.31730465640509214,0.0,0.9483236552061993,1
1004.7672276330737,LHR-CTRL0002,hand_right,0.7844819681629854,0.9740177424562775,-1.3715195263617035,0.028919393014442588,0.3171570814589758,-0.009676293545473441,0.9478826001838638,1
1004.767494313225,LHR-CTRL0001,hand_left,0.3844883142583323,0.9728906141581514,-1.0702299852124635,0.028854500829070935,0.3171577431555724,-0.009654580923975824,0.9478845777865318,1
1004.775909066852,LHR-TRKR0002,foot_left,0.5189597692519955,0.07892255228911996,-1.1406856492351811,0.0,0.31730465640509214,0.0,0.9483236552061993,1
1004.7761845436801,LHR-CTRL0002,hand_right,0.7836498685267868,0.9734449525736915,-1.3709122299580576,0.02677736329298511,0.3171781374794545,-0.00895958042643944,0.9479455299956437,1
1004.7771265879745,LHR-CTRL0001,hand_left,0.387707385045513,0.9703853884550998,-1.0694612955260308,0.02655658219335277,0.3171802155996595,-0.008885708103867938,0.947951740842251,1
1004.7773216787521,LHR-TRKR0001,pelvis,0.5997824078805991,1.0011878196674073,-1.2001759337819462,0.0,0.31730465640509214,0.0,0.9483236552061993,1
1004.7797290028556,LHR-HMD00001,head,0.5987408697790247,1.701649061239658,-1.2001408895588468,0.0,0.31730465640509214,0.0,0.9483236552061993,1
1004.7868956977087,LHR-TRKR0001,pelvis,0.6023110221823608,0.9997079074181178,-1.1997868793630524,0.0,0.31730465640509214,0.0,0.9483236552061993,1
1004.7879923626743,LHR-HMD00001,head,0.5996784930818171,1.6993985503731006,-1.1992875471148703,0.0,0.31730465640509214,0.0,0.9483236552061993,1
1004.7880347563704,LHR-CTRL0002,hand_right,0.7875616588496592,0.9716335076357516,-1.3671401953757092,0.024063054629630785,0.31720249079831786,-0.008051385451997153,0.9480183143935236,1
1004.7887896255313,LHR-TRKR0002,foot_left,0.5205192167144258,0.08227532061996137,-1.1407060181562811,0.0,0.31730465640509214,0.0,0.9483236552061993,1
1004.7891738137243,LHR-CTRL0001,hand_left,0.3868220189060488,0.969119589715838,-1.066450079840143,0.02380938811801197,0.3172046337895615,-0.007966509824495078,0.9480247191192286,1
1004.7980084288555,LHR-TRKR0001,pelvis,0.6008585708588869,1.0009785818514885,-1.1994816947289377,0.0,0.31730465640509214,0.0,0.9483236552061993,1
1004.7992602060829,LHR-CTRL0001,hand_left,0.3904944018423108,0.9681122138379072,-1.0668393091138126,0.021618977790581525,0.3172221932342611,-0.0072336087811478485,0.9480771987675566,1
1004.8005380371243,LHR-CTRL0002,hand_right,0.7897726467488317,0.9668643606194547,-1.3657355920054732,0.021348666003165376,0.3172242427501253,-0.007143163722272167,0.9480833241248006,1
1004.8005621713148,LHR-TRKR0002,foot_left,0.5207975311937838,0.07989898359241372,-1.1413066750845953,0.0,0.31730465640509214,0.0,0.9483236552061993,1
1004.8009544222764,LHR-HMD00001,head,0.6000614713266694,1.7002923415575475,-1.1998631341492825,0.0,0.31730465640509214,0.0,0.9483236552061993,1
1004.8090302193476,LHR-TRKR0002,foot_left,0.5214508846110202,0.08175957338607534,-1.1405347039568563,0.0,0.31730465640509214,0.0,0.9483236552061993,1
1004.8094710119857,LHR-CTRL0002,hand_right,0.790558267678972,0.9650961285965214,-1.3655503036987922,0.019504434174714223,0.31723753733526544,-0.006526092384395659,0.9481230574514949,1
1004.8104758374159,LHR-CTRL0001,hand_left,0.38842867144275817,0.9653056584385606,-1.0634647851259356,0.019301978426739783,0.31723892363716066,-0.006458351638717121,0.9481272006711231,1
1004.8116555734854,LHR-HMD00001,head,0.5996426783211533,1.6995191115287611,-1.2017349021218235,0.0,0.31730465640509214,0.0,0.9483236552061993,1
1004.8123004940778,LHR-TRKR0001,pelvis,0.5988529898032748,1.0006991291932263,-1.200977262322934,0.0,0.31730465640509214,0.0,0.9483236552061993,1
1004.8205053176791,LHR-CTRL0001,hand_left,0.39126846914740254,0.9633026696944704,-1.06234953816607,0.017336868103706476,0.31725162771931925,-0.005800834922324969,0.9481651691704358,1
1004.8214431791652,LHR-TRKR0001,pelvis,0.6007095417135675,0.9991926956280199,-1.2001153018063382,0.0,0.31730465640509214,0.0,0.9483236552061993,1
1004.8220681651626,LHR-HMD00001,head,0.5995082217730703,1.7021635579120447,-1.2012394366198587,0.0,0.31730465640509214,0.0,0.9483236552061993,1
1004.8229938384561,LHR-CTRL0002,hand_right,0.7904705984333804,0.9639063008700701,-1.3624697162062267,0.016865014016027455,0.31725447520564315,-0.005642954753099648,0.9481736794099938,1
1004.8240415952381,LHR-TRKR0002,foot_left,0.5201005915836208,0.07950099506106235,-1.1388142385625202,0.0,0.31730465640509214,0.0,0.9483236552061993,1
1004.8304986876183,LHR-CTRL0001,hand_left,0.39074172544275715,0.9614512859195956,-1.0608250173629752,0.015480087705085034,0.3172623789293134,-0.005179564891603042,0.9481973011500767,1
1004.8322755404574,LHR-CTRL0002,hand_right,0.7907698029199917,0.963034390445256,-1.361470065988372,0.0151605933828784,0.3172641061647046,-0.005072663586785216,0.9482024633125171,1
1004.8326882093434,LHR-TRKR0001,pelvis,0.5990482515717787,0.9988517828284381,-1.198724334523124,0.0,0.31730465640509214,0.0,0.9483236552061993,1
1004.834413866312,LHR-HMD00001,head,0.600004371846845,1.7003357254250897,-1.1988059748845585,0.0,0.31730465640509214,0.0,0.9483236552061993,1
1004.8345380605542,LHR-TRKR0002,foot_left,0.5215523357675496,0.0800163143949364,-1.1392167342964754,0.0,0.31730465640509214,0.0,0.9483236552061993,1
1004.8423335127887,LHR-CTRL0002,hand_right,0.7909467801953837,0.9603876265396495,-1.3598698965859939,0.01341302612411531,0.31727291628652193,-0.004487935761488017,0.9482287939911128,1
1004.8429446456556,LHR-HMD00001,head,0.6026582765991148,1.6996032040678637,-1.2008771032876957,0.0,0.31730465640509214,0.0,0.9483236552061993,1
1004.8440272438863,LHR-TRKR0001,pelvis,0.5990922678512145,1.0002529718318682,-1.2016081474605385,0.0,0.31730465640509214,0.0,0.9483236552061993,1
1004.844085503048,LHR-TRKR0002,foot_left,0.5207571616696923,0.08092547365704209,-1.1389915211136445,0.0,0.31730465640509214,0.0,0.9483236552061993,1
1004.8443884811721,LHR-CTRL0001,hand_left,0.39420339872648164,0.9592358911953024,-1.0579311653641932,0.013068766214088187,0.31727452474351253,-0.004372748006900736,0.9482336011623338,1
1004.8558425127839,LHR-TRKR0001,pelvis,0.600273466022081,1.0007591476309885,-1.200412163998946,0.0,0.31730465640509214,0.0,0.9483236552061993,1
1004.8560803527372,LHR-CTRL0002,hand_right,0.7940721123572514,0.9603019928156666,-1.3594309741088817,0.011193137000738224,0.31728255336317235,-0.0037451712509924836,0.9482575961771829,1
1004.8569131273425,LHR-HMD00001,head,0.601060172200609,1.700213008900044,-1.197993622006624,0.0,0.31730465640509214,0.0,0.9483236552061993,1
1004.8573865550787,LHR-TRKR0002,foot_left,0.519539578902535,0.08015243860850015,-1.1384480422611098,0.0,0.31730465640509214,0.0,0.9483236552061993,1
1004.857918605167,LHR-CTRL0001,hand_left,0.3941310754959193,0.9579197954925348,-1.056723007705758,0.010911140828610874,0.31728365308368695,-0.003650816651681171,0.9482608828953479,1
1004.8637974872147,LHR-TRKR0001,pelvis,0.5996177626970843,1.0007473347509377,-1.200011098557996,0.0,0.31730465640509214,0.0,0.9483236552061993,1
1004.8663738385346,LHR-CTRL0001,hand_left,0.3947809822099499,0.9579646844295152,-1.0567291701846873,0.009659427578441902,0.3172881957419115,-0.003231999256815905,0.9482744594696745,1
1004.8666029826377,LHR-HMD00001,head,0.6007253370628882,1.6993312028743714,-1.2001966351163693,0.0,0.31730465640509214,0.0,0.9483236552061993,1
1004.8669432997351,LHR-TRKR0002,foot_left,0.5209022443406778,0.07925687356306284,-1.1400178803982306,0.0,0.31730465640509214,0.0,0.9483236552061993,1
1004.8673687809202,LHR-CTRL0002,hand_right,0.7933116954064015,0.9580521648523372,-1.3587579585057068,0.009517047941808778,0.317288677436928,-0.003184359696806056,0.948275899104327,1
1004.8767521649427,LHR-TRKR0002,foot_left,0.5203205142395859,0.08012752836783273,-1.139944477541391,0.0,0.31730465640509214,0.0,0.9483236552061993,1
1004.8772353425279,LHR-HMD00001,head,0.600423038855992,1.7005006888592558,-1.2011341153148394,0.0,0.31730465640509214,0.0,0.9483236552061993,1
1004.8772912447853,LHR-CTRL0001,hand_left,0.39571759914740295,0.9563797454959655,-1.05492012363221,0.008153920452347252,0.3172929270468838,-0.002728263618947618,0.9482885998496994,1
1004.8773834744491,LHR-CTRL0002,hand_right,0.7950716824031676,0.9562705589570176,-1.3553449481597228,0.008141735563530693,0.317292962077093,-0.002724186612180944,0.948288704543959,1
1004.880933911908,LHR-TRKR0001,pelvis,0.6006806540061354,0.9991056439494383,-1.1989792574514717,0.0,0.31730465640509214,0.0,0.9483236552061993,1
1004.8885570719714,LHR-TRKR0002,foot_left,0.5210750243287465,0.08071152480099547,-1.1398170969013204,0.0,0.31730465640509214,0.0,0.9483236552061993,1
1004.8891058240787,LHR-TRKR0001,pelvis,0.5996509117616571,0.999988235746698,-1.19991619698934,0.0,0.31730465640509214,0.0,0.9483236552061993,1
1004.8892145433479,LHR-CTRL0002,hand_right,0.7965635754261913,0.9561348296810457,-1.3561273569829668,0.006653115675176324,0.3172968475246268,-0.0022261013650198736,0.9483003169225767,1
1004.8893783819145,LHR-CTRL0001,hand_left,0.39589497245292427,0.9566199078431844,-1.0534485048467772,0.006633540245085335,0.31729689340964823,-0.0022195515177341886,0.9483004540584504,1
1004.8896380629369,LHR-HMD00001,head,0.5980757934232074,1.6983962232229173,-1.19938283988898,0.0,0.31730465640509214,0.0,0.9483236552061993,1
1004.8987988660041,LHR-CTRL0002,hand_right,0.7949764323645605,0.9548411231539408,-1.354057917999937,0.00555589739677253,0.3172992108087937,-0.0018589772645938414,0.9483073800344289,1
1004.8993299318691,LHR-CTRL0001,hand_left,0.3980585456272988,0.9548281327138183,-1.053304488562564,0.005497956097358012,0.3172993237994661,-0.0018395903770038753,0.9483077177279525,1
1004.9005107422386,LHR-TRKR0002,foot_left,0.5201099250882918,0.08142193366111863,-1.139676967288942,0.0,0.31730465640509214,0.0,0.9483236552061993,1
1004.9010598990136,LHR-HMD00001,head,0.5998467617394272,1.6981651585116855,-1.2005508402481635,0.0,0.31730465640509214,0.0,0.9483236552061993,1
1004.9017344697246,LHR-TRKR0001,pelvis,0.5996713260649604,0.9997199528258927,-1.1993870929636719,0.0,0.31730465640509214,0.0,0.9483236552061993,1
1004.9090008032534,LHR-TRKR0001,pelvis,0.5983709875635873,1.0004799010174177,-1.2012242588923951,0.0,0.31730465640509214,0.0,0.9483236552061993,1
1004.9105966606962,LHR-CTRL0001,hand_left,0.39922251445632034,0.9543574391961887,-1.0524233642994012,0.004339594350909712,0.317301334143496,-0.0014520079583520272,0.9483137260129244,1
1004.9116788137111,LHR-TRKR0002,foot_left,0.5203015064663212,0.07985300902620686,-1.1401709360954668,0.0,0.31730465640509214,0.0,0.9483236552061993,1
1004.9117812157152,LHR-CTRL0002,hand_right,0.7993182031930265,0.9531742849359259,-1.354970298599952,0.004225686669006514,0.317301506263894,-0.0014138949811318855,0.9483142404265698,1
1004.9118809065418,LHR-HMD00001,head,0.5980629847316038,1.6997368214590778,-1.200865359608013,0.0,0.31730465640509214,0.0,0.9483236552061993,1
1004.920960240839,LHR-CTRL0001,hand_left,0.3988870204516571,0.9543190568198874,-1.0503656937789045,0.003393991369760191,0.3173026242533212,-0.00113561362675219,0.9483175817447594,1
1004.9213674718302,LHR-TRKR0002,foot_left,0.5202914506978535,0.07897753241935071,-1.1390436657446827,0.0,0.31730465640509214,0.0,0.9483236552061993,1
1004.9219901937754,LHR-TRKR0001,pelvis,0.6003911527835315,1.0010794377008916,-1.199558789472836,0.0,0.31730465640509214,0.0,0.9483236552061993,1
1004.9241516382892,LHR-CTRL0002,hand_right,0.7976632107299662,0.9535842199808304,-1.3530185396150214,0.003126011521584967,0.31730293249103686,-0.001045948823831884,0.9483185029701853,1
1004.9242217260432,LHR-HMD00001,head,0.5994420342001889,1.6999156451226405,-1.199817370032906,0.0,0.31730465640509214,0.0,0.9483236552061993,1
1004.9320922024543,LHR-TRKR0002,foot_left,0.5203580807273628,0.08132620068474851,-1.1402636542390319,0.0,0.31730465640509214,0.0,0.9483236552061993,1
1004.9322364322182,LHR-CTRL0002,hand_right,0.7975179592843763,0.9517504264964843,-1.3514238655593358,0.002496176960242235,0.31730355718470415,-0.0008352091275459645,0.948320369982755,1
1004.9324046836114,LHR-CTRL0001,hand_left,0.4004451940790944,0.951838302869267,-1.0498672280772647,0.0024838174554830637,0.3173035680430759,-0.0008310736951021822,0.9483204024350074,1
1004.932418672035,LHR-TRKR0001,pelvis,0.5996173221995281,0.9996529070388336,-1.200531278689402,0.0,0.31730465640509214,0.0,0.9483236552061993,1
1004.9344140594093,LHR-HMD00001,head,0.600059555369808,1.701291677668109,-1.1975989716287858,0.0,0.31730465640509214,0.0,0.9483236552061993,1
1004.9433815386461,LHR-CTRL0002,hand_right,0.7974737529831606,0.9501823573257097,-1.3510921039212243,0.0017434895914882186,0.31730412014884196,-0.0005833634569125396,0.9483220525052082,1
1004.9434935332083,LHR-TRKR0002,foot_left,0.5219363505556253,0.07958900031461871,-1.1403389051809398,0.0,0.31730465640509214,0.0,0.9483236552061993,1
1004.944928298602,LHR-TRKR0001,pelvis,0.5997836062854759,0.9993622627785177,-1.2007260705105798,0.0,0.31730465640509214,0.0,0.9483236552061993,1
1004.9455221473886,LHR-CTRL0001,hand_left,0.3992238713396433,0.9521991179645543,-1.0501015049671434,0.0016142878975546307,0.31730419668278426,-0.0005401331748506217,0.9483222812410506,1
1004.9457279510768,LHR-HMD00001,head,0.6008519643807385,1.6998103676176168,-1.1992480322118801,0.0,0.31730465640509214,0.0,0.9483236552061993,1
1004.9547037975509,LHR-CTRL0001,hand_left,0.39969892816431696,0.9515855557377685,-1.0495495326153679,0.001116375209644918,0.31730443654125645,-0.0003735339199553353,0.9483229981024597,1
1004.9550156916183,LHR-HMD00001,head,0.5992727335063205,1.6991741628111194,-1.200871244596184,0.0,0.31730465640509214,0.0,0.9483236552061993,1
1004.9550250557309,LHR-CTRL0002,hand_right,0.8009839261125606,0.9506708300742089,-1.3499870441912198,0.001100607512444278,0.3173044427081174,-0.0003682581222726751,0.9483230165332643,1
1004.9560108079194,LHR-TRKR0001,pelvis,0.6005546934924868,0.9993582675107975,-1.20198970059376,0.0,0.31730465640509214,0.0,0.9483236552061993,1
1004.957777978904,LHR-TRKR0002,foot_left,0.5203214116041078,0.08107878666532496,-1.1402426506822414,0.0,0.31730465640509214,0.0,0.9483236552061993,1
1004.9659141188663,LHR-TRKR0001,pelvis,0.6016282811381425,1.0008785583045112,-1.1986656415460655,0.0,0.31730465640509214,0.0,0.9483236552061993,1
1004.9667731904437,LHR-HMD00001,head,0.6002923594549496,1.7012385057812411,-1.197775864242118,0.0,0.31730465640509214,0.0,0.9483236552061993,1
1004.9668689290099,LHR-CTRL0001,hand_left,0.3997752834509349,0.9506310723635006,-1.050916346251747,0.0005974603639072843,0.3173045934325069,-0.0001999074413513827,0.9483234670009807,1
1004.9680230120856,LHR-TRKR0002,foot_left,0.5207888738280828,0.07963337617445262,-1.139385310841654,0.0,0.31730465640509214,0.0,0.9483236552061993,1
1004.9680501592422,LHR-CTRL0002,hand_right,0.7983757384169148,0.9498444878220731,-1.3524494077886249,0.0005556326449447281,0.3173046019411808,-0.00018591208236106327,0.9483234924307266,1
1004.9769293568693,LHR-CTRL0002,hand_right,0.8000200031687115,0.9495616701386627,-1.3500661395055662,0.00028976594259017024,0.3173046415926055,-9.69543281417774e-05,0.9483236109363433,1
1004.9774082617099,LHR-CTRL0001,hand_left,0.40273646570808297,0.9494593692719459,-1.049272129521135,0.00027786299085926826,0.31730464278454035,-9.29716562043585e-05,0.9483236144986609,1
1004.9775621722192,LHR-TRKR0001,pelvis,0.6004574473022646,0.99942292288286,-1.200428154090631,0.0,0.31730465640509214,0.0,0.9483236552061993,1
1004.9776496105912,LHR-TRKR0002,foot_left,0.519481783341219,0.08000659795702991,-1.1386858128411104,0.0,0.31730465640509214,0.0,0.9483236552061993,1
1004.9783407603601,LHR-HMD00001,head,0.6013242715339006,1.7006976873666175,-1.200688326695927,0.0,0.31730465640509214,0.0,0.9483236552061993,1
1004.9880197065473,LHR-CTRL0001,hand_left,0.40042945577748995,0.9511032792651997,-1.0500961980609473,7.814920570441246e-05,0.31730465532767865,-2.6148358451501125e-05,0.9483236519861498,1
1004.9884284658275,LHR-TRKR0001,pelvis,0.5995273147733835,1.0001405268352408,-1.1996109618642683,0.0,0.31730465640509214,0.0,0.9483236552061993,1
1004.9887019844559,LHR-TRKR0002,foot_left,0.5199538596321842,0.07995060075088835,-1.1413170029845516,0.0,0.31730465640509214,0.0,0.9483236552061993,1
1004.9888168939488,LHR-CTRL0002,hand_right,0.8005364163929601,0.9498742060917209,-1.3495481709309176,6.809535284429227e-05,0.31730465558706406,-2.278438634154238e-05,0.948323652761371,1
1004.9888711466523,LHR-HMD00001,head,0.6000766482093036,1.700543459285324,-1.2001222530819586,0.0,0.31730465640509214,0.0,0.9483236552061993,1
1004.9992762195698,LHR-TRKR0002,foot_left,0.5181394463857215,0.07977785225729561,-1.1393020683224897,0.0,0.31730465640509214,0.0,0.9483236552061993,1
1004.9994677876167,LHR-CTRL0002,hand_right,0.7984704528689589,0.9516872098821197,-1.3512918147129624,1.542347904506455e-07,0.31730465640508787,-5.1606238989169035e-08,0.9483236552061868,1
1005.0003016352332,LHR-HMD00001,head,0.6018628616770764,1.6991800243127093,-1.2007141378091564,0.0,0.31730465640509214,0.0,0.9483236552061993,1
1005.0003105462358,LHR-CTRL0001,hand_left,0.4013473660805491,0.9513842388351245,-1.0492016454838706,0.0,0.31730465640509214,0.0,0.9483236552061993,1
1005.0015198953494,LHR-TRKR0001,pelvis,0.6004562595007312,1.000674265174866,-1.2010922995989215,0.0,0.31730465640509214,0.0,0.9483236552061993,1
1005.0104122882042,LHR-CTRL0002,hand_right,0.7993171009600029,0.9494176761675858,-1.3503776447858278,0.0,0.31730465640509214,0.0,0.9483236552061993,1
1005.0115372158772,LHR-HMD00001,head,0.6003800449900107,1.7019703100858585,-1.201812742395742,0.0,0.31730465640509214,0.0,0.9483236552061993,1
1005.011828830885,LHR-TRKR0001,pelvis,0.6003244292684178,0.999810399101418,-1.1993021092407676,0.0,0.31730465640509214,0.0,0.9483236552061993,1
1005.0119377124541,LHR-CTRL0001,hand_left,0.40001699780583166,0.9505866861578485,-1.0506962870663314,0.0,0.31730465640509214,0.0,0.9483236552061993,1
1005.0120069683255,LHR-TRKR0002,foot_left,0.5195404119244281,0.08144025030366829,-1.139493776013801,0.0,0.31730465640509214,0.0,0.9483236552061993,1
1005.0208773916055,LHR-TRKR0002,foot_left,0.519890109844254,0.08100857808727611,-1.140660646654349,0.0,0.31730465640509214,0.0,0.9483236552061993,1
1005.0209997195022,LHR-CTRL0001,hand_left,0.40050692987508485,0.9511970971277596,-1.0493325118135797,0.0,0.31730465640509214,0.0,0.9483236552061993,1
1005.0215280897213,LHR-CTRL0002,hand_right,0.7987732735963898,0.9506747364914234,-1.35020813418244,0.0,0.31730465640509214,0.0,0.9483236552061993,1
1005.0230664661399,LHR-HMD00001,head,0.599153959789841,1.7011420635997836,-1.2006789510067084,0.0,0.31730465640509214,0.0,0.9483236552061993,1
1005.0233161561325,LHR-TRKR0001,pelvis,0.597423551375218,1.0008903974861592,-1.2007381716091419,0.0,0.31730465640509214,0.0,0.9483236552061993,1
1005.0330511408687,LHR-TRKR0001,pelvis,0.6003894894076818,0.9983985684946104,-1.199086499209705,0.0,0.31730465640509214,0.0,0.9483236552061993,1
1005.0332317244425,LHR-HMD00001,head,0.6020590947875167,1.6988758393956398,-1.1989276739967167,0.0,0.31730465640509214,0.0,0.9483236552061993,1
1005.0336822094955,LHR-CTRL0001,hand_left,0.39810414645614706,0.948971270718147,-1.0495866660804327,0.0,0.31730465640509214,0.0,0.9483236552061993,1
1005.0339631055161,LHR-CTRL0002,hand_right,0.8026676504710809,0.9502602030836674,-1.3499850096401944,0.0,0.31730465640509214,0.0,0.9483236552061993,1
1005.0344267403977,LHR-TRKR0002,foot_left,0.5197921201153216,0.07886181017020533,-1.14012157618328,0.0,0.31730465640509214,0.0,0.9483236552061993,1
1005.0440045855695,LHR-CTRL0002,hand_right,0.8008885117741831,0.9487810168252948,-1.3511629022852285,0.0,0.31730465640509214,0.0,0.9483236552061993,1
1005.044094645229,LHR-HMD00001,head,0.599911822522773,1.6999268864611303,-1.2010358850980685,0.0,0.31730465640509214,0.0,0.9483236552061993,1
1005.0450074909573,LHR-TRKR0002,foot_left,0.5196204611002588,0.0803028190982601,-1.1405357330866317,0.0,0.31730465640509214,0.0,0.9483236552061993,1
1005.0452306593503,LHR-CTRL0001,hand_left,0.39993160155444557,0.9475358083663177,-1.050780112280943,0.0,0.31730465640509214,0.0,0.9483236552061993,1
1005.0453433996942,LHR-TRKR0001,pelvis,0.6018815410863223,0.9996633506076186,-1.1992899279687876,0.0,0.31730465640509214,0.0,0.9483236552061993,1
1005.0547272399053,LHR-HMD00001,head,0.5983937924954076,1.699955332486363,-1.2005293075936516,0.0,0.31730465640509214,0.0,0.9483236552061993,1
1005.0552022044884,LHR-TRKR0002,foot_left,0.5203575899656717,0.07890265630873967,-1.138863284375701,0.0,0.31730465640509214,0.0,0.9483236552061993,1
1005.0552493173884,LHR-CTRL0001,hand_left,0.40113452735829813,0.9492128046386523,-1.0521809195750584,0.0,0.31730465640509214,0.0,0.9483236552061993,1
1005.0567196647646,LHR-TRKR0001,pelvis,0.599014354865422,0.9995183222948648,-1.1991392103602105,0.0,0.31730465640509214,0.0,0.9483236552061993,1
1005.057540565453,LHR-CTRL0002,hand_right,0.7993332580310901,0.9465669154050329,-1.3500164321867802,0.0,0.31730465640509214,0.0,0.9483236552061993,1
1005.0657749343405,LHR-HMD00001,head,0.5990813069488649,1.6977104904951683,-1.2010450357612783,0.0,0.31730465640509214,0.0,0.9483236552061993,1
1005.0657788935989,LHR-TRKR0001,pelvis,0.6001920593913393,0.9986812537262582,-1.2009210934308738,0.0,0.31730465640509214,0.0,0.9483236552061993,1
1005.0660664738841,LHR-CTRL0002,hand_right,0.7986690087603354,0.9502405804210451,-1.3518953828783304,0.0,0.31730465640509214,0.0,0.9483236552061993,1
1005.0664064966337,LHR-TRKR0002,foot_left,0.5195148282666617,0.08108732005526158,-1.1389692868505064,0.0,0.31730465640509214,0.0,0.9483236552061993,1
1005.0665868968525,LHR-CTRL0001,hand_left,0.40132595569048746,0.9485549430979502,-1.0496593114775965,0.0,0.31730465640509214,0.0,0.9483236552061993,1
1005.0777827288593,LHR-CTRL0001,hand_left,0.3990412129688162,0.9488126288738403,-1.050269794174222,0.0,0.31730465640509214,0.0,0.9483236552061993,1
1005.0779970326367,LHR-TRKR0002,foot_left,0.5194967367398059,0.07949818087255099,-1.141218011815291,0.0,0.31730465640509214,0.0,0.9483236552061993,1
1005.0786684555718,LHR-TRKR0001,pelvis,0.6000743008655166,0.9987984150970012,-1.199082809180258,0.0,0.31730465640509214,0.0,0.9483236552061993,1
1005.0789502290052,LHR-HMD00001,head,0.6013532266600484,1.6973723963786296,-1.2005424728450316,0.0,0.31730465640509214,0.0,0.9483236552061993,1
1005.0793693058922,LHR-CTRL0002,hand_right,0.7996864974618704,0.945418407303749,-1.3530072092289307,0.0,0.31730465640509214,0.0,0.9483236552061993,1
1005.0888043674008,LHR-HMD00001,head,0.6019666844060902,1.6974118587373386,-1.2000056563703998,0.0,0.31730465640509214,0.0,0.9483236552061993,1
1005.0888094514831,LHR-TRKR0002,foot_left,0.5191879384914542,0.08158822403717021,-1.1395230405111827,0.0,0.31730465640509214,0.0,0.9483236552061993,1
1005.0890924683622,LHR-CTRL0001,hand_left,0.40001264643231577,0.9466755496972815,-1.0517247133233867,0.0,0.31730465640509214,0.0,0.9483236552061993,1
1005.0891457649685,LHR-TRKR0001,pelvis,0.5986011424403518,0.997280160598053,-1.1997718307964569,0.0,0.31730465640509214,0.0,0.9483236552061993,1
1005.0898636982661,LHR-CTRL0002,hand_right,0.8004307699967955,0.9484953131271731,-1.3513089417678381,0.0,0.31730465640509214,0.0,0.9483236552061993,1
1005.0988720521927,LHR-CTRL0001,hand_left,0.4016533687967333,0.9462353983006048,-1.0503347907522969,0.0,0.31730465640509214,0.0,0.9483236552061993,1
1005.0990441176895,LHR-CTRL0002,hand_right,0.8003238405841109,0.9476793090700413,-1.3484298548218392,0.0,0.31730465640509214,0.0,0.9483236552061993,1
1005.1007869443811,LHR-HMD00001,head,0.6003676509019791,1.696929450661682,-1.2006881266372098,0.0,0.31730465640509214,0.0,0.9483236552061993,1
1005.1019348414738,LHR-TRKR0001,pelvis,0.600242759825159,0.9992098080765887,-1.1992780790651378,0.0,0.31730465640509214,0.0,0.9483236552061993,1
1005.1020353707243,LHR-TRKR0002,foot_left,0.5211015418167386,0.08045406966525681,-1.1373552638261337,0.0,0.31730465640509214,0.0,0.9483236552061993,1
1005.1098137472648,LHR-HMD00001,head,0.6012788848261011,1.6970283188845103,-1.2006294936046658,0.0,0.31730465640509214,0.0,0.9483236552061993,1
1005.1105952618707,LHR-CTRL0001,hand_left,0.4002748224378254,0.947366221679714,-1.0501289336089472,0.0,0.31730465640509214,0.0,0.9483236552061993,1
1005.1111531637082,LHR-TRKR0001,pelvis,0.6010773954882058,0.9990727315780035,-1.2007847786759445,0.0,0.31730465640509214,0.0,0.9483236552061993,1
1005.1113812374624,LHR-TRKR0002,foot_left,0.5216544855233061,0.08028524932207869,-1.1382351540511393,0.0,0.31730465640509214,0.0,0.9483236552061993,1
1005.1121977543226,LHR-CTRL0002,hand_right,0.7989108821363374,0.9464010509008917,-1.3498514037623157,0.0,0.31730465640509214,0.0,0.9483236552061993,1
1005.1202840541144,LHR-HMD00001,head,0.5986147019010456,1.694896707781263,-1.2010245453979196,0.0,0.31730465640509214,0.0,0.9483236552061993,1
1005.1220740163525,LHR-TRKR0001,pelvis,0.5998797930107799,0.9956508899803097,-1.198774088429584,0.0,0.31730465640509214,0.0,0.9483236552061993,1
1005.1226357669594,LHR-CTRL0001,hand_left,0.4008322587659693,0.9477230657042286,-1.0491457966259485,0.0,0.31730465640509214,0.0,0.9483236552061993,1
1005.1230155775481,LHR-CTRL0002,hand_right,0.7996992798826931,0.9482922741549092,-1.3492782677075947,0.0,0.31730465640509214,0.0,0.9483236552061993,1
1005.12558082757,LHR-TRKR0002,foot_left,0.5196974265996801,0.08078874957170973,-1.1387161831591208,0.0,0.31730465640509214,0.0,0.9483236552061993,1
1005.1315599732866,LHR-TRKR0002,foot_left,0.5189761925572806,0.07893735588589539,-1.1397777711935184,0.0,0.31730465640509214,0.0,0.9483236552061993,1
1005.1322842421023,LHR-HMD00001,head,0.5978440160016923,1.6964070644943101,-1.1998978993067626,0.0,0.31730465640509214,0.0,0.9483236552061993,1
1005.1324960402458,LHR-TRKR0001,pelvis,0.5995911212122936,0.9967035643738935,-1.2004497371326264,0.0,0.31730465640509214,0.0,0.9483236552061993,1
1005.132574643613,LHR-CTRL0001,hand_left,0.3996845193019625,0.946363387371377,-1.0504196887227695,0.0,0.31730465640509214,0.0,0.9483236552061993,1
1005.1330446662681,LHR-CTRL0002,hand_right,0.7994670001711517,0.9468825813050475,-1.3507985318847382,0.0,0.31730465640509214,0.0,0.9483236552061993,1
1005.1427165153374,LHR-TRKR0002,foot_left,0.5211828915669126,0.08142243312548442,-1.1404312744385507,0.0,0.31730465640509214,0.0,0.9483236552061993,1
1005.1442119676177,LHR-CTRL0002,hand_right,0.798167340620141,0.9451530827559745,-1.3498796474296308,0.0,0.31730465640509214,0.0,0.9483236552061993,1
1005.1443579050543,LHR-CTRL0001,hand_left,0.3999112267892771,0.9448811532574553,-1.0491187971563174,0.0,0.31730465640509214,0.0,0.9483236552061993,1
1005.1454846955612,LHR-TRKR0001,pelvis,0.5995517695210387,0.9937387268236818,-1.1994245049402532,0.0,0.31730465640509214,0.0,0.9483236552061993,1
1005.1455910714119,LHR-HMD00001,head,0.6005366538643132,1.6928148011556041,-1.2004851076978884,0.0,0.31730465640509214,0.0,0.9483236552061993,1
1005.1543954043525,LHR-TRKR0001,pelvis,0.6013675399895861,0.9930231518633962,-1.1989801018577946,0.0,0.31730465640509214,0.0,0.9483236552061993,1
1005.1554828440942,LHR-CTRL0001,hand_left,0.3987831292856238,0.9454746328007785,-1.0489305333059946,0.0,0.31730465640509214,0.0,0.9483236552061993,1
1005.1557377575599,LHR-TRKR0002,foot_left,0.5202641519108567,0.08061549397778137,-1.139953450137528,0.0,0.31730465640509214,0.0,0.9483236552061993,1
1005.1563947198927,LHR-CTRL0002,hand_right,0.7995722633633338,0.9439860543506874,-1.3520314023853417,0.0,0.31730465640509214,0.0,0.9483236552061993,1
1005.1566236329954,LHR-HMD00001,head,0.5997599004816307,1.6934103775202338,-1.2002062859606721,0.0,0.31730465640509214,0.0,0.9483236552061993,1
1005.1658870977886,LHR-CTRL0001,hand_left,0.4016614922827816,0.9425382725168495,-1.0480567153325189,0.0,0.31730465640509214,0.0,0.9483236552061993,1
1005.1664260619262,LHR-TRKR0002,foot_left,0.5193755244081526,0.07849594098547368,-1.1421590616269273,0.0,0.31730465640509214,0.0,0.9483236552061993,1
1005.1664387456843,LHR-TRKR0001,pelvis,0.6002873113010511,0.9928652129273994,-1.1988094195625794,0.0,0.31730465640509214,0.0,0.9483236552061993,1
1005.1667291010419,LHR-CTRL0002,hand_right,0.7990181222203938,0.9424924487869646,-1.349783589995834,0.0,0.31730465640509214,0.0,0.9483236552061993,1
1005.1669987052745,LHR-HMD00001,head,0.5987550756388652,1.693523667466513,-1.1992897159778346,0.0,0.31730465640509214,0.0,0.9483236552061993,1
1005.1768776903784,LHR-TRKR0001,pelvis,0.5983675678216739,0.9916802671560034,-1.2018883977918868,0.0,0.31730465640509214,0.0,0.9483236552061993,1
1005.1769756076277,LHR-HMD00001,head,0.6000748600227935,1.6925434361632283,-1.1987918965683926,0.0,0.31730465640509214,0.0,0.9483236552061993,1
1005.1778739757348,LHR-TRKR0002,foot_left,0.5202233340843139,0.07995451088271267,-1.1406377300727555,0.0,0.31730465640509214,0.0,0.9483236552061993,1
1005.1779108821194,LHR-CTRL0001,hand_left,0.3997628204834806,0.941366215061708,-1.0495844004356478,0.0,0.31730465640509214,0.0,0.9483236552061993,1
1005.1784442424124,LHR-CTRL0002,hand_right,0.8000797432578262,0.9420187932167827,-1.350261806127461,0.0,0.31730465640509214,0.0,0.9483236552061993,1
1005.18678878917,LHR-TRKR0001,pelvis,0.6009382456114947,0.989041207584183,-1.2003198709299385,0.0,0.31730465640509214,0.0,0.9483236552061993,1
1005.1886710735826,LHR-TRKR0002,foot_left,0.5213488466211814,0.07993694965152069,-1.139735510178082,0.0,0.31730465640509214,0.0,0.9483236552061993,1
1005.1887580862473,LHR-HMD00001,head,0.601393906398528,1.6905215232155202,-1.2003147950374218,0.0,0.31730465640509214,0.0,0.9483236552061993,1
1005.1894687518588,LHR-CTRL0002,hand_right,0.7985450273273716,0.9399312176916882,-1.3509203483854904,0.0,0.31730465640509214,0.0,0.9483236552061993,1
1005.1901965825061,LHR-CTRL0001,hand_left,0.4010984123059758,0.9388435563805705,-1.048674020976208,0.0,0.31730465640509214,0.0,0.9483236552061993,1
1005.1992069554025,LHR-CTRL0001,hand_left,0.3999939373389504,0.9386990205297944,-1.0492565370735314,0.0,0.31730465640509214,0.0,0.9483236552061993,1
1005.1993569894439,LHR-TRKR0002,foot_left,0.5208159262299336,0.07978406405091595,-1.140084924268277,0.0,0.31730465640509214,0.0,0.9483236552061993,1
1005.1997022395202,LHR-HMD00001,head,0.5995201880665305,1.6901160995306823,-1.2007014648964136,0.0,0.31730465640509214,0.0,0.9483236552061993,1
1005.2002857177205,LHR-TRKR0001,pelvis,0.5987325566309586,0.9900232077251645,-1.1989352696982116,0.0,0.31730465640509214,0.0,0.9483236552061993,1
1005.2013235386942,LHR-CTRL0002,hand_right,0.800103089630958,0.9400739320455982,-1.351232362503265,0.0,0.31730465640509214,0.0,0.9483236552061993,1
1005.2104955656163,LHR-CTRL0001,hand_left,0.3983809895980825,0.9386452647426958,-1.0503851276266123,0.0,0.31730465640509214,0.0,0.9483236552061993,1
1005.2106762635569,LHR-CTRL0002,hand_right,0.7991197425450115,0.9379475313124542,-1.3490691425881876,0.0,0.31730465640509214,0.0,0.9483236552061993,1
1005.2107661377651,LHR-HMD00001,head,0.599086473876587,1.6885722324764856,-1.1994769958255982,0.0,0.31730465640509214,0.0,0.9483236552061993,1
1005.2113823178253,LHR-TRKR0002,foot_left,0.5191712392746567,0.08050740777280142,-1.1406081767369693,0.0,0.31730465640509214,0.0,0.9483236552061993,1
1005.2115554048954,LHR-TRKR0001,pelvis,0.5981000607649873,0.98855755290341,-1.2012608088963916,0.0,0.31730465640509214,0.0,0.9483236552061993,1
1005.2197161523849,LHR-HMD00001,head,0.600636549635794,1.686147773545243,-1.1996992627969876,0.0,0.31730465640509214,0.0,0.9483236552061993,1
1005.2213190137994,LHR-CTRL0002,hand_right,0.8001474734642529,0.9361395180143054,-1.3503019653952586,0.0,0.31730465640509214,0.0,0.9483236552061993,1
1005.221773641724,LHR-TRKR0001,pelvis,0.5986950525214497,0.9875413072295124,-1.2000385147699653,0.0,0.31730465640509214,0.0,0.9483236552061993,1
1005.2220618271041,LHR-CTRL0001,hand_left,0.400752218794653,0.9372408126318555,-1.046408024219764,0.0,0.31730465640509214,0.0,0.9483236552061993,1
1005.2244312824246,LHR-TRKR0002,foot_left,0.5202172281019134,0.08091275202031098,-1.1397748218062635,0.0,0.31730465640509214,0.0,0.9483236552061993,1
1005.2321261180484,LHR-CTRL0001,hand_left,0.39767700748258256,0.934609466916057,-1.0475941580098436,0.0,0.31730465640509214,0.0,0.9483236552061993,1
1005.2324754069474,LHR-HMD00001,head,0.6009152972035143,1.6849938848889228,-1.2002681383506568,0.0,0.31730465640509214,0.0,0.9483236552061993,1
1005.2344558630436,LHR-TRKR0001,pelvis,0.6002899042115449,0.987250903301679,-1.2002490968602546,0.0,0.31730465640509214,0.0,0.9483236552061993,1
1005.234687562376,LHR-CTRL0002,hand_right,0.7984943611492119,0.9364930626476907,-1.349234493896735,0.0,0.31730465640509214,0.0,0.9483236552061993,1
1005.235023452488,LHR-TRKR0002,foot_left,0.5207008889120877,0.08096881039871243,-1.1404287664398702,0.0,0.31730465640509214,0.0,0.9483236552061993,1
1005.2437781857575,LHR-CTRL0002,hand_right,0.8005537988598391,0.933498274342415,-1.3505006837657474,0.0,0.31730465640509214,0.0,0.9483236552061993,1
1005.2437953255704,LHR-TRKR0001,pelvis,0.600768713354719,0.9823327560460957,-1.2006974429801447,0.0,0.31730465640509214,0.0,0.9483236552061993,1
1005.2438425918148,LHR-CTRL0001,hand_left,0.3993634859945384,0.9338535630705621,-1.0498085317443326,0.0,0.31730465640509214,0.0,0.9483236552061993,1
1005.2442543355687,LHR-HMD00001,head,0.5997020459450509,1.6855166434550808,-1.199099191385093,0.0,0.31730465640509214,0.0,0.9483236552061993,1
1005.2445799275924,LHR-TRKR0002,foot_left,0.521058496885732,0.0794005572629836,-1.139868940079189,0.0,0.31730465640509214,0.0,0.9483236552061993,1
1005.2540720539769,LHR-CTRL0001,hand_left,0.39970927294452263,0.934678150135585,-1.049546534307471,0.0,0.31730465640509214,0.0,0.9483236552061993,1
1005.2549074254474,LHR-TRKR0002,foot_left,0.5213058994468164,0.08005452987305242,-1.1392688978945396,0.0,0.31730465640509214,0.0,0.9483236552061993,1
1005.2569053507538,LHR-CTRL0002,hand_right,0.7988486284401012,0.9340398909517473,-1.350665516535229,0.0,0.31730465640509214,0.0,0.9483236552061993,1
1005.2570719833454,LHR-HMD00001,head,0.5986594301325159,1.6807948632042329,-1.1993498892904875,0.0,0.31730465640509214,0.0,0.9483236552061993,1
1005.2573195169584,LHR-TRKR0001,pelvis,0.6005135117151703,0.9803867908572439,-1.199761800211109,0.0,0.31730465640509214,0.0,0.9483236552061993,1
1005.2648000868284,LHR-CTRL0001,hand_left,0.39990333240121606,0.932639653643019,-1.0500271077597825,0.0,0.31730465640509214,0.0,0.9483236552061993,1
1005.2665487655215,LHR-CTRL0002,hand_right,0.7999695023048632,0.9315795603745872,-1.3509785880717546,0.0,0.31730465640509214,0.0,0.9483236552061993,1
1005.2666274049965,LHR-TRKR0002,foot_left,0.5200797409628669,0.08097846169528342,-1.1389071678661362,0.0,0.31730465640509214,0.0,0.9483236552061993,1
1005.2668274097258,LHR-HMD00001,head,0.5997868969071111,1.6815162781955342,-1.199734304568519,0.0,0.31730465640509214,0.0,0.9483236552061993,1
1005.2677370627154,LHR-TRKR0001,pelvis,0.5998775903605027,0.9801966676194461,-1.2010654223885364,0.0,0.31730465640509214,0.0,0.9483236552061993,1
1005.2751440652972,LHR-TRKR0002,foot_left,0.5219830874829247,0.08043078547360558,-1.1389536468155825,0.0,0.31730465640509214,0.0,0.9483236552061993,1
1005.277081448215,LHR-CTRL0002,hand_right,0.8001976578188515,0.9301435242921736,-1.3508768207422999,0.0,0.31730465640509214,0.0,0.9483236552061993,1
1005.2771731649029,LHR-TRKR0001,pelvis,0.6004751794206279,0.979968688232925,-1.1987147965057383,0.0,0.31730465640509214,0.0,0.9483236552061993,1
1005.2781126743686,LHR-CTRL0001,hand_left,0.40022064694847154,0.9291942557404004,-1.0477120424396633,0.0,0.31730465640509214,0.0,0.9483236552061993,1
1005.2791786660641,LHR-HMD00001,head,0.6010096008758218,1.677608278828462,-1.2005478630058886,0.0,0.31730465640509214,0.0,0.9483236552061993,1
1005.286293338779,LHR-TRKR0001,pelvis,0.5990169401401595,0.9800832481566768,-1.1989152523828353,0.0,0.31730465640509214,0.0,0.9483236552061993,1
1005.2884951819801,LHR-HMD00001,head,0.6002509940712968,1.678102449083315,-1.2009481393572927,0.0,0.31730465640509214,0.0,0.9483236552061993,1
1005.289433135435,LHR-TRKR0002,foot_left,0.5232534340233636,0.08000400329427382,-1.1408656386015947,0.0,0.31730465640509214,0.0,0.9483236552061993,1
1005.2896306204249,LHR-CTRL0002,hand_right,0.7993741313422991,0.9271385739958372,-1.3494937993457603,0.0,0.31730465640509214,0.0,0.9483236552061993,1
1005.2897263429519,LHR-CTRL0001,hand_left,0.3998977677635266,0.9263563744076644,-1.0488896926017266,0.0,0.31730465640509214,0.0,0.9483236552061993,1
1005.2997075606027,LHR-TRKR0001,pelvis,0.5996934723554022,0.9755520107697175,-1.2016668820825036,0.0,0.31730465640509214,0.0,0.9483236552061993,1
1005.2997473114187,LHR-HMD00001,head,0.5994728410598732,1.6755801514945992,-1.1999553208331313,0.0,0.31730465640509214,0.0,0.9483236552061993,1
1005.299791181939,LHR-TRKR0002,foot_left,0.5205049278165405,0.08015075573555283,-1.139986826823897,0.0,0.31730465640509214,0.0,0.9483236552061993,1
1005.3006753081364,LHR-CTRL0002,hand_right,0.8005652816994063,0.9266507260113815,-1.3496616132947614,0.0,0.31730465640509214,0.0,0.9483236552061993,1
1005.3017368394126,LHR-CTRL0001,hand_left,0.39933101791245273,0.9251693696640174,-1.0492496652150514,0.0,0.31730465640509214,0.0,0.9483236552061993,1
1005.3072116893811,LHR-HMD00001,head,0.6007005642507399,1.6747304150328757,-1.200153054054366,0.0,0.31730465640509214,0.0,0.9483236552061993,1
1005.3090220891081,LHR-TRKR0002,foot_left,0.5204574149429703,0.08101667257764224,-1.1402822065628235,0.0,0.31730465640509214,0.0,0.9483236552061993,1
1005.310950150084,LHR-CTRL0001,hand_left,0.3999968609503014,0.9231633266170371,-1.0495716588066815,0.0,0.31730465640509214,0.0,0.9483236552061993,1
1005.3120313195465,LHR-TRKR0001,pelvis,0.6007769039056483,0.9753957724670502,-1.2007948101679968,0.0,0.31730465640509214,0.0,0.9483236552061993,1
1005.3125936155416,LHR-CTRL0002,hand_right,0.8004383397063448,0.924617523172519,-1.3506157784908783,0.0,0.31730465640509214,0.0,0.9483236552061993,1
1005.321206963591,LHR-CTRL0002,hand_right,0.8005125323465029,0.9233610198323372,-1.349905852754664,0.0,0.31730465640509214,0.0,0.9483236552061993,1
1005.3226855525614,LHR-HMD00001,head,0.5979058224953504,1.671462317358799,-1.1981470199447797,0.0,0.31730465640509214,0.0,0.9483236552061993,1
1005.323018482082,LHR-TRKR0002,foot_left,0.5196752015139787,0.07892606344803305,-1.1385142129480463,0.0,0.31730465640509214,0.0,0.9483236552061993,1
1005.3231777879065,LHR-CTRL0001,hand_left,0.3992036303212444,0.9225730718625303,-1.0507211381398804,0.0,0.31730465640509214,0.0,0.9483236552061993,1
1005.3234084533159,LHR-TRKR0001,pelvis,0.599913516380874,0.9711927060406089,-1.1997804179217764,0.0,0.31730465640509214,0.0,0.9483236552061993,1
1005.3326254709052,LHR-TRKR0002,foot_left,0.5221080183000396,0.07885414230074529,-1.1427607308329102,0.0,0.31730465640509214,0.0,0.9483236552061993,1
1005.3330386068484,LHR-CTRL0001,hand_left,0.39997141913377054,0.922592067516641,-1.0504101459048427,0.0,0.31730465640509214,0.0,0.9483236552061993,1
1005.3338804289947,LHR-HMD00001,head,0.598285292372983,1.672027818365483,-1.2002978917908442,0.0,0.31730465640509214,0.0,0.9483236552061993,1
1005.3354773815962,LHR-CTRL0002,hand_right,0.8007313187072537,0.9198903019006578,-1.3521332344754085,0.0,0.31730465640509214,0.0,0.9483236552061993,1
1005.3354967264208,LHR-TRKR0001,pelvis,0.5998561513827642,0.9702656236841158,-1.1987395079986938,0.0,0.31730465640509214,0.0,0.9483236552061993,1
1005.3437098417318,LHR-CTRL0001,hand_left,0.40035987871778833,0.9200428194133785,-1.0484420837385202,0.0,0.31730465640509214,0.0,0.9483236552061993,1
1005.3438775799307,LHR-TRKR0002,foot_left,0.5194777972807497,0.08026583845944743,-1.1392255670250344,0.0,0.31730465640509214,0.0,0.9483236552061993,1
1005.3442194018853,LHR-CTRL0002,hand_right,0.799778884467391,0.9195494237144218,-1.3502766970155755,0.0,0.31730465640509214,0.0,0.9483236552061993,1
1005.3450397657165,LHR-TRKR0001,pelvis,0.5982826613753862,0.969071131360648,-1.2019474764387124,0.0,0.31730465640509214,0.0,0.9483236552061993,1
1005.346208203514,LHR-HMD00001,head,0.5980367982515025,1.6700120907826144,-1.1987159311072755,0.0,0.31730465640509214,0.0,0.9483236552061993,1
1005.3550687943448,LHR-HMD00001,head,0.5994967517776717,1.66786722117448,-1.200355894536084,0.0,0.31730465640509214,0.0,0.9483236552061993,1
1005.3553491684808,LHR-CTRL0002,hand_right,0.8005377225741332,0.9166867050937302,-1.3498598109043753,0.0,0.31730465640509214,0.0,0.9483236552061993,1
1005.3562006448672,LHR-CTRL0001,hand_left,0.4009934962670008,0.9167565707938896,-1.048376250583433,0.0,0.31730465640509214,0.0,0.9483236552061993,1
1005.3565447580995,LHR-TRKR0002,foot_left,0.5213749310124719,0.07885560714636547,-1.1406621603068217,0.0,0.31730465640509214,0.0,0.9483236552061993,1
1005.3568298200331,LHR-TRKR0001,pelvis,0.5994956277410581,0.9650601514297541,-1.199843112271575,0.0,0.31730465640509214,0.0,0.9483236552061993,1
1005.3664153678768,LHR-CTRL0001,hand_left,0.39993680213621885,0.9170224589967959,-1.0493356796129394,0.0,0.31730465640509214,0.0,0.9483236552061993,1
1005.3664893181668,LHR-TRKR0001,pelvis,0.5987221519108656,0.96387504081872,-1.1975853266157965,0.0,0.31730465640509214,0.0,0.9483236552061993,1
1005.3667106941873,LHR-CTRL0002,hand_right,0.7994792043368488,0.9147983400079442,-1.350891814607684,0.0,0.31730465640509214,0.0,0.9483236552061993,1
1005.3667608208228,LHR-HMD00001,head,0.6000509262739535,1.6650666198121697,-1.2002310105532474,0.0,0.31730465640509214,0.0,0.9483236552061993,1
1005.3670067770394,LHR-TRKR0002,foot_left,0.5189930163689267,0.08015276477503343,-1.1394090609738028,0.0,0.31730465640509214,0.0,0.9483236552061993,1
1005.3762172423608,LHR-TRKR0001,pelvis,0.6010239015462207,0.9617750655213666,-1.2017597491923953,0.0,0.31730465640509214,0.0,0.9483236552061993,1
1005.3770722498231,LHR-HMD00001,head,0.6005243726217937,1.663389650252581,-1.2005228848885408,0.0,0.31730465640509214,0.0,0.9483236552061993,1
1005.3781942604622,LHR-TRKR0002,foot_left,0.5216719373123646,0.08075541310121569,-1.1396747626365047,0.0,0.31730465640509214,0.0,0.9483236552061993,1
1005.3782493526631,LHR-CTRL0002,hand_right,0.8011160378592173,0.914466752964308,-1.351017451358015,0.0,0.31730465640509214,0.0,0.9483236552061993,1
1005.3784361994976,LHR-CTRL0001,hand_left,0.3987756016244572,0.9152143726809028,-1.0500047703244255,0.0,0.31730465640509214,0.0,0.9483236552061993,1
1005.387712631824,LHR-HMD00001,head,0.6002959931604905,1.660483346573317,-1.1998661813436766,0.0,0.31730465640509214,0.0,0.9483236552061993,1
1005.3884831606329,LHR-CTRL0002,hand_right,0.7971880472745635,0.9093425333033149,-1.3500594032855187,0.0,0.31730465640509214,0.0,0.9483236552061993,1
1005.3886061728173,LHR-TRKR0001,pelvis,0.5994850833706435,0.9600197257717007,-1.1982357423535819,0.0,0.31730465640509214,0.0,0.9483236552061993,1
1005.389181388223,LHR-CTRL0001,hand_left,0.4007847027634255,0.9116481019410658,-1.0485104620499772,0.0,0.31730465640509214,0.0,0.9483236552061993,1
1005.3898385037337,LHR-TRKR0002,foot_left,0.5205586976395997,0.07997689001189524,-1.1396291504984994,0.0,0.31730465640509214,0.0,0.9483236552061993,1
1005.3990240995923,LHR-CTRL0001,hand_left,0.3996017524615477,0.9083017865950863,-1.049460208456289,0.0,0.31730465640509214,0.0,0.9483236552061993,1
1005.3992233530893,LHR-TRKR0002,foot_left,0.5182758100074251,0.08041322315110451,-1.1400926824258855,0.0,0.31730465640509214,0.0,0.9483236552061993,1
1005.3992868920333,LHR-HMD00001,head,0.5995031304007773,1.6588772617517644,-1.198399354109821,0.0,0.31730465640509214,0.0,0.9483236552061993,1
1005.3997237795725,LHR-CTRL0002,hand_right,0.800355618624147,0.9083168611436858,-1.3509376846010566,0.0,0.31730465640509214,0.0,0.9483236552061993,1
1005.4006129955095,LHR-TRKR0001,pelvis,0.5995297349882484,0.9598928964777717,-1.2004806188762414,0.0,0.31730465640509214,0.0,0.9483236552061993,1
1005.4100101188852,LHR-CTRL0001,hand_left,0.40332451192609586,0.9071461965542033,-1.0495871905788732,0.0,0.31730465640509214,0.0,0.9483236552061993,1
1005.4100860670403,LHR-TRKR0002,foot_left,0.521137429583786,0.08119626997988053,-1.1408938514120204,0.0,0.31730465640509214,0.0,0.9483236552061993,1
1005.4107217172119,LHR-CTRL0002,hand_right,0.7999555016174944,0.9074188025499431,-1.350678610867828,0.0,0.31730465640509214,0.0,0.9483236552061993,1
1005.4107661125871,LHR-HMD00001,head,0.5993461085769631,1.6550625145359,-1.19840585453658,0.0,0.31730465640509214,0.0,0.9483236552061993,1
1005.4108957102077,LHR-TRKR0001,pelvis,0.5997332747388361,0.9567036638418666,-1.2011680351020093,0.0,0.31730465640509214,0.0,0.9483236552061993,1
1005.4209600737374,LHR-TRKR0001,pelvis,0.5996566983465111,0.9546829950278058,-1.2009694155988724,0.0,0.31730465640509214,0.0,0.9483236552061993,1
1005.4211862124536,LHR-CTRL0001,hand_left,0.4005869799727005,0.905396117068487,-1.047759558624512,0.0,0.31730465640509214,0.0,0.9483236552061993,1
1005.4220542425578,LHR-TRKR0002,foot_left,0.5183243351739164,0.07982979437367682,-1.140196413105243,0.0,0.31730465640509214,0.0,0.9483236552061993,1
1005.4235776602509,LHR-HMD00001,head,0.6002924444050733,1.653303469263746,-1.2002496499322595,0.0,0.31730465640509214,0.0,0.9483236552061993,1
1005.4236652352723,LHR-CTRL0002,hand_right,0.7991201361830351,0.9043584422891644,-1.3499043661351673,0.0,0.31730465640509214,0.0,0.9483236552061993,1
1005.4318506979163,LHR-CTRL0002,hand_right,0.7999680975199372,0.9011739745814651,-1.3493378365359898,0.0,0.31730465640509214,0.0,0.9483236552061993,1
1005.4326739286919,LHR-CTRL0001,hand_left,0.40022088902300335,0.9014786405366028,-1.0501396745656022,0.0,0.31730465640509214,0.0,0.9483236552061993,1
1005.4333355449359,LHR-HMD00001,head,0.5990862489385266,1.6528950720036841,-1.199286660991741,0.0,0.31730465640509214,0.0,0.9483236552061993,1
1005.4336020669163,LHR-TRKR0001,pelvis,0.5992492741403576,0.9520350848987152,-1.1999664278063058,0.0,0.31730465640509214,0.0,0.9483236552061993,1
1005.4346829774856,LHR-TRKR0002,foot_left,0.5195309440861337,0.07976011762766234,-1.1403242368892077,0.0,0.31730465640509214,0.0,0.9483236552061993,1
1005.4434504389984,LHR-CTRL0002,hand_right,0.7995786203261619,0.8990379260320512,-1.3502736405332814,0.0,0.31730465640509214,0.0,0.9483236552061993,1
1005.4436538996348,LHR-HMD00001,head,0.6006285723575042,1.6500309357421319,-1.2020500416442335,0.0,0.31730465640509214,0.0,0.9483236552061993,1
1005.4440197252952,LHR-TRKR0002,foot_left,0.5213894557667668,0.07941203825894765,-1.1400970352065205,0.0,0.31730465640509214,0.0,0.9483236552061993,1
1005.4449571673675,LHR-TRKR0001,pelvis,0.5996289419186803,0.9495769395033458,-1.2009368162168252,0.0,0.31730465640509214,0.0,0.9483236552061993,1
1005.4453519722387,LHR-CTRL0001,hand_left,0.3997577533384934,0.900344838566479,-1.0490484894119096,0.0,0.31730465640509214,0.0,0.9483236552061993,1
1005.4553085678336,LHR-TRKR0001,pelvis,0.5988202647318656,0.9459353929419436,-1.2013184047772278,0.0,0.31730465640509214,0.0,0.9483236552061993,1
1005.455312143371,LHR-CTRL0002,hand_right,0.7988477155885637,0.8978850601908247,-1.349521321896614,0.0,0.31730465640509214,0.0,0.9483236552061993,1
1005.4554430078641,LHR-CTRL0001,hand_left,0.40105416225848295,0.8990674645138593,-1.049769448656339,0.0,0.31730465640509214,0.0,0.9483236552061993,1
1005.4556974333838,LHR-HMD00001,head,0.5988130216047226,1.6475456373993407,-1.202654948914205,0.0,0.31730465640509214,0.0,0.9483236552061993,1
1005.4564367958686,LHR-TRKR0002,foot_left,0.5193786560174124,0.08038649158461082,-1.140954840010918,0.0,0.31730465640509214,0.0,0.9483236552061993,1
1005.4665107646225,LHR-CTRL0002,hand_right,0.7992811499253498,0.8975400466453496,-1.3506599332071967,0.0,0.31730465640509214,0.0,0.9483236552061993,1
1005.4667367865179,LHR-TRKR0002,foot_left,0.5197006155185878,0.08034042146318386,-1.141053848371723,0.0,0.31730465640509214,0.0,0.9483236552061993,1
1005.4668842380222,LHR-HMD00001,head,0.5999207443853225,1.6438265712912759,-1.1993667062995688,0.0,0.31730465640509214,0.0,0.9483236552061993,1
1005.4672670681073,LHR-TRKR0001,pelvis,0.5990315619878519,0.9439230728102492,-1.2001833211124195,0.0,0.31730465640509214,0.0,0.9483236552061993,1
1005.4680893350403,LHR-CTRL0001,hand_left,0.4014399719681461,0.8950539694008478,-1.0499980608082493,0.0,0.31730465640509214,0.0,0.9483236552061993,1
1005.4765036700617,LHR-CTRL0002,hand_right,0.8003648671119866,0.8921869913681434,-1.3499664645014047,0.0,0.31730465640509214,0.0,0.9483236552061993,1
1005.4771015457218,LHR-HMD00001,head,0.5998033986195621,1.6436767169187176,-1.1996623453305741,0.0,0.31730465640509214,0.0,0.9483236552061993,1
1005.4774769295749,LHR-TRKR0001,pelvis,0.6001352831857958,0.942096999873875,-1.1988711544942559,0.0,0.31730465640509214,0.0,0.9483236552061993,1
1005.477629708547,LHR-TRKR0002,foot_left,0.5196699646647406,0.07952641489063517,-1.1404396040737512,0.0,0.31730465640509214,0.0,0.9483236552061993,1
1005.4783233794196,LHR-CTRL0001,hand_left,0.39985552872507185,0.8920330016247523,-1.0494499751166968,0.0,0.31730465640509214,0.0,0.9483236552061993,1
1005.4881176568905,LHR-CTRL0002,hand_right,0.7988440594021343,0.8904912085936556,-1.3488236942828147,0.0,0.31730465640509214,0.0,0.9483236552061993,1
1005.4881828153934,LHR-TRKR0001,pelvis,0.6002280020000664,0.9410582938258507,-1.1987950252133495,0.0,0.31730465640509214,0.0,0.9483236552061993,1
1005.4885118399677,LHR-TRKR0002,foot_left,0.5185565980336604,0.07950692381619036,-1.1391063666419992,0.0,0.31730465640509214,0.0,0.9483236552061993,1
1005.4887111086844,LHR-CTRL0001,hand_left,0.40129056094419324,0.891070994416853,-1.0492273761937378,0.0,0.31730465640509214,0.0,0.9483236552061993,1
1005.4900321225156,LHR-HMD00001,head,0.6001137487520243,1.6387728431748507,-1.1993722913784641,0.0,0.31730465640509214,0.0,0.9483236552061993,1
1005.4981116511091,LHR-HMD00001,head,0.6023792826085941,1.6362172013906742,-1.2010237343924082,0.0,0.31730465640509214,0.0,0.9483236552061993,1
1005.4988533762498,LHR-TRKR0002,foot_left,0.521377770134406,0.08088799343134673,-1.1392389986968827,0.0,0.31730465640509214,0.0,0.9483236552061993,1
1005.499143724757,LHR-CTRL0001,hand_left,0.40139885758279525,0.887962423546242,-1.0491956909278175,0.0,0.31730465640509214,0.0,0.9483236552061993,1
1005.4994616166795,LHR-CTRL0002,hand_right,0.7983646399141577,0.8862210351237638,-1.3512409526303548,0.0,0.31730465640509214,0.0,0.9483236552061993,1
1005.5011056949074,LHR-TRKR0001,pelvis,0.5997387719369639,0.9367512465292832,-1.2000275033280234,0.0,0.31730465640509214,0.0,0.9483236552061993,1
1005.5091463439534,LHR-CTRL0001,hand_left,0.4002181739240754,0.8874174782913571,-1.047912324494599,0.0,0.31730465640509214,0.0,0.9483236552061993,1
1005.510897566483,LHR-HMD00001,head,0.6016640926832121,1.6355249776042773,-1.2002959296194224,0.0,0.31730465640509214,0.0,0.9483236552061993,1
1005.5109733405579,LHR-TRKR0002,foot_left,0.5200953010640381,0.07876379738797179,-1.1388823540465418,0.0,0.31730465640509214,0.0,0.9483236552061993,1
1005.511842971911,LHR-CTRL0002,hand_right,0.7997984696949703,0.8856167417318694,-1.3501824996115175,0.0,0.31730465640509214,0.0,0.9483236552061993,1
1005.5119000688097,LHR-TRKR0001,pelvis,0.5989385284981728,0.9355484044895095,-1.200360705389058,0.0,0.31730465640509214,0.0,0.9483236552061993,1
1005.5211850033717,LHR-TRKR0002,foot_left,0.519008749057016,0.07943953889348906,-1.1399514009529732,0.0,0.31730465640509214,0.0,0.9483236552061993,1
1005.5219421171473,LHR-TRKR0001,pelvis,0.5987455011778859,0.9312572183628899,-1.199753626917415,0.0,0.31730465640509214,0.0,0.9483236552061993,1
1005.5226439587087,LHR-CTRL0002,hand_right,0.8006363932844909,0.8821463327677367,-1.351209963751181,0.0,0.31730465640509214,0.0,0.9483236552061993,1
1005.5228872882878,LHR-HMD00001,head,0.6007819784280239,1.632573569029735,-1.2006526219432223,0.0,0.31730465640509214,0.0,0.9483236552061993,1
1005.523307156725,LHR-CTRL0001,hand_left,0.3998498276773217,0.8830142872779155,-1.0493059839589989,0.0,0.31730465640509214,0.0,0.9483236552061993,1
1005.5319949008139,LHR-HMD00001,head,0.5993317090882317,1.630966391077206,-1.199656695281099,0.0,0.31730465640509214,0.0,0.9483236552061993,1
1005.533377775079,LHR-TRKR0002,foot_left,0.5191150389493009,0.07973669181827567,-1.1386515249883156,0.0,0.31730465640509214,0.0,0.9483236552061993,1
1005.5334937674645,LHR-TRKR0001,pelvis,0.5997731180557113,0.9306324479025316,-1.1992574309424457,0.0,0.31730465640509214,0.0,0.9483236552061993,1
1005.5343146229045,LHR-CTRL0002,hand_right,0.7998807139998062,0.8784525553418613,-1.3508572705539656,0.0,0.31730465640509214,0.0,0.9483236552061993,1
1005.5346378114499,LHR-CTRL0001,hand_left,0.4001143107731901,0.8802294047087086,-1.0493656975246568,0.0,0.31730465640509214,0.0,0.9483236552061993,1
1005.543848381153,LHR-CTRL0002,hand_right,0.7994660522086618,0.8760437838579492,-1.3493532622359408,0.0,0.31730465640509214,0.0,0.9483236552061993,1
1005.5442110099311,LHR-CTRL0001,hand_left,0.400500967863984,0.8769965034925944,-1.0496398029453324,0.0,0.31730465640509214,0.0,0.9483236552061993,1
1005.5448056981932,LHR-HMD00001,head,0.6010776824810946,1.627735126578122,-1.2006139953123962,0.0,0.31730465640509214,0.0,0.9483236552061993,1
1005.5460666466164,LHR-TRKR0002,foot_left,0.5194854331110574,0.07990264805542434,-1.1398375897808142,0.0,0.31730465640509214,0.0,0.9483236552061993,1
1005.5462512557655,LHR-TRKR0001,pelvis,0.6014956682155196,0.926481216667098,-1.1990902778299104,0.0,0.31730465640509214,0.0,0.9483236552061993,1
1005.5543900786654,LHR-CTRL0002,hand_right,0.8002069163203465,0.873170622884815,-1.3496561510440774,0.0,0.31730465640509214,0.0,0.9483236552061993,1
1005.5566378276495,LHR-TRKR0001,pelvis,0.599319166895396,0.9247352949659958,-1.2008287296010487,0.0,0.31730465640509214,0.0,0.9483236552061993,1
1005.5568484486057,LHR-HMD00001,head,0.6015241161621351,1.6232758301988195,-1.2004532950764406,0.0,0.31730465640509214,0.0,0.9483236552061993,1
1005.5573043343633,LHR-CTRL0001,hand_left,0.39898925785856,0.873426681331436,-1.0496280445511263,0.0,0.31730465640509214,0.0,0.9483236552061993,1
1005.557505363613,LHR-TRKR0002,foot_left,0.5214907650421985,0.08049049265182982,-1.140224263029774,0.0,0.31730465640509214,0.0,0.9483236552061993,1
1005.5646183291457,LHR-TRKR0001,pelvis,0.6010542797490498,0.9221084688023743,-1.1996202396611593,0.0,0.31730465640509214,0.0,0.9483236552061993,1
1005.5666021390297,LHR-CTRL0001,hand_left,0.4012205435206326,0.8734455805340654,-1.049186553021017,0.0,0.31730465640509214,0.0,0.9483236552061993,1
1005.5668693030555,LHR-TRKR0002,foot_left,0.5210279063378773,0.08056023778403021,-1.1407882846989268,0.0,0.31730465640509214,0.0,0.9483236552061993,1
1005.567120337931,LHR-HMD00001,head,0.5992172178392009,1.6203145004603892,-1.199377406336394,0.0,0.31730465640509214,0.0,0.9483236552061993,1
1005.5674202143966,LHR-CTRL0002,hand_right,0.7993188733706914,0.871231637759035,-1.3503758667785124,0.0,0.31730465640509214,0.0,0.9483236552061993,1
1005.5760876178348,LHR-HMD00001,head,0.598947146773046,1.6188458273332298,-1.1990572270763054,0.0,0.31730465640509214,0.0,0.9483236552061993,1
1005.5771773283374,LHR-CTRL0002,hand_right,0.7993177500900692,0.8706278586657937,-1.3512501404091224,0.0,0.31730465640509214,0.0,0.9483236552061993,1
1005.5777538623107,LHR-CTRL0001,hand_left,0.39915495643579474,0.8683921688952612,-1.0491176430044689,0.0,0.31730465640509214,0.0,0.9483236552061993,1
1005.5777567518587,LHR-TRKR0001,pelvis,0.5993625291227813,0.9202985849644434,-1.2002728877362512,0.0,0.31730465640509214,0.0,0.9483236552061993,1
1005.5781898153108,LHR-TRKR0002,foot_left,0.5192355421809346,0.07903320146076599,-1.1407709834175936,0.0,0.31730465640509214,0.0,0.9483236552061993,1
1005.5876212853469,LHR-CTRL0002,hand_right,0.7983483305423428,0.8658701718720312,-1.3503099805481147,0.0,0.31730465640509214,0.0,0.9483236552061993,1
1005.5881606938614,LHR-HMD00001,head,0.6008652131498071,1.615941345304516,-1.2013080394360869,0.0,0.31730465640509214,0.0,0.9483236552061993,1
1005.5883475982157,LHR-TRKR0001,pelvis,0.5999351006437977,0.9154229091676022,-1.2009049560622653,0.0,0.31730465640509214,0.0,0.9483236552061993,1
1005.5900154503174,LHR-TRKR0002,foot_left,0.5213799374419569,0.08013521294859662,-1.1399275282342434,0.0,0.31730465640509214,0.0,0.9483236552061993,1
1005.5900293561937,LHR-CTRL0001,hand_left,0.39984722226779384,0.86500089465028,-1.0498537678862754,0.0,0.31730465640509214,0.0,0.9483236552061993,1
1005.5981728826036,LHR-TRKR0001,pelvis,0.5986592702458544,0.914728430993097,-1.2008314341868511,0.0,0.31730465640509214,0.0,0.9483236552061993,1
1005.5989308359957,LHR-TRKR0002,foot_left,0.5202574942373225,0.07990853388990127,-1.1397597158635706,0.0,0.31730465640509214,0.0,0.9483236552061993,1
1005.5993080223565,LHR-CTRL0002,hand_right,0.7974277172631029,0.8626357256334329,-1.3517127792652468,0.0,0.31730465640509214,0.0,0.9483236552061993,1
1005.6000124354043,LHR-CTRL0001,hand_left,0.4003265264015553,0.8640346598297058,-1.0504713607684533,0.0,0.31730465640509214,0.0,0.9483236552061993,1
1005.6012323034025,LHR-HMD00001,head,0.5998957463498031,1.611722303786564,-1.2010104242084854,0.0,0.31730465640509214,0.0,0.9483236552061993,1
1005.6092897126317,LHR-TRKR0001,pelvis,0.5995036890156676,0.9121006883753017,-1.2009937669120099,0.0,0.31730465640509214,0.0,0.9483236552061993,1
1005.6104478249922,LHR-TRKR0002,foot_left,0.521034152829606,0.081937983553528,-1.1398425014447477,0.0,0.31730465640509214,0.0,0.9483236552061993,1
1005.610656837357,LHR-CTRL0001,hand_left,0.4001997238310117,0.8615990807512492,-1.0488560735121053,0.0,0.31730465640509214,0.0,0.9483236552061993,1
1005.6111268864807,LHR-CTRL0002,hand_right,0.7973961368269352,0.8605337958375213,-1.3509059355100195,0.0,0.31730465640509214,0.0,0.9483236552061993,1
1005.6114094463561,LHR-HMD00001,head,0.5996122237016691,1.6106174440739192,-1.2005552302116715,0.0,0.31730465640509214,0.0,0.9483236552061993,1
1005.6202606032074,LHR-CTRL0002,hand_right,0.7999554658948493,0.8583830835894182,-1.3515437803975208,0.0,0.31730465640509214,0.0,0.9483236552061993,1
1005.621192536943,LHR-TRKR0002,foot_left,0.5196793512421716,0.0777049202611488,-1.1396898693977882,0.0,0.31730465640509214,0.0,0.9483236552061993,1
1005.6218635552029,LHR-CTRL0001,hand_left,0.4014767996754653,0.8586714787837162,-1.0494340440294474,0.0,0.31730465640509214,0.0,0.9483236552061993,1
1005.6218691049245,LHR-TRKR0001,pelvis,0.5992199430333969,0.9078654255854062,-1.198539337335731,0.0,0.31730465640509214,0.0,0.9483236552061993,1
1005.6222123632838,LHR-HMD00001,head,0.5998546550985591,1.6094387997560204,-1.1993728738381415,0.0,0.31730465640509214,0.0,0.9483236552061993,1
1005.6316148198703,LHR-CTRL0001,hand_left,0.4024830440039063,0.8556286980269144,-1.047899695929552,0.0,0.31730465640509214,0.0,0.9483236552061993,1
1005.632111869499,LHR-TRKR0001,pelvis,0.600076545126805,0.9059624541617091,-1.2003902009656566,0.0,0.31730465640509214,0.0,0.9483236552061993,1
1005.6327029371181,LHR-TRKR0002,foot_left,0.5191977006235681,0.08130718669915352,-1.1391398679544065,0.0,0.31730465640509214,0.0,0.9483236552061993,1
1005.6329020537728,LHR-CTRL0002,hand_right,0.7987236019622541,0.8562313428694874,-1.3514536236406942,0.0,0.31730465640509214,0.0,0.9483236552061993,1
1005.6337745339281,LHR-HMD00001,head,0.6013792262573543,1.6060241784316058,-1.1997680183310806,0.0,0.31730465640509214,0.0,0.9483236552061993,1
1005.6429580146354,LHR-TRKR0002,foot_left,0.5203524401215193,0.07965777776956713,-1.1391189755761482,0.0,0.31730465640509214,0.0,0.9483236552061993,1
1005.6435009091198,LHR-TRKR0001,pelvis,0.6009133542496421,0.9016897830132449,-1.1998918444605262,0.0,0.31730465640509214,0.0,0.9483236552061993,1
1005.6443663331809,LHR-CTRL0001,hand_left,0.3998208470101548,0.8535887851630058,-1.0509973476740522,0.0,0.31730465640509214,0.0,0.9483236552061993,1
1005.6451654933944,LHR-HMD00001,head,0.5987861597255966,1.6008895338183315,-1.2000205852785333,0.0,0.31730465640509214,0.0,0.9483236552061993,1
1005.645535548991,LHR-CTRL0002,hand_right,0.800408390713952,0.8523326395261394,-1.3510369696488596,0.0,0.31730465640509214,0.0,0.9483236552061993,1
1005.6544936362396,LHR-TRKR0002,foot_left,0.5195842778312711,0.08024930805931094,-1.1410559583494684,0.0,0.31730465640509214,0.0,0.9483236552061993,1
1005.654847090319,LHR-HMD00001,head,0.5995913923854872,1.598811865065549,-1.19959029538705,0.0,0.31730465640509214,0.0,0.9483236552061993,1
1005.6550426218039,LHR-CTRL0002,hand_right,0.7997570155859254,0.8488735936785328,-1.349366300915498,0.0,0.31730465640509214,0.0,0.9483236552061993,1
1005.6555355710163,LHR-CTRL0001,hand_left,0.4010934716595672,0.8489199302546758,-1.049862154842589,0.0,0.31730465640509214,0.0,0.9483236552061993,1
1005.6562213251663,LHR-TRKR0001,pelvis,0.6005251012964334,0.8991827240526693,-1.1991270822837317,0.0,0.31730465640509214,0.0,0.9483236552061993,1
1005.6660767811795,LHR-TRKR0002,foot_left,0.5210369511673982,0.08028168995290945,-1.1392692063053986,0.0,0.31730465640509214,0.0,0.9483236552061993,1
1005.6663762665866,LHR-HMD00001,head,0.6012240791782654,1.596712802252915,-1.199914164440759,0.0,0.31730465640509214,0.0,0.9483236552061993,1
1005.6665573563397,LHR-TRKR0001,pelvis,0.6001777504536314,0.8974712338357094,-1.2004110521362585,0.0,0.31730465640509214,0.0,0.9483236552061993,1
1005.6673661786931,LHR-CTRL0002,hand_right,0.7980083592167918,0.8463444169703807,-1.3513257416345084,0.0,0.31730465640509214,0.0,0.9483236552061993,1
1005.6678855121405,LHR-CTRL0001,hand_left,0.4000818247635508,0.84578510738732,-1.0523067137417725,0.0,0.31730465640509214,0.0,0.9483236552061993,1
1005.6774651637807,LHR-TRKR0001,pelvis,0.6008890035236477,0.8941959615857937,-1.1990239677774692,0.0,0.31730465640509214,0.0,0.9483236552061993,1
1005.6779206914275,LHR-HMD00001,head,0.5994530351319838,1.5931107847859838,-1.1980263469631534,0.0,0.31730465640509214,0.0,0.9483236552061993,1
1005.6784217865141,LHR-CTRL0001,hand_left,0.40230112642586346,0.8432846101092287,-1.0509282804213043,0.0,0.31730465640509214,0.0,0.9483236552061993,1
1005.6785593657468,LHR-TRKR0002,foot_left,0.5183604002860265,0.07966225409587649,-1.1392999604480527,0.0,0.31730465640509214,0.0,0.9483236552061993,1
1005.6791783161426,LHR-CTRL0002,hand_right,0.8000351634356698,0.8429383440916273,-1.3510043936542593,0.0,0.31730465640509214,0.0,0.9483236552061993,1
1005.6872945772291,LHR-TRKR0002,foot_left,0.51752514236447,0.08020984211842365,-1.1405611359945673,0.0,0.31730465640509214,0.0,0.9483236552061993,1
1005.6881431865672,LHR-CTRL0001,hand_left,0.4015523371782815,0.8428148955260164,-1.049612625696804,0.0,0.31730465640509214,0.0,0.9483236552061993,1
1005.6883449311671,LHR-HMD00001,head,0.5987435889813725,1.5909352138852735,-1.2004471401479464,0.0,0.31730465640509214,0.0,0.9483236552061993,1
1005.689214454071,LHR-CTRL0002,hand_right,0.8000713015615836,0.8400924701906214,-1.349152784630859,0.0,0.31730465640509214,0.0,0.9483236552061993,1
1005.6895510549951,LHR-TRKR0001,pelvis,0.6007488264704194,0.8901989222996535,-1.2009471525738493,0.0,0.31730465640509214,0.0,0.9483236552061993,1
1005.6988258684138,LHR-TRKR0002,foot_left,0.5196790621149078,0.07976377505464873,-1.1396725091156632,0.0,0.31730465640509214,0.0,0.9483236552061993,1
1005.6993206750728,LHR-TRKR0001,pelvis,0.6008620851740757,0.8878302507045801,-1.1988562928436226,0.0,0.31730465640509214,0.0,0.9483236552061993,1
1005.6998665484415,LHR-HMD00001,head,0.5998901083656457,1.589147136907462,-1.1990062373658186,0.0,0.31730465640509214,0.0,0.9483236552061993,1
1005.7000268276603,LHR-CTRL0002,hand_right,0.7993862985817243,0.8379847250727697,-1.3506630601655762,0.0,0.31730465640509214,0.0,0.9483236552061993,1
1005.7008062657951,LHR-CTRL0001,hand_left,0.4001323333759939,0.8366282477062299,-1.0491503348190332,0.0,0.31730465640509214,0.0,0.9483236552061993,1
1005.7101562839126,LHR-TRKR0002,foot_left,0.5199045103982708,0.08031715308688216,-1.139046971154378,0.0,0.31730465640509214,0.0,0.9483236552061993,1
1005.7111033846347,LHR-CTRL0002,hand_right,0.7976663994824643,0.8347939588865887,-1.3522216504806037,0.0,0.31730465640509214,0.0,0.9483236552061993,1
1005.711171244367,LHR-TRKR0001,pelvis,0.6000244932796089,0.885874673090083,-1.2006082219382013,0.0,0.31730465640509214,0.0,0.9483236552061993,1
1005.7114042806802,LHR-CTRL0001,hand_left,0.3993325891361932,0.8370123125962048,-1.049707843424737,0.0,0.31730465640509214,0.0,0.9483236552061993,1
1005.7124089828723,LHR-HMD00001,head,0.5998598880024433,1.5859546372662119,-1.2007665471723008,0.0,0.31730465640509214,0.0,0.9483236552061993,1
1005.7212544023574,LHR-HMD00001,head,0.6003556771122042,1.5843005465132456,-1.2005775879393081,0.0,0.31730465640509214,0.0,0.9483236552061993,1
1005.7222692678192,LHR-TRKR0002,foot_left,0.5191552600671092,0.0786206580605877,-1.1399093532849107,0.0,0.31730465640509214,0.0,0.9483236552061993,1
1005.7233256144563,LHR-TRKR0001,pelvis,0.597367547457962,0.8818959591548895,-1.20087654626294,0.0,0.31730465640509214,0.0,0.9483236552061993,1
1005.7237883475723,LHR-CTRL0001,hand_left,0.40087454974771464,0.8309837313452515,-1.0501357973657086,0.0,0.31730465640509214,0.0,0.9483236552061993,1
1005.7244268305402,LHR-CTRL0002,hand_right,0.8003099998880526,0.8291816174031448,-1.3515121421650396,0.0,0.31730465640509214,0.0,0.9483236552061993,1
1005.7336403993171,LHR-CTRL0002,hand_right,0.7999828203036379,0.8309424911923878,-1.3496411928765861,0.0,0.31730465640509214,0.0,0.9483236552061993,1
1005.7338356160924,LHR-TRKR0001,pelvis,0.5987937659472223,0.8781335420566072,-1.2002461932394977,0.0,0.31730465640509214,0.0,0.9483236552061993,1
1005.7339651866845,LHR-TRKR0002,foot_left,0.5190618901692472,0.07927227483892411,-1.1413687345676184,0.0,0.31730465640509214,0.0,0.9483236552061993,1
1005.7342369535231,LHR-CTRL0001,hand_left,0.40072579293739957,0.828047575841002,-1.0486989807656315,0.0,0.31730465640509214,0.0,0.9483236552061993,1
1005.7352599960425,LHR-HMD00001,head,0.6002051174073713,1.5803568910231292,-1.2008424775530864,0.0,0.31730465640509214,0.0,0.9483236552061993,1
1005.7436991491205,LHR-TRKR0001,pelvis,0.6020669889549817,0.8735432713368061,-1.2002985497590208,0.0,0.31730465640509214,0.0,0.9483236552061993,1
1005.74434079427,LHR-CTRL0001,hand_left,0.39953659872126435,0.8267895725883995,-1.0504632770510416,0.0,0.31730465640509214,0.0,0.9483236552061993,1
1005.744797209225,LHR-TRKR0002,foot_left,0.5212112379659727,0.08116312790160202,-1.1395700966239888,0.0,0.31730465640509214,0.0,0.9483236552061993,1
1005.7450470349969,LHR-CTRL0002,hand_right,0.7994233856552185,0.825899234670572,-1.349914666407843,0.0,0.31730465640509214,0.0,0.9483236552061993,1
1005.7463237888218,LHR-HMD00001,head,0.60006432514554,1.5756476199535412,-1.2011169430958077,0.0,0.31730465640509214,0.0,0.9483236552061993,1
1005.7538421161177,LHR-HMD00001,head,0.6004042611097851,1.5731500181488343,-1.1983442455497622,0.0,0.31730465640509214,0.0,0.9483236552061993,1
1005.7547749192195,LHR-TRKR0001,pelvis,0.6022292545600831,0.8727407656601912,-1.1990929906289336,0.0,0.31730465640509214,0.0,0.9483236552061993,1
1005.7565185515814,LHR-CTRL0002,hand_right,0.799989939061066,0.8217324828237387,-1.348806882096941,0.0,0.31730465640509214,0.0,0.9483236552061993,1
1005.756599289368,LHR-CTRL0001,hand_left,0.4012477067556058,0.8218253016050925,-1.0496172380354583,0.0,0.31730465640509214,0.0,0.9483236552061993,1
1005.7567802481541,LHR-TRKR0002,foot_left,0.5222208306852024,0.08036428948462201,-1.1408228326704626,0.0,0.31730465640509214,0.0,0.9483236552061993,1
1005.7659655581706,LHR-TRKR0001,pelvis,0.5981102004857567,0.8707489488431598,-1.2005759339877078,0.0,0.31730465640509214,0.0,0.9483236552061993,1
1005.7662701676103,LHR-CTRL0002,hand_right,0.8005157486791837,0.8213225408227046,-1.3504407142001835,0.0,0.31730465640509214,0.0,0.9483236552061993,1
1005.7662936121578,LHR-CTRL0001,hand_left,0.40022636361276664,0.8188292732482003,-1.0503402287301147,0.0,0.31730465640509214,0.0,0.9483236552061993,1
1005.7665256440015,LHR-HMD00001,head,0.6000206611916824,1.5704643107143352,-1.1999591282023134,0.0,0.31730465640509214,0.0,0.9483236552061993,1
1005.7676469200773,LHR-TRKR0002,foot_left,0.5218078834169926,0.07998426178232554,-1.1393784164750196,0.0,0.31730465640509214,0.0,0.9483236552061993,1
1005.7737546191303,LHR-TRKR0002,foot_left,0.5207281966157956,0.07867796607268829,-1.1397046925252587,0.0,0.31730465640509214,0.0,0.9483236552061993,1
1005.7768186293548,LHR-CTRL0001,hand_left,0.400465669998647,0.816887565053136,-1.0498315899812132,0.0,0.31730465640509214,0.0,0.9483236552061993,1
1005.7772719486215,LHR-TRKR0001,pelvis,0.6002684684332844,0.8684035789345466,-1.1978517949617187,0.0,0.31730465640509214,0.0,0.9483236552061993,1
1005.7781204693475,LHR-HMD00001,head,0.6001027873815095,1.5674431093837828,-1.199942771480625,0.0,0.31730465640509214,0.0,0.9483236552061993,1
1005.7786643407081,LHR-CTRL0002,hand_right,0.7992214265950888,0.8182805819631438,-1.350709192087998,0.0,0.31730465640509214,0.0,0.9483236552061993,1
1005.7869148974329,LHR-CTRL0002,hand_right,0.7997114463135232,0.8160408533578876,-1.3497689646249713,0.0,0.31730465640509214,0.0,0.9483236552061993,1
1005.7881280178013,LHR-HMD00001,head,0.5994251884406324,1.564529274223807,-1.1994729564908646,0.0,0.31730465640509214,0.0,0.9483236552061993,1
1005.7881907191335,LHR-TRKR0002,foot_left,0.519206365626294,0.07898615416826933,-1.1403082276431453,0.0,0.31730465640509214,0.0,0.9483236552061993,1
1005.7891309923748,LHR-CTRL0001,hand_left,0.39762084080181925,0.8148274505562976,-1.0505007440103296,0.0,0.31730465640509214,0.0,0.9483236552061993,1
1005.7906094891696,LHR-TRKR0001,pelvis,0.5999880248161361,0.8636804882252621,-1.1996870851694585,0.0,0.31730465640509214,0.0,0.9483236552061993,1
1005.7985682991839,LHR-TRKR0002,foot_left,0.5192977221381355,0.07869278005393439,-1.1412167575114625,0.0,0.31730465640509214,0.0,0.9483236552061993,1
1005.7992589194963,LHR-HMD00001,head,0.5978636496829282,1.5613274261446999,-1.1999914447953888,0.0,0.31730465640509214,0.0,0.9483236552061993,1
1005.8004346221669,LHR-CTRL0002,hand_right,0.800139853903678,0.8122177497227114,-1.3515254796065963,0.0,0.31730465640509214,0.0,0.9483236552061993,1
1005.8005568540907,LHR-CTRL0001,hand_left,0.39916159999593653,0.8109884748027602,-1.049952368878078,0.0,0.31730465640509214,0.0,0.9483236552061993,1
1005.801339545349,LHR-TRKR0001,pelvis,0.5999896382412,0.8621269345084359,-1.2010728999459963,0.0,0.31730465640509214,0.0,0.9483236552061993,1
1005.810128011709,LHR-TRKR0002,foot_left,0.520622615774613,0.07924516624166367,-1.1400480736564076,0.0,0.31730465640509214,0.0,0.9483236552061993,1
1005.8108736954144,LHR-HMD00001,head,0.6003423804551835,1.5587159013751264,-1.1998637759564885,0.0,0.31730465640509214,0.0,0.9483236552061993,1
1005.8116936645891,LHR-TRKR0001,pelvis,0.5997916206860341,0.8590634863363172,-1.2007335299166138,0.0,0.31730465640509214,0.0,0.9483236552061993,1
1005.8117226224797,LHR-CTRL0002,hand_right,0.7975104834135693,0.8113064887477842,-1.3505759768083876,0.0,0.31730465640509214,0.0,0.9483236552061993,1
1005.8121566350525,LHR-CTRL0001,hand_left,0.3997813263571191,0.8090822963820069,-1.048659491606993,0.0,0.31730465640509214,0.0,0.9483236552061993,1
1005.822114236282,LHR-TRKR0002,foot_left,0.5193338857038817,0.07970062958216971,-1.1390192918403625,0.0,0.31730465640509214,0.0,0.9483236552061993,1
1005.8221931314861,LHR-CTRL0001,hand_left,0.40078251975753004,0.8059293376370509,-1.0483291234622265,0.0,0.31730465640509214,0.0,0.9483236552061993,1
1005.8223824379448,LHR-CTRL0002,hand_right,0.7983520149444956,0.8067626859652928,-1.3509398396510013,0.0,0.31730465640509214,0.0,0.9483236552061993,1
1005.8228498140534,LHR-TRKR0001,pelvis,0.5997893450998077,0.8566782793151997,-1.2013178227949783,0.0,0.31730465640509214,0.0,0.9483236552061993,1
1005.8229614003093,LHR-HMD00001,head,0.5996505353004936,1.5541122883046201,-1.1990595291521378,0.0,0.31730465640509214,0.0,0.9483236552061993,1
1005.8326809603257,LHR-CTRL0002,hand_right,0.8002008852645909,0.8037737304909954,-1.3515352232405824,0.0,0.31730465640509214,0.0,0.9483236552061993,1
1005.8328219994944,LHR-HMD00001,head,0.6002679959959052,1.5524684663388522,-1.1985250250463644,0.0,0.31730465640509214,0.0,0.9483236552061993,1
1005.8333913886242,LHR-CTRL0001,hand_left,0.3993875295193307,0.8028478385058381,-1.0525373627213699,0.0,0.31730465640509214,0.0,0.9483236552061993,1
1005.83419185706,LHR-TRKR0002,foot_left,0.5195922356365287,0.07957904119330077,-1.1400640083949738,0.0,0.31730465640509214,0.0,0.9483236552061993,1
1005.834647679332,LHR-TRKR0001,pelvis,0.6002910301701031,0.8544420293692438,-1.1980668314186331,0.0,0.31730465640509214,0.0,0.9483236552061993,1
1005.843706791367,LHR-TRKR0002,foot_left,0.5194077123070612,0.07980345874034882,-1.139327479412548,0.0,0.31730465640509214,0.0,0.9483236552061993,1
1005.84426856063,LHR-CTRL0002,hand_right,0.7987017366400121,0.7992734767628276,-1.3496844938382564,0.0,0.31730465640509214,0.0,0.9483236552061993,1
1005.8448595816972,LHR-TRKR0001,pelvis,0.5997267115537676,0.8502218510256381,-1.2009026909265659,0.0,0.31730465640509214,0.0,0.9483236552061993,1
1005.8451695906189,LHR-CTRL0001,hand_left,0.4003167398953715,0.7997305961528932,-1.048413649192845,0.0,0.31730465640509214,0.0,0.9483236552061993,1
1005.846271138256,LHR-HMD00001,head,0.6006774944925694,1.5493411981378526,-1.198893433269489,0.0,0.31730465640509214,0.0,0.9483236552061993,1
1005.8541980651692,LHR-TRKR0001,pelvis,0.6009374039741334,0.8488930901202614,-1.1993516507988748,0.0,0.31730465640509214,0.0,0.9483236552061993,1
1005.8548776426053,LHR-TRKR0002,foot_left,0.521096186518827,0.07936390509408295,-1.139498903473918,0.0,0.31730465640509214,0.0,0.9483236552061993,1
1005.8554830702761,LHR-CTRL0001,hand_left,0.39986108683640503,0.7969955168335114,-1.0472518544938771,0.0,0.31730465640509214,0.0,0.9483236552061993,1
1005.855845529558,LHR-HMD00001,head,0.6005390278300174,1.5483449843904329,-1.200601793753096,0.0,0.31730465640509214,0.0,0.9483236552061993,1
1005.8569288115899,LHR-CTRL0002,hand_right,0.7985892385130376,0.7972822488683636,-1.349651283417789,0.0,0.31730465640509214,0.0,0.9483236552061993,1
1005.8665640913825,LHR-HMD00001,head,0.5994433665129536,1.543963356060604,-1.200541058475037,0.0,0.31730465640509214,0.0,0.9483236552061993,1
1005.8672722553487,LHR-CTRL0002,hand_right,0.7995894191895944,0.7943614966289829,-1.349827573022646,0.0,0.31730465640509214,0.0,0.9483236552061993,1
1005.8674545503874,LHR-TRKR0001,pelvis,0.6003896055535146,0.8447799808682238,-1.1975956646246753,0.0,0.31730465640509214,0.0,0.9483236552061993,1
1005.86821502811,LHR-TRKR0002,foot_left,0.5199472341452881,0.08246970584967311,-1.1411945360012046,0.0,0.31730465640509214,0.0,0.9483236552061993,1
1005.8682770127127,LHR-CTRL0001,hand_left,0.4007591637781399,0.7935621350580487,-1.051122143222509,0.0,0.31730465640509214,0.0,0.9483236552061993,1
1005.8762919094563,LHR-CTRL0001,hand_left,0.398997839940037,0.7934410888169936,-1.0495345740011774,0.0,0.31730465640509214,0.0,0.9483236552061993,1
1005.8769022576066,LHR-TRKR0001,pelvis,0.6013737193845823,0.8425155468013709,-1.1998998934625815,0.0,0.31730465640509214,0.0,0.9483236552061993,1
1005.8782262950274,LHR-CTRL0002,hand_right,0.7997866295322996,0.7901040401428575,-1.3497919211982075,0.0,0.31730465640509214,0.0,0.9483236552061993,1
1005.8788292476031,LHR-TRKR0002,foot_left,0.5216141129625972,0.07951302186887498,-1.1421414490546418,0.0,0.31730465640509214,0.0,0.9483236552061993,1
1005.8792270374629,LHR-HMD00001,head,0.5976869116390763,1.542663739114064,-1.2011804481912212,0.0,0.31730465640509214,0.0,0.9483236552061993,1
1005.8871964807561,LHR-TRKR0002,foot_left,0.518458351589798,0.07827260746536306,-1.1412009521146171,0.0,0.31730465640509214,0.0,0.9483236552061993,1
1005.8876226704433,LHR-CTRL0001,hand_left,0.4008567487766632,0.7897949165725656,-1.0502171775783926,0.0,0.31730465640509214,0.0,0.9483236552061993,1
1005.8887619970457,LHR-CTRL0002,hand_right,0.7985296590821395,0.790358916227839,-1.3498154562124924,0.0,0.31730465640509214,0.0,0.9483236552061993,1
1005.889515170084,LHR-HMD00001,head,0.6005697123942906,1.5376943355001695,-1.1998831931839786,0.0,0.31730465640509214,0.0,0.9483236552061993,1
1005.8895957684423,LHR-TRKR0001,pelvis,0.6014606031173557,0.83868130714945,-1.1990153374208228,0.0,0.31730465640509214,0.0,0.9483236552061993,1
1005.8988495055175,LHR-CTRL0002,hand_right,0.7991626536120708,0.7875948400670161,-1.3516205608890273,0.0,0.31730465640509214,0.0,0.9483236552061993,1
1005.8997242025324,LHR-CTRL0001,hand_left,0.39975143010235875,0.7872199032074237,-1.0498291666033503,0.0,0.31730465640509214,0.0,0.9483236552061993,1
1005.8997421889757,LHR-TRKR0002,foot_left,0.521670689130874,0.08144544796819761,-1.1385588125718906,0.0,0.31730465640509214,0.0,0.9483236552061993,1
1005.9003692867757,LHR-HMD00001,head,0.5988076483213516,1.5362610610421512,-1.2015996962403745,0.0,0.31730465640509214,0.0,0.9483236552061993,1
1005.900746150529,LHR-TRKR0001,pelvis,0.6009658873475757,0.835323327028998,-1.2002172192883682,0.0,0.31730465640509214,0.0,0.9483236552061993,1
1005.9103406813958,LHR-CTRL0002,hand_right,0.8012485345508318,0.7821399565100049,-1.3502314718600767,0.0,0.31730465640509214,0.0,0.9483236552061993,1
1005.9107799707284,LHR-HMD00001,head,0.5994080789447287,1.5343585270910707,-1.1997861037718962,0.0,0.31730465640509214,0.0,0.9483236552061993,1
1005.9109399273746,LHR-TRKR0002,foot_left,0.51869113633439,0.07987570533802,-1.1403649764503614,0.0,0.31730465640509214,0.0,0.9483236552061993,1
1005.9122191291685,LHR-CTRL0001,hand_left,0.39998146939979945,0.7830581123480745,-1.0494806039483922,0.0,0.31730465640509214,0.0,0.9483236552061993,1
1005.9125565677479,LHR-TRKR0001,pelvis,0.5981559534924284,0.8343783567536699,-1.2001541996819969,0.0,0.31730465640509214,0.0,0.9483236552061993,1
1005.9218899264939,LHR-TRKR0001,pelvis,0.6000254180358326,0.8312277997297804,-1.1997750800506168,0.0,0.31730465640509214,0.0,0.9483236552061993,1
1005.9218931813448,LHR-CTRL0002,hand_right,0.7997827176176229,0.7792104697552902,-1.3487286400614928,0.0,0.31730465640509214,0.0,0.9483236552061993,1
1005.9221303625133,LHR-CTRL0001,hand_left,0.4016764820021896,0.7812736484086692,-1.0486412178340558,0.0,0.31730465640509214,0.0,0.9483236552061993,1
1005.9222144856541,LHR-TRKR0002,foot_left,0.5209675557357617,0.0796190661399683,-1.1395773796384223,0.0,0.31730465640509214,0.0,0.9483236552061993,1
1005.9240362078361,LHR-HMD00001,head,0.6001710459037766,1.5295812226803016,-1.2021965322143287,0.0,0.31730465640509214,0.0,0.9483236552061993,1
1005.9319785814914,LHR-CTRL0001,hand_left,0.399285429985171,0.7775217913871747,-1.0482997717829519,0.0,0.31730465640509214,0.0,0.9483236552061993,1
1005.9324938826851,LHR-TRKR0001,pelvis,0.600086361896778,0.8294713107512053,-1.1983480425112705,0.0,0.31730465640509214,0.0,0.9483236552061993,1
1005.933749174184,LHR-CTRL0002,hand_right,0.7999365237488499,0.7765931307129569,-1.3505419936300176,0.0,0.31730465640509214,0.0,0.9483236552061993,1
1005.934145154923,LHR-HMD00001,head,0.5991069742480359,1.5274662343927745,-1.1985207510141995,0.0,0.31730465640509214,0.0,0.9483236552061993,1
1005.9349187193122,LHR-TRKR0002,foot_left,0.5211543258399463,0.07969022302836568,-1.1414331970013687,0.0,0.31730465640509214,0.0,0.9483236552061993,1
1005.9439787956394,LHR-TRKR0002,foot_left,0.5217002035451511,0.07771000891089859,-1.1402182494696733,0.0,0.31730465640509214,0.0,0.9483236552061993,1
1005.9442410331085,LHR-HMD00001,head,0.6005695239047891,1.525855393831584,-1.200581863384354,0.0,0.31730465640509214,0.0,0.9483236552061993,1
1005.9447185608428,LHR-TRKR0001,pelvis,0.5995002193859689,0.8255391048466364,-1.1993108883889576,0.0,0.31730465640509214,0.0,0.9483236552061993,1
1005.9452210188974,LHR-CTRL0001,hand_left,0.40079614248737655,0.7756051441963093,-1.0497456408926806,0.0,0.31730465640509214,0.0,0.9483236552061993,1
1005.9456182125166,LHR-CTRL0002,hand_right,0.8001172767758411,0.7758584753920781,-1.3496902593270144,0.0,0.31730465640509214,0.0,0.9483236552061993,1
1005.9532860787324,LHR-CTRL0002,hand_right,0.7981106517328261,0.7731992810783087,-1.3486785109699377,0.0,0.31730465640509214,0.0,0.9483236552061993,1
1005.9539783564048,LHR-HMD00001,head,0.5992707404462896,1.5238488310957754,-1.200372051247918,0.0,0.31730465640509214,0.0,0.9483236552061993,1
1005.9544311363887,LHR-CTRL0001,hand_left,0.4019099619714356,0.7734684792777584,-1.0499357397702598,0.0,0.31730465640509214,0.0,0.9483236552061993,1
1005.9552965696064,LHR-TRKR0002,foot_left,0.5195890222896453,0.08042818659264568,-1.1378925268574003,0.0,0.31730465640509214,0.0,0.9483236552061993,1
1005.9569992278335,LHR-TRKR0001,pelvis,0.6010280014256897,0.8223952108480728,-1.2006051356371468,0.0,0.31730465640509214,0.0,0.9483236552061993,1
1005.964809877908,LHR-TRKR0001,pelvis,0.6003710235627286,0.8192749799573145,-1.2006123375220283,0.0,0.31730465640509214,0.0,0.9483236552061993,1
1005.9657367096191,LHR-CTRL0002,hand_right,0.8002384010913578,0.7702588913947244,-1.3500899891574667,0.0,0.31730465640509214,0.0,0.9483236552061993,1
1005.9667101241624,LHR-TRKR0002,foot_left,0.5198947863147074,0.08173828957571216,-1.1397510982084298,0.0,0.31730465640509214,0.0,0.9483236552061993,1
1005.9670396182084,LHR-HMD00001,head,0.5996631055339824,1.5220337209897155,-1.2009818193630752,0.0,0.31730465640509214,0.0,0.9483236552061993,1
1005.9679497495476,LHR-CTRL0001,hand_left,0.39994561615512464,0.7696230147583502,-1.048659458643068,0.0,0.31730465640509214,0.0,0.9483236552061993,1
1005.9766340376857,LHR-HMD00001,head,0.5997183942905817,1.517620666912121,-1.2006513331141342,0.0,0.31730465640509214,0.0,0.9483236552061993,1
1005.9772284210968,LHR-TRKR0001,pelvis,0.5998645055456444,0.8186677236351493,-1.1984992067595577,0.0,0.31730465640509214,0.0,0.9483236552061993,1
1005.9777817260297,LHR-TRKR0002,foot_left,0.5220346448815469,0.08130871091906632,-1.139740788141287,0.0,0.31730465640509214,0.0,0.9483236552061993,1
1005.9779243654726,LHR-CTRL0002,hand_right,0.7988834783653971,0.7672802979542656,-1.350448338163477,0.0,0.31730465640509214,0.0,0.9483236552061993,1
1005.9786824061482,LHR-CTRL0001,hand_left,0.400982957201571,0.7679499461923863,-1.0476376225210147,0.0,0.31730465640509214,0.0,0.9483236552061993,1
1005.9871729429371,LHR-HMD00001,head,0.5985884334231493,1.5167027668971997,-1.201412446292532,0.0,0.31730465640509214,0.0,0.9483236552061993,1
1005.9893593083007,LHR-TRKR0002,foot_left,0.5206045074302303,0.07944911859223568,-1.1416291530386817,0.0,0.31730465640509214,0.0,0.9483236552061993,1
1005.9895346386369,LHR-TRKR0001,pelvis,0.600442117852523,0.8158574428550575,-1.2011124135176614,0.0,0.31730465640509214,0.0,0.9483236552061993,1
1005.9903942544421,LHR-CTRL0001,hand_left,0.400807243906371,0.7647815926826865,-1.0488432168532071,0.0,0.31730465640509214,0.0,0.9483236552061993,1
1005.9907520480192,LHR-CTRL0002,hand_right,0.7993180939979578,0.765764573292338,-1.351052148063845,0.0,0.31730465640509214,0.0,0.9483236552061993,1
1005.9986063091982,LHR-CTRL0002,hand_right,0.8007158201250416,0.7635942496276048,-1.3492506927710741,0.0,0.31730465640509214,0.0,0.9483236552061993,1
1005.9988207316435,LHR-TRKR0002,foot_left,0.5219485564680083,0.08013429155801857,-1.1383210234375551,0.0,0.31730465640509214,0.0,0.9483236552061993,1
1005.9997208484946,LHR-HMD00001,head,0.5990923856107955,1.5128195665038282,-1.2012437357032366,0.0,0.31730465640509214,0.0,0.9483236552061993,1
1006.000439278471,LHR-TRKR0001,pelvis,0.5992648892284037,0.811807239171245,-1.1998862474235068,0.0,0.31730465640509214,0.0,0.9483236552061993,1
1006.001253993155,LHR-CTRL0001,hand_left,0.400950004475528,0.7605600642313438,-1.0505627706368472,0.0,0.31730465640509214,0.0,0.9483236552061993,1
1006.0106680479822,LHR-CTRL0002,hand_right,0.7983388308649152,0.7601420944865313,-1.3498326262771845,0.0,0.31730465640509214,0.0,0.9483236552061993,1
1006.0113448202065,LHR-TRKR0001,pelvis,0.5996359964917325,0.8089131126428214,-1.2039193563674218,0.0,0.31730465640509214,0.0,0.9483236552061993,1
1006.0113925822136,LHR-HMD00001,head,0.599844200248332,1.5096784583513865,-1.200236750045536,0.0,0.31730465640509214,0.0,0.9483236552061993,1
1006.0122063940007,LHR-CTRL0001,hand_left,0.40111435682831714,0.7606279311215769,-1.0497895532839747,0.0,0.31730465640509214,0.0,0.9483236552061993,1
1006.0222850568949,LHR-TRKR0001,pelvis,0.5999325699077874,0.8067274754233811,-1.198740153382299,0.0,0.31730465640509214,0.0,0.9483236552061993,1
1006.0229378470051,LHR-CTRL0001,hand_left,0.3999048696089391,0.7560666302214967,-1.0493944982460572,0.0,0.31730465640509214,0.0,0.9483236552061993,1
1006.023504703456,LHR-HMD00001,head,0.5998599332787793,1.5058403457093725,-1.2005495029951934,0.0,0.31730465640509214,0.0,0.9483236552061993,1
1006.0235127419154,LHR-CTRL0002,hand_right,0.8005986303712421,0.7570589639885938,-1.352038679181421,0.0,0.31730465640509214,0.0,0.9483236552061993,1
1006.0330237269052,LHR-CTRL0001,hand_left,0.40067282805730464,0.7558405511647658,-1.0499364905883932,0.0,0.31730465640509214,0.0,0.9483236552061993,1
1006.0336157851586,LHR-HMD00001,head,0.6012845129108464,1.5062035390639192,-1.2005807784805467,0.0,0.31730465640509214,0.0,0.9483236552061993,1
1006.0337431351778,LHR-TRKR0001,pelvis,0.600756046885734,0.8063364518984325,-1.202479146693803,0.0,0.31730465640509214,0.0,0.9483236552061993,1
1006.0339318300857,LHR-CTRL0002,hand_right,0.8012137094661882,0.755105452889217,-1.3500401603027619,0.0,0.31730465640509214,0.0,0.9483236552061993,1
1006.0423610428835,LHR-CTRL0002,hand_right,0.8007029484294772,0.7524366967628814,-1.3486713123334957,0.0,0.31730465640509214,0.0,0.9483236552061993,1
1006.0439532254488,LHR-TRKR0001,pelvis,0.6004107200532188,0.8028755883215126,-1.2000552405473948,0.0,0.31730465640509214,0.0,0.9483236552061993,1
1006.0443433378704,LHR-CTRL0001,hand_left,0.3997748338692311,0.7537217128246031,-1.0496579338648038,0.0,0.31730465640509214,0.0,0.9483236552061993,1
1006.0452504639717,LHR-HMD00001,head,0.601084895855681,1.5015965492281216,-1.2013639584946563,0.0,0.31730465640509214,0.0,0.9483236552061993,1
1006.053525218047,LHR-CTRL0002,hand_right,0.7986873089695667,0.7518726653938652,-1.3509194652225367,0.0,0.31730465640509214,0.0,0.9483236552061993,1
1006.0543296728504,LHR-HMD00001,head,0.5979827368781281,1.499499853221855,-1.1995401223428042,0.0,0.31730465640509214,0.0,0.9483236552061993,1
1006.0555696631427,LHR-CTRL0001,hand_left,0.4004557019352362,0.748727324372317,-1.0500211864857403,0.0,0.31730465640509214,0.0,0.9483236552061993,1
1006.0560361777622,LHR-TRKR0001,pelvis,0.6003379304401854,0.8005412558609302,-1.2007003568743848,0.0,0.31730465640509214,0.0,0.9483236552061993,1
1006.065928253568,LHR-CTRL0002,hand_right,0.7994961884403629,0.7469942165660427,-1.3507370666973384,0.0,0.31730465640509214,0.0,0.9483236552061993,1
1006.0659494473205,LHR-TRKR0001,pelvis,0.5995090314461983,0.7967045544368463,-1.1998376372333979,0.0,0.31730465640509214,0.0,0.9483236552061993,1
1006.0666441344893,LHR-HMD00001,head,0.5996744520696903,1.499708598197735,-1.1991605636169655,0.0,0.31730465640509214,0.0,0.9483236552061993,1
1006.0668645093606,LHR-CTRL0001,hand_left,0.4016561981258088,0.749339548970961,-1.0497974486259372,0.0,0.31730465640509214,0.0,0.9483236552061993,1
1006.0761786194367,LHR-CTRL0002,hand_right,0.8006461953333922,0.7451663548849784,-1.3501493620516594,0.0,0.31730465640509214,0.0,0.9483236552061993,1
1006.0772401517663,LHR-CTRL0001,hand_left,0.4008150492793551,0.7459495567492779,-1.0474653034114174,0.0,0.31730465640509214,0.0,0.9483236552061993,1
1006.0779010308353,LHR-TRKR0001,pelvis,0.599512239528644,0.7957401370755921,-1.19963185315279,0.0,0.31730465640509214,0.0,0.9483236552061993,1
1006.0779019890971,LHR-HMD00001,head,0.5996457852709851,1.4955226991110746,-1.2002159117583933,0.0,0.31730465640509214,0.0,0.9483236552061993,1
1006.0874217893355,LHR-TRKR0001,pelvis,0.5978894730047268,0.7936565485246017,-1.2005338291896677,0.0,0.31730465640509214,0.0,0.9483236552061993,1
1006.0881583002408,LHR-CTRL0001,hand_left,0.39778785254607785,0.7436124391173489,-1.0528184368411921,0.0,0.31730465640509214,0.0,0.9483236552061993,1
1006.088782177166,LHR-CTRL0002,hand_right,0.7997007122117451,0.7422648520327825,-1.3514081476589959,0.0,0.31730465640509214,0.0,0.9483236552061993,1
1006.0897511350735,LHR-HMD00001,head,0.600999105901574,1.4929875660092093,-1.200014502134163,0.0,0.31730465640509214,0.0,0.9483236552061993,1
1006.0989894189396,LHR-TRKR0001,pelvis,0.5986511094911947,0.7907305729476479,-1.1986876598222465,0.0,0.31730465640509214,0.0,0.9483236552061993,1
1006.1001160606735,LHR-HMD00001,head,0.5992645556995229,1.4926348507552234,-1.200349110242011,0.0,0.31730465640509214,0.0,0.9483236552061993,1
1006.1011154337634,LHR-CTRL0002,hand_right,0.7997797845528449,0.7401392713561198,-1.3518406459971597,0.0,0.31730465640509214,0.0,0.9483236552061993,1
1006.101419966792,LHR-CTRL0001,hand_left,0.40108956484000513,0.7426552392603514,-1.0496535862995555,0.0,0.31730465640509214,0.0,0.9483236552061993,1
1006.1099401556879,LHR-CTRL0001,hand_left,0.4004942710756872,0.7399555183579525,-1.0483459726900926,0.0,0.31730465640509214,0.0,0.9483236552061993,1
1006.1110227495423,LHR-CTRL0002,hand_right,0.801214132353322,0.737164066874636,-1.3506127793900573,0.0,0.31730465640509214,0.0,0.9483236552061993,1
1006.111043766396,LHR-TRKR0001,pelvis,0.598512596406733,0.7877674954458994,-1.2005122203106613,0.0,0.31730465640509214,0.0,0.9483236552061993,1
1006.1119151900692,LHR-HMD00001,head,0.5993532034098498,1.4875466587093127,-1.1990337525309929,0.0,0.31730465640509214,0.0,0.9483236552061993,1
1006.1217180229745,LHR-HMD00001,head,0.5994082975618571,1.4871509074155425,-1.200410446719686,0.0,0.31730465640509214,0.0,0.9483236552061993,1
1006.1218979021043,LHR-TRKR0001,pelvis,0.599235006328324,0.7865376930535649,-1.1997565822369942,0.0,0.31730465640509214,0.0,0.9483236552061993,1
1006.1224303800096,LHR-CTRL0002,hand_right,0.7987141808987773,0.7370502348572614,-1.3487806210812905,0.0,0.31730465640509214,0.0,0.9483236552061993,1
1006.1233021093846,LHR-CTRL0001,hand_left,0.39820959303666004,0.7365809413811992,-1.0492305304482412,0.0,0.31730465640509214,0.0,0.9483236552061993,1
1006.1320519250723,LHR-CTRL0002,hand_right,0.7997266289032084,0.7355462350393843,-1.349687997486235,0.0,0.31730465640509214,0.0,0.9483236552061993,1
1006.1325130109458,LHR-TRKR0001,pelvis,0.6005117441314552,0.783870147703726,-1.202237203490901,0.0,0.31730465640509214,0.0,0.9483236552061993,1
1006.1336912882396,LHR-HMD00001,head,0.5998134817110894,1.4830349040408428,-1.2007845791722536,0.0,0.31730465640509214,0.0,0.9483236552061993,1
1006.1353694145361,LHR-CTRL0001,hand_left,0.39995781056104474,0.7340532537044743,-1.0504453793536188,0.0,0.31730465640509214,0.0,0.9483236552061993,1
1006.1434277028142,LHR-CTRL0001,hand_left,0.4000519743136995,0.7335048369259528,-1.0483833768200392,0.0,0.31730465640509214,0.0,0.9483236552061993,1
1006.1436248239993,LHR-CTRL0002,hand_right,0.7996517098944612,0.7346708207851309,-1.349803469570615,0.0,0.31730465640509214,0.0,0.9483236552061993,1
1006.144586961849,LHR-TRKR0001,pelvis,0.5989210033147573,0.7840264945894078,-1.1996337531659644,0.0,0.31730465640509214,0.0,0.9483236552061993,1
1006.1448593108456,LHR-HMD00001,head,0.5989163885589416,1.4851911944064162,-1.1986531340705529,0.0,0.31730465640509214,0.0,0.9483236552061993,1
1006.1542814866507,LHR-TRKR0002,foot_left,0.5200490529448231,0.08027909758522025,-1.1406235310196022,0.0,0.31730465640509214,0.0,0.9483236552061993,1
1006.154305779831,LHR-HMD00001,head,0.6004380767738691,1.4838431701855122,-1.1987226776410356,0.0,0.31730465640509214,0.0,0.9483236552061993,1
1006.1561982205812,LHR-CTRL0002,hand_right,0.8003056953236013,0.729586305296395,-1.349576243810636,0.0,0.31730465640509214,0.0,0.9483236552061993,1
1006.1562778200334,LHR-TRKR0001,pelvis,0.6014770815492111,0.7821178299874487,-1.2007141127059893,0.0,0.31730465640509214,0.0,0.9483236552061993,1
1006.1569463857369,LHR-CTRL0001,hand_left,0.4004419577608993,0.7299919546716037,-1.0494171374120718,0.0,0.31730465640509214,0.0,0.9483236552061993,1
1006.165955246984,LHR-TRKR0001,pelvis,0.6008310866574101,0.7779347009762346,-1.1996699719437747,0.0,0.31730465640509214,0.0,0.9483236552061993,1
1006.1665526582774,LHR-CTRL0001,hand_left,0.40140292291832363,0.7287223603243953,-1.0496312306590847,0.0,0.31730465640509214,0.0,0.9483236552061993,1
1006.1668422052952,LHR-HMD00001,head,0.5986552765768731,1.4779296864828406,-1.1997321350184496,0.0,0.31730465640509214,0.0,0.9483236552061993,1
1006.1670933802008,LHR-TRKR0002,foot_left,0.5204788499580792,0.08141251992206495,-1.1384653418659365,0.0,0.31730465640509214,0.0,0.9483236552061993,1
1006.1671898293203,LHR-CTRL0002,hand_right,0.7988010567886518,0.7285080104408372,-1.3509168924086992,0.0,0.31730465640509214,0.0,0.9483236552061993,1
1006.1770280766431,LHR-TRKR0002,foot_left,0.5205397269555535,0.07990324180724943,-1.1401805361251185,0.0,0.31730465640509214,0.0,0.9483236552061993,1
1006.1774574152508,LHR-HMD00001,head,0.5999306254817466,1.4776646473979318,-1.2008249311616528,0.0,0.31730465640509214,0.0,0.9483236552061993,1
1006.1787066259977,LHR-TRKR0001,pelvis,0.5988965928811901,0.7780202515367358,-1.2003958680779507,0.0,0.31730465640509214,0.0,0.9483236552061993,1
1006.1787753575735,LHR-CTRL0002,hand_right,0.8008540537110347,0.7278539356751332,-1.3497087752408183,0.0,0.31730465640509214,0.0,0.9483236552061993,1
1006.1792439009944,LHR-CTRL0001,hand_left,0.4011156466607451,0.7265456687715028,-1.0496954111244268,0.0,0.31730465640509214,0.0,0.9483236552061993,1
1006.1869848009403,LHR-HMD00001,head,0.6018455042018814,1.4755618857125181,-1.1988797696519182,0.0,0.31730465640509214,0.0,0.9483236552061993,1
1006.1883273263409,LHR-CTRL0001,hand_left,0.40036698806310284,0.7262089611946644,-1.0514970232067709,0.0,0.31730465640509214,0.0,0.9483236552061993,1
1006.1888924097078,LHR-TRKR0002,foot_left,0.5195985925150848,0.0805166347112879,-1.1404109453209568,0.0,0.31730465640509214,0.0,0.9483236552061993,1
1006.1892568979443,LHR-TRKR0001,pelvis,0.5985759043630952,0.7742649364768821,-1.199439879398527,0.0,0.31730465640509214,0.0,0.9483236552061993,1
1006.1894179108496,LHR-CTRL0002,hand_right,0.7999482336747884,0.7267381807020944,-1.3504795995093357,0.0,0.31730465640509214,0.0,0.9483236552061993,1
1006.1986019718896,LHR-TRKR0002,foot_left,0.5194955025561445,0.0802500583132303,-1.1410637268826958,0.0,0.31730465640509214,0.0,0.9483236552061993,1
1006.2009584066802,LHR-HMD00001,head,0.6014593915696618,1.473140362771467,-1.1994236188750496,0.0,0.31730465640509214,0.0,0.9483236552061993,1
1006.2012836482997,LHR-CTRL0002,hand_right,0.80044628943205,0.7242533055892744,-1.3499625345122965,0.0,0.31730465640509214,0.0,0.9483236552061993,1
1006.2012957068771,LHR-CTRL0001,hand_left,0.40058578556374674,0.7232572080525216,-1.049634344370104,0.0,0.31730465640509214,0.0,0.9483236552061993,1
1006.2013093064775,LHR-TRKR0001,pelvis,0.6003700988033431,0.7735620444065419,-1.1993013874716751,0.0,0.31730465640509214,0.0,0.9483236552061993,1
1006.2095141537594,LHR-CTRL0002,hand_right,0.8000952690698656,0.7228999942657749,-1.3496355183519595,0.0,0.31730465640509214,0.0,0.9483236552061993,1
1006.2104240489183,LHR-CTRL0001,hand_left,0.4013398457073956,0.7228417256996441,-1.047300244138358,0.0,0.31730465640509214,0.0,0.9483236552061993,1
1006.2107492524308,LHR-HMD00001,head,0.6015929784120853,1.4737027729776992,-1.1992482311224615,0.0,0.31730465640509214,0.0,0.9483236552061993,1
1006.2112732893124,LHR-TRKR0001,pelvis,0.601304844075623,0.7716124821482035,-1.2017937485555406,0.0,0.31730465640509214,0.0,0.9483236552061993,1
1006.21250279659,LHR-TRKR0002,foot_left,0.5201347544856878,0.08019343231316658,-1.1399269779605778,0.0,0.31730465640509214,0.0,0.9483236552061993,1
1006.2209142313142,LHR-CTRL0001,hand_left,0.40085293257034615,0.7187984523634245,-1.050154072709411,0.0,0.31730465640509214,0.0,0.9483236552061993,1
1006.2209861300563,LHR-TRKR0002,foot_left,0.5191188618044186,0.08000978846748087,-1.1385254855014268,0.0,0.31730465640509214,0.0,0.9483236552061993,1
1006.2213698321641,LHR-HMD00001,head,0.600439705344454,1.4707656661635253,-1.1987312330893176,0.0,0.31730465640509214,0.0,0.9483236552061993,1
1006.2217085338691,LHR-TRKR0001,pelvis,0.6008734815937515,0.7700327092254532,-1.2010519226654777,0.0,0.31730465640509214,0.0,0.9483236552061993,1
1006.223418713477,LHR-CTRL0002,hand_right,0.7995528759297824,0.7189281571775848,-1.3507432007872948,0.0,0.31730465640509214,0.0,0.9483236552061993,1
1006.2308065674174,LHR-CTRL0002,hand_right,0.799813057685679,0.7196957088628805,-1.350346344149779,0.0,0.31730465640509214,0.0,0.9483236552061993,1
1006.2329560165897,LHR-HMD00001,head,0.6005830606231779,1.4691706584576008,-1.2004727070095143,0.0,0.31730465640509214,0.0,0.9483236552061993,1
1006.2330001243226,LHR-TRKR0002,foot_left,0.5197735043712136,0.07847956070140572,-1.1397958036879372,0.0,0.31730465640509214,0.0,0.9483236552061993,1
1006.23384451458,LHR-TRKR0001,pelvis,0.5998922021539145,0.7699642913969502,-1.2018411309205572,0.0,0.31730465640509214,0.0,0.9483236552061993,1
1006.2351031386208,LHR-CTRL0001,hand_left,0.40072026160277535,0.7188470598290112,-1.0482870303033702,0.0,0.31730465640509214,0.0,0.9483236552061993,1
1006.2436112819552,LHR-CTRL0001,hand_left,0.3984936837561954,0.7180205677130629,-1.0494170031769456,0.0,0.31730465640509214,0.0,0.9483236552061993,1
1006.2445826447475,LHR-HMD00001,head,0.598647342890929,1.46728938360539,-1.1981355426234004,0.0,0.31730465640509214,0.0,0.9483236552061993,1
1006.2447673893474,LHR-TRKR0001,pelvis,0.6012928372857435,0.7684559440856247,-1.1998223366752148,0.0,0.31730465640509214,0.0,0.9483236552061993,1
1006.2447849883931,LHR-TRKR0002,foot_left,0.5205788899106135,0.07897817258595087,-1.139170662207548,0.0,0.31730465640509214,0.0,0.9483236552061993,1
1006.245026068353,LHR-CTRL0002,hand_right,0.8003072062583559,0.7168814773524409,-1.3506730724732785,0.0,0.31730465640509214,0.0,0.9483236552061993,1
1006.2542848147139,LHR-CTRL0001,hand_left,0.40055582531624534,0.7159993763920698,-1.0498057264900185,0.0,0.31730465640509214,0.0,0.9483236552061993,1
1006.2544013276594,LHR-TRKR0001,pelvis,0.5997408068200857,0.7653445292258094,-1.199353934056167,0.0,0.31730465640509214,0.0,0.9483236552061993,1
1006.2555319668135,LHR-TRKR0002,foot_left,0.5197003590819514,0.0806768257742689,-1.1402567358575795,0.0,0.31730465640509214,0.0,0.9483236552061993,1
1006.2570634650399,LHR-HMD00001,head,0.5995163879357227,1.4651928755792565,-1.2002406620838464,0.0,0.31730465640509214,0.0,0.9483236552061993,1
1006.2577239974427,LHR-CTRL0002,hand_right,0.8001285871734075,0.7162548862486363,-1.350180955103469,0.0,0.31730465640509214,0.0,0.9483236552061993,1
1006.265986895036,LHR-TRKR0001,pelvis,0.5986517583099957,0.7626300687402167,-1.1994842763628601,0.0,0.31730465640509214,0.0,0.9483236552061993,1
1006.2662723594591,LHR-CTRL0002,hand_right,0.8002038192999518,0.7139817220281154,-1.3513476308360972,0.0,0.31730465640509214,0.0,0.9483236552061993,1
1006.2664950672616,LHR-TRKR0002,foot_left,0.5189570043967362,0.07962352811789701,-1.1396269726693633,0.0,0.31730465640509214,0.0,0.9483236552061993,1
1006.2665007334637,LHR-HMD00001,head,0.5997871312208652,1.464092776999499,-1.1993567623833417,0.0,0.31730465640509214,0.0,0.9483236552061993,1
1006.2667016575643,LHR-CTRL0001,hand_left,0.39890606326977124,0.7164320734663652,-1.0505170221470408,0.0,0.31730465640509214,0.0,0.9483236552061993,1
1006.2774640462418,LHR-CTRL0001,hand_left,0.4013387341210357,0.7131194457708636,-1.0497117293079452,0.0,0.31730465640509214,0.0,0.9483236552061993,1
1006.2779333107217,LHR-TRKR0002,foot_left,0.5199689839649777,0.07987621091808796,-1.1406126116174566,0.0,0.31730465640509214,0.0,0.9483236552061993,1
1006.2782234254302,LHR-CTRL0002,hand_right,0.7983856095794174,0.7152663452846733,-1.3493150275909223,0.0,0.31730465640509214,0.0,0.9483236552061993,1
1006.2782501852748,LHR-HMD00001,head,0.6003257932309843,1.4644233397883477,-1.1993984896294965,0.0,0.31730465640509214,0.0,0.9483236552061993,1
1006.2784731822251,LHR-TRKR0001,pelvis,0.6010586356545006,0.7621574837762423,-1.2004346233479823,0.0,0.31730465640509214,0.0,0.9483236552061993,1
1006.2873993721646,LHR-TRKR0001,pelvis,0.6005392980107667,0.7630758131558738,-1.2005038650175943,0.0,0.31730465640509214,0.0,0.9483236552061993,1
1006.2887381159314,LHR-CTRL0002,hand_right,0.7990955743604246,0.7123964766448312,-1.3498821736365396,0.0,0.31730465640509214,0.0,0.9483236552061993,1
1006.2890414713303,LHR-TRKR0002,foot_left,0.5206941951172908,0.08091617368894144,-1.1406553361063774,0.0,0.31730465640509214,0.0,0.9483236552061993,1
1006.2900799714513,LHR-CTRL0001,hand_left,0.40221322294954,0.7116923487496188,-1.0483993473039324,0.0,0.31730465640509214,0.0,0.9483236552061993,1
1006.2902624682658,LHR-HMD00001,head,0.6001864843702657,1.459764312258216,-1.1998028526711835,0.0,0.31730465640509214,0.0,0.9483236552061993,1
1006.2983728825856,LHR-TRKR0001,pelvis,0.6002132937158088,0.7621130158220004,-1.2018210194711898,0.0,0.31730465640509214,0.0,0.9483236552061993,1
1006.2989096174477,LHR-CTRL0002,hand_right,0.7984772954408491,0.7111022622803975,-1.3494236306230043,0.0,0.31730465640509214,0.0,0.9483236552061993,1
1006.299134952496,LHR-CTRL0001,hand_left,0.4002256240146166,0.7114859560726475,-1.0499387483568243,0.0,0.31730465640509214,0.0,0.9483236552061993,1
1006.2999010976272,LHR-TRKR0002,foot_left,0.5201143281535527,0.07989274048222395,-1.1407127828735062,0.0,0.31730465640509214,0.0,0.9483236552061993,1
1006.3005335505312,LHR-HMD00001,head,0.5993468702374359,1.4618278026857203,-1.1999265600797062,0.0,0.31730465640509214,0.0,0.9483236552061993,1
1006.3106752508429,LHR-CTRL0001,hand_left,0.39932244793350186,0.7089807004066901,-1.0487430184554392,0.0,0.31730465640509214,0.0,0.9483236552061993,1
1006.310958491678,LHR-CTRL0002,hand_right,0.7985879078973273,0.7108240914453432,-1.3503660687198746,0.0,0.31730465640509214,0.0,0.9483236552061993,1
1006.3121796752686,LHR-HMD00001,head,0.5992373821669326,1.459003935984814,-1.2012014870259013,0.0,0.31730465640509214,0.0,0.9483236552061993,1
1006.3123677285823,LHR-TRKR0002,foot_left,0.5202453778798075,0.07967088885966739,-1.1384306492713132,0.0,0.31730465640509214,0.0,0.9483236552061993,1
1006.3123899621711,LHR-TRKR0001,pelvis,0.6006341933571813,0.7589086186504928,-1.2000271126539857,0.0,0.31730465640509214,0.0,0.9483236552061993,1
1006.3209220442873,LHR-TRKR0002,foot_left,0.5211561043737679,0.0804151836713699,-1.1404239876917717,0.0,0.31730465640509214,0.0,0.9483236552061993,1
1006.3210858164229,LHR-TRKR0001,pelvis,0.6005560717179396,0.7581876302140476,-1.2014045283675852,0.0,0.31730465640509214,0.0,0.9483236552061993,1
1006.3217457123633,LHR-HMD00001,head,0.5994524528697204,1.458925660633043,-1.1988211764328431,0.0,0.31730465640509214,0.0,0.9483236552061993,1
1006.3226181594604,LHR-CTRL0002,hand_right,0.7994173223898475,0.7068525642991503,-1.348848205524781,0.0,0.31730465640509214,0.0,0.9483236552061993,1
1006.3230134867584,LHR-CTRL0001,hand_left,0.40080136281759465,0.7088364712103788,-1.049743880034292,0.0,0.31730465640509214,0.0,0.9483236552061993,1
1006.3326141720614,LHR-CTRL0001,hand_left,0.40056790359978056,0.7084977907864927,-1.0493568977574255,0.0,0.31730465640509214,0.0,0.9483236552061993,1
1006.332980710098,LHR-TRKR0001,pelvis,0.5996958039755681,0.7583989908307761,-1.199861617654959,0.0,0.31730465640509214,0.0,0.9483236552061993,1
1006.3334664416342,LHR-CTRL0002,hand_right,0.7989086560055854,0.7062282327313191,-1.3512622537417067,0.0,0.31730465640509214,0.0,0.9483236552061993,1
1006.3339498136729,LHR-TRKR0002,foot_left,0.5214193560631827,0.08153677497274645,-1.1404015716639349,0.0,0.31730465640509214,0.0,0.9483236552061993,1
1006.3341043826598,LHR-HMD00001,head,0.6005198559561361,1.4582792311356032,-1.1991088946461257,0.0,0.31730465640509214,0.0,0.9483236552061993,1
1006.3440595973268,LHR-TRKR0001,pelvis,0.5996042795337844,0.7555770063697986,-1.1996334559795674,0.0,0.31730465640509214,0.0,0.9483236552061993,1
1006.344328356375,LHR-TRKR0002,foot_left,0.5200132056015937,0.08063387764366109,-1.13953521142178,0.0,0.31730465640509214,0.0,0.9483236552061993,1
1006.3443864684443,LHR-HMD00001,head,0.5996763734750812,1.4580334243469604,-1.2013517067796098,0.0,0.31730465640509214,0.0,0.9483236552061993,1
1006.3450014614612,LHR-CTRL0002,hand_right,0.8002417150303316,0.7040139341258348,-1.3492755277470012,0.0,0.31730465640509214,0.0,0.9483236552061993,1
1006.3454790775564,LHR-CTRL0001,hand_left,0.4005500008437358,0.7050911947823905,-1.0501643025738994,0.0,0.31730465640509214,0.0,0.9483236552061993,1
1006.3527590226397,LHR-TRKR0002,foot_left,0.520475369105606,0.07944333696240495,-1.139954851640637,0.0,0.31730465640509214,0.0,0.9483236552061993,1
1006.3553473602777,LHR-CTRL0002,hand_right,0.7970931907688465,0.7054347482671894,-1.3510620927116086,0.0,0.31730465640509214,0.0,0.9483236552061993,1
1006.3553822391361,LHR-TRKR0001,pelvis,0.5997972664208964,0.7562251524740867,-1.2004057647985067,0.0,0.31730465640509214,0.0,0.9483236552061993,1
1006.3566299667931,LHR-HMD00001,head,0.6001233824352217,1.455067290986072,-1.2019654454393989,0.0,0.31730465640509214,0.0,0.9483236552061993,1
1006.3566308186988,LHR-CTRL0001,hand_left,0.3996581764779825,0.7047157488191826,-1.0492958301222604,0.0,0.31730465640509214,0.0,0.9483236552061993,1
1006.3650274239413,LHR-CTRL0002,hand_right,0.8013496067651468,0.7059385631859003,-1.3504153277298843,0.0,0.31730465640509214,0.0,0.9483236552061993,1
1006.3651282839937,LHR-TRKR0001,pelvis,0.6005241398797118,0.7561563783540446,-1.2009205288367901,0.0,0.31730465640509214,0.0,0.9483236552061993,1
1006.3656631070946,LHR-HMD00001,head,0.6016589946627638,1.4529172804777533,-1.1993106497549346,0.0,0.31730465640509214,0.0,0.9483236552061993,1
1006.368123689596,LHR-TRKR0002,foot_left,0.5209333159716506,0.08088296813502857,-1.1401012702446733,0.0,0.31730465640509214,0.0,0.9483236552061993,1
1006.368652799697,LHR-CTRL0001,hand_left,0.4021519933060525,0.7060482011474857,-1.0490025570326018,0.0,0.31730465640509214,0.0,0.9483236552061993,1
1006.3767501322243,LHR-TRKR0001,pelvis,0.6009469078736652,0.7531316136355208,-1.1993533197105095,0.0,0.31730465640509214,0.0,0.9483236552061993,1
1006.3769982200245,LHR-HMD00001,head,0.6017931750433793,1.453921809336455,-1.2001153716530653,0.0,0.31730465640509214,0.0,0.9483236552061993,1
1006.3779240337398,LHR-TRKR0002,foot_left,0.5222227111106299,0.07822725348091508,-1.1385677203860098,0.0,0.31730465640509214,0.0,0.9483236552061993,1
1006.3791893727079,LHR-CTRL0002,hand_right,0.8002613367297353,0.7034798404765652,-1.3492287864538393,0.0,0.31730465640509214,0.0,0.9483236552061993,1
1006.379878758975,LHR-CTRL0001,hand_left,0.399361802073581,0.7045407256527042,-1.0479076449391356,0.0,0.31730465640509214,0.0,0.9483236552061993,1
1006.3881660928625,LHR-CTRL0001,hand_left,0.39925773694750916,0.7026190570442996,-1.05216675174008,0.0,0.31730465640509214,0.0,0.9483236552061993,1
1006.38882100429,LHR-CTRL0002,hand_right,0.7998623322448922,0.7039636538123286,-1.3502919802329596,0.0,0.31730465640509214,0.0,0.9483236552061993,1
1006.3894761842571,LHR-TRKR0002,foot_left,0.5200016549407135,0.08019270694902174,-1.139711453423333,0.0,0.31730465640509214,0.0,0.9483236552061993,1
1006.3896677078741,LHR-TRKR0001,pelvis,0.5983959506045756,0.7524230315926329,-1.2016910118144926,0.0,0.31730465640509214,0.0,0.9483236552061993,1
1006.3901576204617,LHR-HMD00001,head,0.5981012168726263,1.4530434138867554,-1.198549081657841,0.0,0.31730465640509214,0.0,0.9483236552061993,1
1006.3987488127773,LHR-CTRL0002,hand_right,0.8005022860563865,0.7029736109776532,-1.3503540855927951,0.0,0.31730465640509214,0.0,0.9483236552061993,1
1006.3992844055223,LHR-CTRL0001,hand_left,0.3987998417092108,0.7047160378161493,-1.047594943402057,0.0,0.31730465640509214,0.0,0.9483236552061993,1
1006.3994450619076,LHR-TRKR0002,foot_left,0.5186405525339969,0.0811965923719562,-1.1378537478679707,0.0,0.31730465640509214,0.0,0.9483236552061993,1
1006.3998039160274,LHR-HMD00001,head,0.5994778805532331,1.4517678343251688,-1.2023157499599588,0.0,0.31730465640509214,0.0,0.9483236552061993,1
1006.3998781577365,LHR-TRKR0001,pelvis,0.6003802831678581,0.752446505550011,-1.201945383306231,0.0,0.31730465640509214,0.0,0.9483236552061993,1
1006.4101004186215,LHR-TRKR0001,pelvis,0.6000722667346782,0.751513966426407,-1.1988518784294944,0.0,0.31730465640509214,0.0,0.9483236552061993,1
1006.4101978229825,LHR-CTRL0001,hand_left,0.40114681024760135,0.7026164106612712,-1.050093722358317,0.0,0.31730465640509214,0.0,0.9483236552061993,1
1006.4102575278919,LHR-CTRL0002,hand_right,0.8014870830530731,0.7021757917301941,-1.3488996544395566,0.0,0.31730465640509214,0.0,0.9483236552061993,1
1006.4104945749699,LHR-TRKR0002,foot_left,0.5219620665674785,0.07948289086569059,-1.1389698714595335,0.0,0.31730465640509214,0.0,0.9483236552061993,1
1006.4107521504644,LHR-HMD00001,head,0.6012856785919386,1.4525891366972077,-1.2003020195569665,0.0,0.31730465640509214,0.0,0.9483236552061993,1
1006.4214058460828,LHR-CTRL0002,hand_right,0.7991021268990811,0.7012078909815348,-1.349945335355081,0.0,0.31730465640509214,0.0,0.9483236552061993,1
1006.4221623362288,LHR-TRKR0001,pelvis,0.5993788563980296,0.7509112631838163,-1.1999364870510671,0.0,0.31730465640509214,0.0,0.9483236552061993,1
1006.4222054937874,LHR-CTRL0001,hand_left,0.4011916850220946,0.7014747662834316,-1.047551188436044,0.0,0.31730465640509214,0.0,0.9483236552061993,1
1006.4222997946416,LHR-HMD00001,head,0.601042783863735,1.4511208351630691,-1.2003340185405462,0.0,0.31730465640509214,0.0,0.9483236552061993,1
1006.4230163194474,LHR-TRKR0002,foot_left,0.5212616802683364,0.07765393258982033,-1.1400951894460893,0.0,0.31730465640509214,0.0,0.9483236552061993,1
1006.4321718377934,LHR-TRKR0002,foot_left,0.5205077781941649,0.0808552215240231,-1.1392571858327432,0.0,0.31730465640509214,0.0,0.9483236552061993,1
1006.432643835876,LHR-HMD00001,head,0.602124020898333,1.4503454769283284,-1.1997096676243386,0.0,0.31730465640509214,0.0,0.9483236552061993,1
1006.4330052920845,LHR-CTRL0002,hand_right,0.7990166058691388,0.7009874385216027,-1.3531057509991535,0.0,0.31730465640509214,0.0,0.9483236552061993,1
1006.433207581246,LHR-CTRL0001,hand_left,0.4013325148249769,0.7022712648573733,-1.0493672068482987,0.0,0.31730465640509214,0.0,0.9483236552061993,1
1006.4332505232637,LHR-TRKR0001,pelvis,0.5991463734248376,0.75210583070111,-1.2019940129509672,0.0,0.31730465640509214,0.0,0.9483236552061993,1
1006.4442277876277,LHR-CTRL0001,hand_left,0.3997253186189275,0.7020653403509017,-1.049936006475713,0.0,0.31730465640509214,0.0,0.9483236552061993,1
1006.4445077377361,LHR-CTRL0002,hand_right,0.7990498907162336,0.7002671424254939,-1.3483135560990505,0.0,0.31730465640509214,0.0,0.9483236552061993,1
1006.4453676455229,LHR-TRKR0001,pelvis,0.6023805197423219,0.7496891787483849,-1.200183099633755,0.0,0.31730465640509214,0.0,0.9483236552061993,1
1006.445776385813,LHR-HMD00001,head,0.6002235234891149,1.450902648691788,-1.199993726249525,0.0,0.31730465640509214,0.0,0.9483236552061993,1
1006.4461498491021,LHR-TRKR0002,foot_left,0.5201185673485063,0.07979346287306421,-1.141637918985868,0.0,0.31730465640509214,0.0,0.9483236552061993,1
1006.4543063929038,LHR-HMD00001,head,0.5986933392954326,1.450434473556789,-1.2002424709643127,0.0,0.31730465640509214,0.0,0.9483236552061993,1
1006.4544071403948,LHR-CTRL0001,hand_left,0.39902647116471973,0.7018191377183272,-1.0487099904339148,0.0,0.31730465640509214,0.0,0.9483236552061993,1
1006.4548380202343,LHR-CTRL0002,hand_right,0.799854244410177,0.7004592454593922,-1.350358179902351,0.0,0.31730465640509214,0.0,0.9483236552061993,1
1006.4554439234928,LHR-TRKR0002,foot_left,0.5202965546568471,0.07957872694474691,-1.1363683543077379,0.0,0.31730465640509214,0.0,0.9483236552061993,1
1006.4558215238616,LHR-TRKR0001,pelvis,0.6013901514224725,0.7508951068079629,-1.1980169129543707,0.0,0.31730465640509214,0.0,0.9483236552061993,1
1006.464756946517,LHR-CTRL0002,hand_right,0.7986358262355423,0.7006278814833535,-1.349994828139851,0.0,0.31730465640509214,0.0,0.9483236552061993,1
1006.4662825648867,LHR-TRKR0002,foot_left,0.5201637692194325,0.08043341339895502,-1.1384641314880133,0.0,0.31730465640509214,0.0,0.9483236552061993,1
1006.4665160686683,LHR-HMD00001,head,0.5993310755581824,1.4494737102023751,-1.2010017222592975,0.0,0.31730465640509214,0.0,0.9483236552061993,1
1006.4666022446442,LHR-TRKR0001,pelvis,0.6008519918129104,0.748859117034383,-1.1997855869946372,0.0,0.31730465640509214,0.0,0.9483236552061993,1
1006.4679672198962,LHR-CTRL0001,hand_left,0.4003526699514737,0.7007760351543688,-1.0469614273971826,0.0,0.31730465640509214,0.0,0.9483236552061993,1
1006.4762954753508,LHR-CTRL0001,hand_left,0.39799846190776567,0.7000836366798145,-1.0490956797709554,0.0,0.31730465640509214,0.0,0.9483236552061993,1
1006.4771084596908,LHR-TRKR0001,pelvis,0.6016325736690672,0.7515044150406153,-1.19767056773421,0.0,0.31730465640509214,0.0,0.9483236552061993,1
1006.4771572145518,LHR-CTRL0002,hand_right,0.8005110666545624,0.6994136126320071,-1.3499801634307638,0.0,0.31730465640509214,0.0,0.9483236552061993,1
1006.4776320935939,LHR-TRKR0002,foot_left,0.5197172277158678,0.07917254708145291,-1.1385618883793998,0.0,0.31730465640509214,0.0,0.9483236552061993,1
1006.4781247305634,LHR-HMD00001,head,0.5991905731172684,1.4505402640267802,-1.199963543756968,0.0,0.31730465640509214,0.0,0.9483236552061993,1
1006.4883512589621,LHR-CTRL0001,hand_left,0.40006902680450934,0.6992177905803778,-1.0480143305362386,0.0,0.31730465640509214,0.0,0.9483236552061993,1
1006.4887844418199,LHR-HMD00001,head,0.60165549749299,1.450637817003758,-1.2005950585495961,0.0,0.31730465640509214,0.0,0.9483236552061993,1
1006.4895172599365,LHR-TRKR0001,pelvis,0.6004190930395021,0.7479804082439087,-1.2004446463537726,0.0,0.31730465640509214,0.0,0.9483236552061993,1
1006.490516892539,LHR-TRKR0002,foot_left,0.5195130262841833,0.08101920040586486,-1.1390944595357895,0.0,0.31730465640509214,0.0,0.9483236552061993,1
1006.4905197656074,LHR-CTRL0002,hand_right,0.7992282664575808,0.7008832721547289,-1.3501649160001474,0.0,0.31730465640509214,0.0,0.9483236552061993,1
1006.4979897837079,LHR-TRKR0002,foot_left,0.5215820184080021,0.07894370125415086,-1.1380483147671314,0.0,0.31730465640509214,0.0,0.9483236552061993,1
1006.4991977124546,LHR-HMD00001,head,0.5994608843560236,1.4498272046508476,-1.2003500211280915,0.0,0.31730465640509214,0.0,0.9483236552061993,1
1006.5000457354633,LHR-TRKR0001,pelvis,0.5997565255415753,0.7489975220886433,-1.1992589396618525,0.0,0.31730465640509214,0.0,0.9483236552061993,1
1006.5001242510422,LHR-CTRL0002,hand_right,0.7984014789107902,0.7008127967330787,-1.3520782149799135,0.0,0.31730465640509214,0.0,0.9483236552061993,1
1006.500800346656,LHR-CTRL0001,hand_left,0.40265816806806004,0.7010071735123401,-1.048222470902655,0.0,0.31730465640509214,0.0,0.9483236552061993,1
1006.5099484509354,LHR-TRKR0002,foot_left,0.5194706558661575,0.08071631674005024,-1.1418095246957474,0.0,0.31730465640509214,0.0,0.9483236552061993,1
1006.5102427219143,LHR-HMD00001,head,0.6000036940368155,1.4519699581285337,-1.2001519787251427,0.0,0.31730465640509214,0.0,0.9483236552061993,1
1006.5117384087353,LHR-CTRL0001,hand_left,0.3996552230539899,0.6997858446136028,-1.049167450839737,0.0,0.31730465640509214,0.0,0.9483236552061993,1
1006.5118180869724,LHR-TRKR0001,pelvis,0.5994715232335964,0.7500648331334755,-1.1992926597677016,0.0,0.31730465640509214,0.0,0.9483236552061993,1
1006.5122628313795,LHR-CTRL0002,hand_right,0.7996334555242973,0.7007966123481195,-1.3505073934482725,0.0,0.31730465640509214,0.0,0.9483236552061993,1
1006.5210631647504,LHR-CTRL0002,hand_right,0.7986509618566167,0.6996396522623302,-1.3509526317627292,0.0,0.31730465640509214,0.0,0.9483236552061993,1
1006.5216989657841,LHR-TRKR0001,pelvis,0.6002760212293228,0.7493696356783616,-1.1995479949140133,0.0,0.31730465640509214,0.0,0.9483236552061993,1
1006.522015213534,LHR-CTRL0001,hand_left,0.4011997124982253,0.6998808629897402,-1.0481762208515788,0.0,0.31730465640509214,0.0,0.9483236552061993,1
1006.5226476166481,LHR-HMD00001,head,0.6001319969898411,1.4489489552444523,-1.2015005466081508,0.0,0.31730465640509214,0.0,0.9483236552061993,1
1006.5239214598109,LHR-TRKR0002,foot_left,0.5217329496503089,0.08089841158883576,-1.1397093844257689,0.0,0.31730465640509214,0.0,0.9483236552061993,1
1006.5323028528832,LHR-HMD00001,head,0.5998643584014758,1.4498686794574949,-1.199798295781158,0.0,0.31730465640509214,0.0,0.9483236552061993,1
1006.5334258307776,LHR-CTRL0002,hand_right,0.8005261329578328,0.7009164848165822,-1.3516870023379661,0.0,0.31730465640509214,0.0,0.9483236552061993,1
1006.5340381368243,LHR-TRKR0001,pelvis,0.6007303277578181,0.7495462239310791,-1.1995388779621827,0.0,0.31730465640509214,0.0,0.9483236552061993,1
1006.5342851702906,LHR-CTRL0001,hand_left,0.40072873302903783,0.7012414011190239,-1.0479348182393617,0.0,0.31730465640509214,0.0,0.9483236552061993,1
1006.534429751872,LHR-TRKR0002,foot_left,0.5176693179805119,0.08090561506930469,-1.1393255223043897,0.0,0.31730465640509214,0.0,0.9483236552061993,1
1006.5441142997051,LHR-CTRL0001,hand_left,0.4009787913509892,0.6996605022635881,-1.050763100589134,0.0,0.31730465640509214,0.0,0.9483236552061993,1
1006.544168861553,LHR-TRKR0002,foot_left,0.5205587602769709,0.08046761828381363,-1.1405322602027312,0.0,0.31730465640509214,0.0,0.9483236552061993,1
1006.5442613823934,LHR-CTRL0002,hand_right,0.8005188746264641,0.7013641421628644,-1.350274184195925,0.0,0.31730465640509214,0.0,0.9483236552061993,1
1006.5450906871502,LHR-HMD00001,head,0.6013569880167823,1.4500465265100102,-1.200684588400739,0.0,0.31730465640509214,0.0,0.9483236552061993,1
1006.5458625718445,LHR-TRKR0001,pelvis,0.5995476099414927,0.7494823976312955,-1.1995516221543183,0.0,0.31730465640509214,0.0,0.9483236552061993,1
1006.5537866871701,LHR-TRKR0002,foot_left,0.5190908503014801,0.08196445698773405,-1.138768658219608,0.0,0.31730465640509214,0.0,0.9483236552061993,1
1006.5540314071919,LHR-HMD00001,head,0.6009784981624319,1.4503638349900232,-1.1999424850251852,0.0,0.31730465640509214,0.0,0.9483236552061993,1
1006.5554599926656,LHR-TRKR0001,pelvis,0.600481304651707,0.750846898059589,-1.2015589065748116,0.0,0.31730465640509214,0.0,0.9483236552061993,1
1006.5575375889899,LHR-CTRL0001,hand_left,0.3997444678554788,0.7008246034696906,-1.0495922677887508,0.0,0.31730465640509214,0.0,0.9483236552061993,1
1006.5578986997392,LHR-CTRL0002,hand_right,0.7976023131816502,0.7018096191696139,-1.350061686487934,0.0,0.31730465640509214,0.0,0.9483236552061993,1
1006.5654563477898,LHR-TRKR0001,pelvis,0.6001434982243826,0.748692361650799,-1.198852583518414,0.0,0.31730465640509214,0.0,0.9483236552061993,1
1006.56611168357,LHR-HMD00001,head,0.5998943204909788,1.4530755388403642,-1.2016831362108618,0.0,0.31730465640509214,0.0,0.9483236552061993,1
1006.5677150617308,LHR-CTRL0001,hand_left,0.3999176202760188,0.7015503905678944,-1.0494388833840267,0.0,0.31730465640509214,0.0,0.9483236552061993,1
1006.5680245796523,LHR-TRKR0002,foot_left,0.5198833022479628,0.08011539030474367,-1.1390473825142948,0.0,0.31730465640509214,0.0,0.9483236552061993,1
1006.5682996916952,LHR-CTRL0002,hand_right,0.8005081224226925,0.6989730471832424,-1.3511249755473065,0.0,0.31730465640509214,0.0,0.9483236552061993,1
1006.5760734213277,LHR-CTRL0002,hand_right,0.799806551104509,0.7007288548013816,-1.3479105064708987,0.0,0.31730465640509214,0.0,0.9483236552061993,1
1006.5770290653622,LHR-CTRL0001,hand_left,0.4009083825189281,0.7011861785049702,-1.0484072607700419,0.0,0.31730465640509214,0.0,0.9483236552061993,1
1006.5777708022479,LHR-TRKR0002,foot_left,0.5190575224559764,0.08382260777803878,-1.1395146568153696,0.0,0.31730465640509214,0.0,0.9483236552061993,1
1006.5778140838001,LHR-HMD00001,head,0.599179094265239,1.4523071429257797,-1.1988399039040738,0.0,0.31730465640509214,0.0,0.9483236552061993,1
1006.5787671919771,LHR-TRKR0001,pelvis,0.6018485209556648,0.754175452837371,-1.2000713255946822,0.0,0.31730465640509214,0.0,0.9483236552061993,1
1006.5876367369455,LHR-HMD00001,head,0.5989709314780074,1.4532785061774682,-1.200471035663778,0.0,0.31730465640509214,0.0,0.9483236552061993,1
1006.588410930925,LHR-CTRL0002,hand_right,0.7983386613342016,0.7027126885278029,-1.3491552598646512,0.0,0.31730465640509214,0.0,0.9483236552061993,1
1006.588905736463,LHR-TRKR0001,pelvis,0.5999202889462409,0.7516410193613163,-1.1990259170585107,0.0,0.31730465640509214,0.0,0.9483236552061993,1
1006.5897468747457,LHR-CTRL0001,hand_left,0.39805845953044294,0.7025468313291979,-1.0494588230407322,0.0,0.31730465640509214,0.0,0.9483236552061993,1
1006.5904270787337,LHR-TRKR0002,foot_left,0.5202664131675869,0.07900000877882979,-1.1391783488779368,0.0,0.31730465640509214,0.0,0.9483236552061993,1
1006.5994834291229,LHR-TRKR0001,pelvis,0.6004374961448441,0.75287328244313,-1.1987955770379006,0.0,0.31730465640509214,0.0,0.9483236552061993,1
1006.5997712619507,LHR-TRKR0002,foot_left,0.5201719497590472,0.07937190105411475,-1.1393884694977738,0.0,0.31730465640509214,0.0,0.9483236552061993,1
1006.5997810475433,LHR-CTRL0001,hand_left,0.400941865822929,0.704507748428535,-1.0486218988925111,0.0,0.31730465640509214,0.0,0.9483236552061993,1
1006.6006520108635,LHR-HMD00001,head,0.5992737385998917,1.45213702855727,-1.1996461696319622,0.0,0.31730465640509214,0.0,0.9483236552061993,1
1006.6012020654949,LHR-CTRL0002,hand_right,0.8014662616667945,0.7035494121916539,-1.3498666740998937,0.0,0.31730465640509214,0.0,0.9483236552061993,1
1006.6099907499621,LHR-CTRL0002,hand_right,0.7990699149126483,0.7030319411668179,-1.3526207173220761,0.0,0.31730465640509214,0.0,0.9483236552061993,1
1006.6110925722978,LHR-HMD00001,head,0.6004846062722597,1.4524934924496866,-1.1997940361721486,0.0,0.31730465640509214,0.0,0.9483236552061993,1
1006.6111108816256,LHR-TRKR0001,pelvis,0.6006522346189452,0.753731632950715,-1.2021019813290486,0.0,0.31730465640509214,0.0,0.9483236552061993,1
1006.611348289986,LHR-TRKR0002,foot_left,0.5199292207799536,0.0786117504940171,-1.1387903005140703,0.0,0.31730465640509214,0.0,0.9483236552061993,1
1006.6114962724337,LHR-CTRL0001,hand_left,0.4005615440859571,0.7029801730066499,-1.0488708237007769,0.0,0.31730465640509214,0.0,0.9483236552061993,1
1006.6199180209231,LHR-CTRL0002,hand_right,0.7986297955563998,0.7036454516053997,-1.3505840807382328,0.0,0.31730465640509214,0.0,0.9483236552061993,1
1006.6211861485407,LHR-HMD00001,head,0.5996179083973912,1.4528119274145084,-1.1983082136507623,0.0,0.31730465640509214,0.0,0.9483236552061993,1
1006.6215700960746,LHR-TRKR0001,pelvis,0.6015187729231126,0.7542259905383152,-1.1997493830344248,0.0,0.31730465640509214,0.0,0.9483236552061993,1
1006.621798966593,LHR-TRKR0002,foot_left,0.5219686311254723,0.0786367424120841,-1.140137649701063,0.0,0.31730465640509214,0.0,0.9483236552061993,1
1006.6234458071632,LHR-CTRL0001,hand_left,0.4001252739417057,0.7037266439047959,-1.048374773405254,0.0,0.31730465640509214,0.0,0.9483236552061993,1
1006.6304978166291,LHR-TRKR0001,pelvis,0.5987699935995718,0.7542634374407108,-1.2006899379870477,0.0,0.31730465640509214,0.0,0.9483236552061993,1
1006.6318144451036,LHR-HMD00001,head,0.5990324808486631,1.454835831127797,-1.2011648636219712,0.0,0.31730465640509214,0.0,0.9483236552061993,1
1006.6325080222031,LHR-CTRL0001,hand_left,0.40062316629507455,0.7052009529783818,-1.0495197572694244,0.0,0.31730465640509214,0.0,0.9483236552061993,1
1006.6331778795651,LHR-CTRL0002,hand_right,0.8006088448566516,0.7053714838478551,-1.3514551062155766,0.0,0.31730465640509214,0.0,0.9483236552061993,1
1006.6335413001966,LHR-TRKR0002,foot_left,0.5195982900521097,0.07797876300302617,-1.1401666468756935,0.0,0.31730465640509214,0.0,0.9483236552061993,1
1006.642878855073,LHR-HMD00001,head,0.5995686061919873,1.4556459468016958,-1.1998386045055196,0.0,0.31730465640509214,0.0,0.9483236552061993,1
1006.6446153316897,LHR-TRKR0002,foot_left,0.5204225976739483,0.08032194715474489,-1.1397017067610251,0.0,0.31730465640509214,0.0,0.9483236552061993,1
1006.6451291844259,LHR-CTRL0002,hand_right,0.8006930604414177,0.7060959174195182,-1.3523470682941237,0.0,0.31730465640509214,0.0,0.9483236552061993,1
1006.6458499462894,LHR-CTRL0001,hand_left,0.3995100924517058,0.7037510882303242,-1.0490413180579485,0.0,0.31730465640509214,0.0,0.9483236552061993,1
1006.6463761839901,LHR-TRKR0001,pelvis,0.5998589290773251,0.7545084542361427,-1.2017649257309297,0.0,0.31730465640509214,0.0,0.9483236552061993,1
1006.6534765099258,LHR-TRKR0002,foot_left,0.5214191555694894,0.0787259674540018,-1.1410116556329166,0.0,0.31730465640509214,0.0,0.9483236552061993,1
1006.6552889247413,LHR-CTRL0001,hand_left,0.40102654519050907,0.7067819679879598,-1.0506175557104624,0.0,0.31730465640509214,0.0,0.9483236552061993,1
1006.6556034234213,LHR-CTRL0002,hand_right,0.7975980546796357,0.7061670960059109,-1.349342896589601,0.0,0.31730465640509214,0.0,0.9483236552061993,1
1006.6556065895007,LHR-HMD00001,head,0.5989762433959526,1.4564598235246882,-1.1996500539408563,0.0,0.31730465640509214,0.0,0.9483236552061993,1
1006.6574851341231,LHR-TRKR0001,pelvis,0.5996417228109432,0.7579096234276558,-1.1984294250782956,0.0,0.31730465640509214,0.0,0.9483236552061993,1
1006.6655098365595,LHR-HMD00001,head,0.6014841777476477,1.4582333362536208,-1.1989271179637109,0.0,0.31730465640509214,0.0,0.9483236552061993,1
1006.6663813907396,LHR-CTRL0002,hand_right,0.7998954752643405,0.7081197224993601,-1.3513229375944864,0.0,0.31730465640509214,0.0,0.9483236552061993,1
1006.666836406754,LHR-TRKR0002,foot_left,0.5224829289097518,0.08046012807685636,-1.1404933317268469,0.0,0.31730465640509214,0.0,0.9483236552061993,1
1006.6677607896778,LHR-CTRL0001,hand_left,0.39987389386354216,0.7075788310240481,-1.0509862905122924,0.0,0.31730465640509214,0.0,0.9483236552061993,1
1006.6681239894418,LHR-TRKR0001,pelvis,0.5996994802878636,0.758949387973758,-1.2007054519999047,0.0,0.31730465640509214,0.0,0.9483236552061993,1
1006.6764128981771,LHR-HMD00001,head,0.600633024233636,1.4577684016677819,-1.2003283673644793,0.0,0.31730465640509214,0.0,0.9483236552061993,1
1006.6767127599988,LHR-TRKR0002,foot_left,0.5194392386624503,0.08126587833853491,-1.1384053846178066,0.0,0.31730465640509214,0.0,0.9483236552061993,1
1006.6782206065501,LHR-CTRL0001,hand_left,0.40019573455375235,0.7088090584346259,-1.0495580350856026,0.0,0.31730465640509214,0.0,0.9483236552061993,1
1006.6785764623097,LHR-TRKR0001,pelvis,0.5994445099699319,0.7583618339445569,-1.2008935739293962,0.0,0.31730465640509214,0.0,0.9483236552061993,1
1006.6790704471135,LHR-CTRL0002,hand_right,0.7996693970669853,0.7079016341150385,-1.3502122472869642,0.0,0.31730465640509214,0.0,0.9483236552061993,1
1006.6883376700625,LHR-CTRL0001,hand_left,0.39916010138025587,0.7092710643261957,-1.0502431240398251,0.0,0.31730465640509214,0.0,0.9483236552061993,1
1006.6886576629533,LHR-HMD00001,head,0.6009065304232535,1.4589439536056392,-1.201121349891516,0.0,0.31730465640509214,0.0,0.9483236552061993,1
1006.6888869978352,LHR-TRKR0002,foot_left,0.5199817910114416,0.07908575966604145,-1.1376232159193742,0.0,0.31730465640509214,0.0,0.9483236552061993,1
1006.688955811219,LHR-TRKR0001,pelvis,0.599755268440979,0.7588663797763162,-1.2017357031692024,0.0,0.31730465640509214,0.0,0.9483236552061993,1
1006.6891724780879,LHR-CTRL0002,hand_right,0.8001709573820426,0.708145558419895,-1.3522721566747342,0.0,0.31730465640509214,0.0,0.9483236552061993,1
1006.6986411443562,LHR-CTRL0001,hand_left,0.39908014536103575,0.709312545415639,-1.0496255598965192,0.0,0.31730465640509214,0.0,0.9483236552061993,1
1006.699283359884,LHR-CTRL0002,hand_right,0.797465380312403,0.7107756353985099,-1.3494768563173072,0.0,0.31730465640509214,0.0,0.9483236552061993,1
1006.700048420289,LHR-TRKR0002,foot_left,0.5194137440728859,0.07991369635759368,-1.1404356299171299,0.0,0.31730465640509214,0.0,0.9483236552061993,1
1006.700863793095,LHR-TRKR0001,pelvis,0.5991371464762444,0.7608301327633515,-1.2009488251245224,0.0,0.31730465640509214,0.0,0.9483236552061993,1
1006.7022775005249,LHR-HMD00001,head,0.599956222567372,1.4592326366232358,-1.200782421184948,0.0,0.31730465640509214,0.0,0.9483236552061993,1
1006.7098869260763,LHR-CTRL0001,hand_left,0.39959163537678666,0.7139150064194505,-1.049429411976804,0.0,0.31730465640509214,0.0,0.9483236552061993,1
1006.710690690951,LHR-CTRL0002,hand_right,0.7998241453719309,0.7121344131464656,-1.350376181407678,0.0,0.31730465640509214,0.0,0.9483236552061993,1
1006.7110994386352,LHR-TRKR0001,pelvis,0.6001169848349059,0.7635741954924056,-1.2008135753659999,0.0,0.31730465640509214,0.0,0.9483236552061993,1
1006.7113886514724,LHR-HMD00001,head,0.5988604516263113,1.4616393914545107,-1.1986876580331929,0.0,0.31730465640509214,0.0,0.9483236552061993,1
1006.711530487739,LHR-TRKR0002,foot_left,0.5203817021473194,0.08095294772098838,-1.1398349045897285,0.0,0.31730465640509214,0.0,0.9483236552061993,1
1006.7209181491564,LHR-TRKR0002,foot_left,0.5209657735654635,0.07810968362585027,-1.1407361626429093,0.0,0.31730465640509214,0.0,0.9483236552061993,1
1006.7217968490048,LHR-CTRL0002,hand_right,0.7988579224447706,0.7141877112758784,-1.3498618904576691,0.0,0.31730465640509214,0.0,0.9483236552061993,1
1006.7225195116446,LHR-CTRL0001,hand_left,0.400625144077081,0.7132864934861947,-1.0502003323143523,0.0,0.31730465640509214,0.0,0.9483236552061993,1
1006.7227174123062,LHR-TRKR0001,pelvis,0.599626934433265,0.7618911686804964,-1.1994394184827886,0.0,0.31730465640509214,0.0,0.9483236552061993,1
1006.7229851410557,LHR-HMD00001,head,0.6023191849373357,1.4639787527485721,-1.2009606293131494,0.0,0.31730465640509214,0.0,0.9483236552061993,1
1006.732246056316,LHR-CTRL0001,hand_left,0.40114446650724034,0.7150231223543899,-1.0489405137169847,0.0,0.31730465640509214,0.0,0.9483236552061993,1
1006.7332286680222,LHR-TRKR0001,pelvis,0.6008709335226934,0.7634712151432578,-1.1982052555630414,0.0,0.31730465640509214,0.0,0.9483236552061993,1
1006.7335460516796,LHR-HMD00001,head,0.6007311006078306,1.4650781983646355,-1.2006023681610165,0.0,0.31730465640509214,0.0,0.9483236552061993,1
1006.734190624873,LHR-CTRL0002,hand_right,0.8009855032643494,0.7164733208820201,-1.350276801191511,0.0,0.31730465640509214,0.0,0.9483236552061993,1
1006.7355862239334,LHR-TRKR0002,foot_left,0.5209185348991184,0.07992267100699764,-1.1396361198906706,0.0,0.31730465640509214,0.0,0.9483236552061993,1
1006.7428861913531,LHR-TRKR0001,pelvis,0.599342820199809,0.7642450729393037,-1.2018488977786455,0.0,0.31730465640509214,0.0,0.9483236552061993,1
1006.7439498904783,LHR-CTRL0001,hand_left,0.4007609873344716,0.7141714506831008,-1.0489747004621393,0.0,0.31730465640509214,0.0,0.9483236552061993,1
1006.7447974360473,LHR-CTRL0002,hand_right,0.7986481349222866,0.7161121874714689,-1.3504347537764874,0.0,0.31730465640509214,0.0,0.9483236552061993,1
1006.7449235836518,LHR-TRKR0002,foot_left,0.5190124067809742,0.08178741100845215,-1.140313714170394,0.0,0.31730465640509214,0.0,0.9483236552061993,1
1006.7452274266105,LHR-HMD00001,head,0.6008810771081992,1.4656439507158154,-1.200579444667424,0.0,0.31730465640509214,0.0,0.9483236552061993,1
1006.753925158034,LHR-CTRL0002,hand_right,0.7987769923255126,0.7158678081080373,-1.349950935960003,0.0,0.31730465640509214,0.0,0.9483236552061993,1
1006.7542124669051,LHR-HMD00001,head,0.600057370911101,1.46798790349496,-1.2003683180328046,0.0,0.31730465640509214,0.0,0.9483236552061993,1
1006.7553091592504,LHR-CTRL0001,hand_left,0.4001164100529034,0.7174742475747514,-1.0485694440387892,0.0,0.31730465640509214,0.0,0.9483236552061993,1
1006.7554198681993,LHR-TRKR0001,pelvis,0.5992618378276656,0.7670608188949114,-1.2009432900133599,0.0,0.31730465640509214,0.0,0.9483236552061993,1
1006.7555040066727,LHR-TRKR0002,foot_left,0.5219266227835216,0.07895498604092271,-1.1411140620141311,0.0,0.31730465640509214,0.0,0.9483236552061993,1
1006.7634622016053,LHR-TRKR0001,pelvis,0.5999389385785299,0.7704028856849655,-1.1996914308554967,0.0,0.31730465640509214,0.0,0.9483236552061993,1
1006.7660255146154,LHR-CTRL0001,hand_left,0.4000570827554823,0.7176440759292851,-1.049081415634344,0.0,0.31730465640509214,0.0,0.9483236552061993,1
1006.7662361546965,LHR-HMD00001,head,0.6003552202637821,1.4671048824024215,-1.1997077210439744,0.0,0.31730465640509214,0.0,0.9483236552061993,1
1006.7664214836242,LHR-TRKR0002,foot_left,0.5209035091280291,0.07961720588889624,-1.1398840887727757,0.0,0.31730465640509214,0.0,0.9483236552061993,1
1006.7671837367956,LHR-CTRL0002,hand_right,0.7994912957541979,0.7191522052926227,-1.3513179254913508,0.0,0.31730465640509214,0.0,0.9483236552061993,1
1006.7764967438796,LHR-CTRL0002,hand_right,0.7990949665791963,0.7202835677104897,-1.3511573925139826,0.0,0.31730465640509214,0.0,0.9483236552061993,1
1006.7772649424951,LHR-TRKR0002,foot_left,0.5214690712918205,0.07880718284066081,-1.137738722896152,0.0,0.31730465640509214,0.0,0.9483236552061993,1
1006.7773307659819,LHR-CTRL0001,hand_left,0.40241022870384824,0.7192241657304618,-1.049210994973845,0.0,0.31730465640509214,0.0,0.9483236552061993,1
1006.7780391286234,LHR-HMD00001,head,0.5995215596685742,1.4700787172698058,-1.2025257897473005,0.0,0.31730465640509214,0.0,0.9483236552061993,1
1006.7794409504673,LHR-TRKR0001,pelvis,0.6002322174624513,0.7709373066296882,-1.201052862720803,0.0,0.31730465640509214,0.0,0.9483236552061993,1
1006.7884541213657,LHR-CTRL0002,hand_right,0.7990317592563186,0.7196933608968087,-1.3494826564923175,0.0,0.31730465640509214,0.0,0.9483236552061993,1
1006.7888709720728,LHR-HMD00001,head,0.5985507975316079,1.4704423989766076,-1.1993945462190398,0.0,0.31730465640509214,0.0,0.9483236552061993,1
1006.7889101555886,LHR-TRKR0002,foot_left,0.5206730509258067,0.07988766669321043,-1.140992391619037,0.0,0.31730465640509214,0.0,0.9483236552061993,1
1006.7894960589974,LHR-CTRL0001,hand_left,0.3999768742717587,0.7235180592072118,-1.0495415548596845,0.0,0.31730465640509214,0.0,0.9483236552061993,1
1006.7898910060973,LHR-TRKR0001,pelvis,0.5988582607438315,0.7715261645218366,-1.201251823182986,0.0,0.31730465640509214,0.0,0.9483236552061993,1
1006.7993374042044,LHR-TRKR0002,foot_left,0.5192216446952103,0.08082487297490912,-1.1388334791876586,0.0,0.31730465640509214,0.0,0.9483236552061993,1
1006.7998080067798,LHR-HMD00001,head,0.5990780685524738,1.4741166589412744,-1.1993410906823008,0.0,0.31730465640509214,0.0,0.9483236552061993,1
1006.8000734592254,LHR-TRKR0001,pelvis,0.6014770575754997,0.7743544441234275,-1.199694240086982,0.0,0.31730465640509214,0.0,0.9483236552061993,1
1006.8011189682119,LHR-CTRL0001,hand_left,0.399043299959204,0.7220139402759002,-1.0480992819135562,0.0,0.31730465640509214,0.0,0.9483236552061993,1
1006.8013945258319,LHR-CTRL0002,hand_right,0.799690658734684,0.7244545140216178,-1.3503495191371877,0.0,0.31730465640509214,0.0,0.9483236552061993,1
1006.8094386895822,LHR-CTRL0002,hand_right,0.7989561783382976,0.7266170056920882,-1.3498835590720237,0.0,0.31730465640509214,0.0,0.9483236552061993,1
1006.8097065285694,LHR-TRKR0001,pelvis,0.6000854100145467,0.773144020161916,-1.20048071606561,0.0,0.31730465640509214,0.0,0.9483236552061993,1
1006.8104452350314,LHR-HMD00001,head,0.5994535843436037,1.4744768183876404,-1.1987894898870084,0.0,0.31730465640509214,0.0,0.9483236552061993,1
1006.8107254752315,LHR-TRKR0002,foot_left,0.5200702024101111,0.08146041783937867,-1.139540940138774,0.0,0.31730465640509214,0.0,0.9483236552061993,1
1006.811577932061,LHR-CTRL0001,hand_left,0.4003199774727261,0.724936561430136,-1.0497291583596984,0.0,0.31730465640509214,0.0,0.9483236552061993,1
1006.8214850547779,LHR-CTRL0002,hand_right,0.8001678909113519,0.7272053146968563,-1.3502842185022055,0.0,0.31730465640509214,0.0,0.9483236552061993,1
1006.8219638391195,LHR-HMD00001,head,0.6002619413765333,1.476125813932471,-1.1995195847674602,0.0,0.31730465640509214,0.0,0.9483236552061993,1
1006.8219810831566,LHR-TRKR0002,foot_left,0.5198727443596026,0.07930249969342268,-1.1376200454554226,0.0,0.31730465640509214,0.0,0.9483236552061993,1
1006.8223503710439,LHR-TRKR0001,pelvis,0.5985253814542263,0.7759445240803066,-1.1985488160872013,0.0,0.31730465640509214,0.0,0.9483236552061993,1
1006.8228674665057,LHR-CTRL0001,hand_left,0.40033943075897827,0.7267002414347157,-1.0497696622352586,0.0,0.31730465640509214,0.0,0.9483236552061993,1
1006.8325591355094,LHR-HMD00001,head,0.5993361811517265,1.4795791793142776,-1.1991738247373065,0.0,0.31730465640509214,0.0,0.9483236552061993,1
1006.8326706686393,LHR-TRKR0001,pelvis,0.5998075045776655,0.7789022419260354,-1.2003143037833213,0.0,0.31730465640509214,0.0,0.9483236552061993,1
1006.832870963181,LHR-CTRL0002,hand_right,0.8002685855234861,0.7290077844753485,-1.3504753427612322,0.0,0.31730465640509214,0.0,0.9483236552061993,1
1006.8338677033095,LHR-CTRL0001,hand_left,0.4010652428903264,0.7280794855093414,-1.0484652628117972,0.0,0.31730465640509214,0.0,0.9483236552061993,1
1006.834396426856,LHR-TRKR0002,foot_left,0.5195946837315524,0.0785355777383075,-1.1411366905908962,0.0,0.31730465640509214,0.0,0.9483236552061993,1
1006.8420226114296,LHR-HMD00001,head,0.5991830612744741,1.4812141046936287,-1.2030114500753628,0.0,0.31730465640509214,0.0,0.9483236552061993,1
1006.8432201836399,LHR-CTRL0002,hand_right,0.7980670107652911,0.7313895808375394,-1.3500537919157696,0.0,0.31730465640509214,0.0,0.9483236552061993,1
1006.8437052903377,LHR-TRKR0001,pelvis,0.6011643721881,0.7797980828785621,-1.2001503680364947,0.0,0.31730465640509214,0.0,0.9483236552061993,1
1006.8440057810303,LHR-CTRL0001,hand_left,0.39970841217660197,0.7313118734595941,-1.048063916474485,0.0,0.31730465640509214,0.0,0.9483236552061993,1
1006.8449102512569,LHR-TRKR0002,foot_left,0.5213472430714341,0.08188370383470099,-1.1392975742884306,0.0,0.31730465640509214,0.0,0.9483236552061993,1
1006.8532677075957,LHR-TRKR0001,pelvis,0.6002639171276452,0.7825662758141941,-1.1998173902043903,0.0,0.31730465640509214,0.0,0.9483236552061993,1
1006.8543610471139,LHR-HMD00001,head,0.6005471280587458,1.4809146633149928,-1.1974744451542056,0.0,0.31730465640509214,0.0,0.9483236552061993,1
1006.8557409875168,LHR-CTRL0001,hand_left,0.39932252802925033,0.7330873341596191,-1.0491030493831643,0.0,0.31730465640509214,0.0,0.9483236552061993,1
1006.8560920069448,LHR-TRKR0002,foot_left,0.5194220797304131,0.07934256484393255,-1.139561109556443,0.0,0.31730465640509214,0.0,0.9483236552061993,1
1006.8567340435919,LHR-CTRL0002,hand_right,0.800386298208296,0.731611449707295,-1.3502138374570287,0.0,0.31730465640509214,0.0,0.9483236552061993,1
1006.8649761707591,LHR-CTRL0001,hand_left,0.40126699392150106,0.7339633926519413,-1.0480977753856315,0.0,0.31730465640509214,0.0,0.9483236552061993,1
1006.8661050919571,LHR-CTRL0002,hand_right,0.7995858219657903,0.7341556807479578,-1.3509058678186152,0.0,0.31730465640509214,0.0,0.9483236552061993,1
1006.8669916728343,LHR-TRKR0002,foot_left,0.520307441692833,0.07695407171083088,-1.1402960002206122,0.0,0.31730465640509214,0.0,0.9483236552061993,1
1006.8671423196056,LHR-HMD00001,head,0.6003541624376965,1.48455552486826,-1.1988667197651934,0.0,0.31730465640509214,0.0,0.9483236552061993,1
1006.8678647378706,LHR-TRKR0001,pelvis,0.5998245377051322,0.7860964024918927,-1.1989346140766939,0.0,0.31730465640509214,0.0,0.9483236552061993,1
1006.876610977528,LHR-TRKR0002,foot_left,0.5196361722981407,0.07883413141352547,-1.139568428226327,0.0,0.31730465640509214,0.0,0.9483236552061993,1
1006.8776459884858,LHR-TRKR0001,pelvis,0.6003544459338214,0.7872685282161784,-1.198975079256939,0.0,0.31730465640509214,0.0,0.9483236552061993,1
1006.8777958673029,LHR-CTRL0002,hand_right,0.7991806552928248,0.7366295367861606,-1.3497062487567597,0.0,0.31730465640509214,0.0,0.9483236552061993,1
1006.877858860549,LHR-CTRL0001,hand_left,0.3984019258317196,0.7373767013319753,-1.0506218702388936,0.0,0.31730465640509214,0.0,0.9483236552061993,1
1006.8793348557334,LHR-HMD00001,head,0.5992155548653786,1.4875369282449427,-1.2002849065849703,0.0,0.31730465640509214,0.0,0.9483236552061993,1
1006.8856090414712,LHR-TRKR0002,foot_left,0.519341133564025,0.07876452585406728,-1.1388176459484767,0.0,0.31730465640509214,0.0,0.9483236552061993,1
1006.888461258706,LHR-CTRL0001,hand_left,0.4001760699921987,0.7399290697050603,-1.0498076968244638,0.0,0.31730465640509214,0.0,0.9483236552061993,1
1006.8887002629436,LHR-CTRL0002,hand_right,0.799862377822087,0.7398175329401455,-1.3498086901335307,0.0,0.31730465640509214,0.0,0.9483236552061993,1
1006.8891259054225,LHR-TRKR0001,pelvis,0.5994015374296607,0.789344482125417,-1.1972224376701517,0.0,0.31730465640509214,0.0,0.9483236552061993,1
1006.8907024690602,LHR-HMD00001,head,0.6000011776406567,1.4890062213206292,-1.199561860199676,0.0,0.31730465640509214,0.0,0.9483236552061993,1
1006.8998829660239,LHR-TRKR0001,pelvis,0.6011749866578677,0.7928806913959909,-1.1997076670698499,0.0,0.31730465640509214,0.0,0.9483236552061993,1
1006.9000967517437,LHR-HMD00001,head,0.5992601501754192,1.4914900200030687,-1.1993715065244537,0.0,0.31730465640509214,0.0,0.9483236552061993,1
1006.9005585024163,LHR-TRKR0002,foot_left,0.5208914505141514,0.07826576257708633,-1.1394622693116832,0.0,0.31730465640509214,0.0,0.9483236552061993,1
1006.9008614193659,LHR-CTRL0002,hand_right,0.7993057654645096,0.7411684339151117,-1.351344998928205,0.0,0.31730465640509214,0.0,0.9483236552061993,1
1006.9012375444969,LHR-CTRL0001,hand_left,0.4013588222447117,0.7417963688286598,-1.0489016444117534,0.0,0.31730465640509214,0.0,0.9483236552061993,1
1006.9092531518228,LHR-CTRL0001,hand_left,0.4008614959927922,0.7410523119576395,-1.0479186856507325,0.0,0.31730465640509214,0.0,0.9483236552061993,1
1006.9094644171512,LHR-TRKR0002,foot_left,0.5212816986408771,0.08061560457413251,-1.1403814167452018,0.0,0.31730465640509214,0.0,0.9483236552061993,1
1006.9111242392429,LHR-TRKR0001,pelvis,0.6007087272588173,0.7926650590344998,-1.2004408026379036,0.0,0.31730465640509214,0.0,0.9483236552061993,1
1006.9115166143788,LHR-CTRL0002,hand_right,0.8000984437636942,0.7425091138614527,-1.349721305935033,0.0,0.31730465640509214,0.0,0.9483236552061993,1
1006.9120044947346,LHR-HMD00001,head,0.5994044957379766,1.4945560202355133,-1.1995142766390237,0.0,0.31730465640509214,0.0,0.9483236552061993,1
1006.9211522043255,LHR-CTRL0001,hand_left,0.39881545300165255,0.7457754316666467,-1.0492194707772027,0.0,0.31730465640509214,0.0,0.9483236552061993,1
1006.921998050914,LHR-TRKR0002,foot_left,0.5203342321036556,0.07936082018143119,-1.1395880182621623,0.0,0.31730465640509214,0.0,0.9483236552061993,1
1006.9230769361383,LHR-TRKR0001,pelvis,0.5997014173299313,0.7957786392330053,-1.2014274168610375,0.0,0.31730465640509214,0.0,0.9483236552061993,1
1006.923130200133,LHR-HMD00001,head,0.5997044767141647,1.495441137191557,-1.2000487949130887,0.0,0.31730465640509214,0.0,0.9483236552061993,1
1006.9233524337133,LHR-CTRL0002,hand_right,0.8005545264256292,0.746127154356502,-1.351414088016633,0.0,0.31730465640509214,0.0,0.9483236552061993,1
1006.9322665895346,LHR-CTRL0002,hand_right,0.8000819249640354,0.7476408574021665,-1.3495466104584293,0.0,0.31730465640509214,0.0,0.9483236552061993,1
1006.9326410741494,LHR-HMD00001,head,0.5995471517059586,1.4973857521902159,-1.2001326914873494,0.0,0.31730465640509214,0.0,0.9483236552061993,1
1006.9340103784756,LHR-TRKR0002,foot_left,0.5200733810592831,0.07865237540598008,-1.1403076303870794,0.0,0.31730465640509214,0.0,0.9483236552061993,1
1006.9341977494415,LHR-TRKR0001,pelvis,0.6016651795251445,0.7986260864484407,-1.2015916702165976,0.0,0.31730465640509214,0.0,0.9483236552061993,1
1006.9356125895597,LHR-CTRL0001,hand_left,0.3986802458751884,0.748263382949922,-1.0501179332211725,0.0,0.31730465640509214,0.0,0.9483236552061993,1
1006.9427198599245,LHR-TRKR0001,pelvis,0.6006094724968699,0.8008608727054393,-1.1986716802978858,0.0,0.31730465640509214,0.0,0.9483236552061993,1
1006.942746504614,LHR-HMD00001,head,0.5997877619611568,1.5001058665318023,-1.1985802130139003,0.0,0.31730465640509214,0.0,0.9483236552061993,1
1006.9431540591257,LHR-TRKR0002,foot_left,0.5212102276860281,0.07946549449599295,-1.1401061020358716,0.0,0.31730465640509214,0.0,0.9483236552061993,1
1006.9441120629467,LHR-CTRL0002,hand_right,0.7989553339064036,0.7507187469535332,-1.3516536131690702,0.0,0.31730465640509214,0.0,0.9483236552061993,1
1006.9451793913482,LHR-CTRL0001,hand_left,0.39946868836234284,0.7508162561621492,-1.0493160369963677,0.0,0.31730465640509214,0.0,0.9483236552061993,1
1006.9555864428748,LHR-HMD00001,head,0.6009117715745588,1.5035646149141215,-1.1994826839346346,0.0,0.31730465640509214,0.0,0.9483236552061993,1
1006.9557479633557,LHR-TRKR0002,foot_left,0.5191440519086552,0.07816374262043428,-1.1409208706763891,0.0,0.31730465640509214,0.0,0.9483236552061993,1
1006.9561584339791,LHR-TRKR0001,pelvis,0.5997917145013171,0.8035147008192892,-1.2006504124188522,0.0,0.31730465640509214,0.0,0.9483236552061993,1
1006.9564559311904,LHR-CTRL0002,hand_right,0.8003181826478261,0.7532473210383251,-1.3497194362469391,0.0,0.31730465640509214,0.0,0.9483236552061993,1
1006.9569383541464,LHR-CTRL0001,hand_left,0.40042297054826154,0.753213625460612,-1.0509040134687617,0.0,0.31730465640509214,0.0,0.9483236552061993,1
1006.9649044656694,LHR-HMD00001,head,0.59939621149689,1.5036582316992115,-1.2002275635646646,0.0,0.31730465640509214,0.0,0.9483236552061993,1
1006.9658779730963,LHR-CTRL0001,hand_left,0.4007555390438172,0.7537446265272558,-1.0499686658352754,0.0,0.31730465640509214,0.0,0.9483236552061993,1
1006.9670654370568,LHR-TRKR0001,pelvis,0.5998768319149836,0.8060652469336956,-1.199887008618202,0.0,0.31730465640509214,0.0,0.9483236552061993,1
1006.9672365465077,LHR-CTRL0002,hand_right,0.7990960930240819,0.7558670070611829,-1.350781856775423,0.0,0.31730465640509214,0.0,0.9483236552061993,1
1006.9676556829992,LHR-TRKR0002,foot_left,0.5205382500452655,0.08155889669239294,-1.1392515393497566,0.0,0.31730465640509214,0.0,0.9483236552061993,1
1006.9763239708093,LHR-CTRL0001,hand_left,0.3997883550076446,0.7558210146045089,-1.048972114659517,0.0,0.31730465640509214,0.0,0.9483236552061993,1
1006.976816043826,LHR-TRKR0001,pelvis,0.6000838405727951,0.8061583177365568,-1.1992867854465268,0.0,0.31730465640509214,0.0,0.9483236552061993,1
1006.9774578481648,LHR-HMD00001,head,0.6011861584834961,1.5086598707497232,-1.2014580215367738,0.0,0.31730465640509214,0.0,0.9483236552061993,1
1006.9778600576028,LHR-TRKR0002,foot_left,0.5198353469352776,0.07968778389425918,-1.140259812271119,0.0,0.31730465640509214,0.0,0.9483236552061993,1
1006.978422979569,LHR-CTRL0002,hand_right,0.7989540907047731,0.7567926277913211,-1.350951231414203,0.0,0.31730465640509214,0.0,0.9483236552061993,1
1006.9883225047922,LHR-TRKR0001,pelvis,0.599352133761165,0.8109817819769913,-1.2002365760094509,0.0,0.31730465640509214,0.0,0.9483236552061993,1
1006.9889042375365,LHR-TRKR0002,foot_left,0.5192340258267154,0.08055238392412638,-1.1398616438571774,0.0,0.31730465640509214,0.0,0.9483236552061993,1
1006.9890704800396,LHR-CTRL0002,hand_right,0.7991940407719512,0.7616162932387321,-1.3504081965803605,0.0,0.31730465640509214,0.0,0.9483236552061993,1
1006.9893713226633,LHR-CTRL0001,hand_left,0.40192319012445166,0.7597827061976169,-1.0488516620023234,0.0,0.31730465640509214,0.0,0.9483236552061993,1
1006.9894970059757,LHR-HMD00001,head,0.598225853897067,1.5118088826252858,-1.1985749864940678,0.0,0.31730465640509214,0.0,0.9483236552061993,1
1006.9985799305119,LHR-HMD00001,head,0.5993734381936023,1.5121010941008992,-1.1999500111532952,0.0,0.31730465640509214,0.0,0.9483236552061993,1
1006.999227477175,LHR-CTRL0002,hand_right,0.7997635546894322,0.7628048145979485,-1.349841958114682,0.0,0.31730465640509214,0.0,0.9483236552061993,1
1006.999947031239,LHR-TRKR0001,pelvis,0.6005572399192342,0.8128922619749291,-1.2009671062522154,0.0,0.31730465640509214,0.0,0.9483236552061993,1
1007.000160248933,LHR-CTRL0001,hand_left,0.3995607205442489,0.7630897835089128,-1.047894195282395,0.0,0.31730465640509214,0.0,0.9483236552061993,1
1007.0008001534437,LHR-TRKR0002,foot_left,0.5187895416989295,0.08060415479251636,-1.1387769637219955,0.0,0.31730465640509214,0.0,0.9483236552061993,1
1007.0104271518554,LHR-TRKR0002,foot_left,0.5203098178909957,0.0788763763491659,-1.1387099552706381,0.0,0.31730465640509214,0.0,0.9483236552061993,1
1007.011143406495,LHR-HMD00001,head,0.6011031849161073,1.514555303178673,-1.1994082098483505,0.0,0.31730465640509214,0.0,0.9483236552061993,1
1007.0113347938559,LHR-CTRL0002,hand_right,0.7991994863102194,0.764910676475646,-1.34911571287271,0.0,0.31730465640509214,0.0,0.9483236552061993,1
1007.0116554145308,LHR-CTRL0001,hand_left,0.4010979570848544,0.7640981340415604,-1.0494426546326026,0.0,0.31730465640509214,0.0,0.9483236552061993,1
1007.0118275762757,LHR-TRKR0001,pelvis,0.5981922691262036,0.8163346967217533,-1.2019476322453078,0.0,0.31730465640509214,0.0,0.9483236552061993,1
1007.0216549666341,LHR-TRKR0002,foot_left,0.5191282855167819,0.0794883203866963,-1.140385514203601,0.0,0.31730465640509214,0.0,0.9483236552061993,1
1007.0220166924207,LHR-CTRL0002,hand_right,0.7992151105085697,0.7671400320701178,-1.3517200562949983,0.0,0.31730465640509214,0.0,0.9483236552061993,1
1007.0223655818927,LHR-TRKR0001,pelvis,0.6011340065777006,0.8161751288727463,-1.1981457605063024,0.0,0.31730465640509214,0.0,0.9483236552061993,1
1007.0234622403375,LHR-HMD00001,head,0.6002737782144923,1.5181934083152715,-1.1989459834281302,0.0,0.31730465640509214,0.0,0.9483236552061993,1
1007.0237688816991,LHR-CTRL0001,hand_left,0.3999807097544185,0.7676904344874572,-1.0476423115734044,0.0,0.31730465640509214,0.0,0.9483236552061993,1
1007.0336948458073,LHR-HMD00001,head,0.6001466587573603,1.5190073657134118,-1.1990975953186487,0.0,0.31730465640509214,0.0,0.9483236552061993,1
1007.0337426356322,LHR-CTRL0002,hand_right,0.8006901081151891,0.7707893447522591,-1.3517903021829387,0.0,0.31730465640509214,0.0,0.9483236552061993,1
1007.0339564806161,LHR-TRKR0002,foot_left,0.5192202392791576,0.0790815774650849,-1.1407210116399435,0.0,0.31730465640509214,0.0,0.9483236552061993,1
1007.0341876396002,LHR-CTRL0001,hand_left,0.39978430773116125,0.7696314759834795,-1.048865504394527,0.0,0.31730465640509214,0.0,0.9483236552061993,1
1007.0355595796077,LHR-TRKR0001,pelvis,0.5996441226464763,0.8199446815585506,-1.1990860960604037,0.0,0.31730465640509214,0.0,0.9483236552061993,1
1007.0428970338986,LHR-CTRL0001,hand_left,0.39948660984997547,0.7713734334824651,-1.0516159446869056,0.0,0.31730465640509214,0.0,0.9483236552061993,1
1007.0435959911168,LHR-TRKR0001,pelvis,0.5993450635732511,0.8217151570580274,-1.20028496117823,0.0,0.31730465640509214,0.0,0.9483236552061993,1
1007.0437174555093,LHR-CTRL0002,hand_right,0.7985450466342836,0.7722068437261745,-1.348773931692381,0.0,0.31730465640509214,0.0,0.9483236552061993,1
1007.0449667661452,LHR-HMD00001,head,0.5995129521336937,1.5238548019264944,-1.1997352508394028,0.0,0.31730465640509214,0.0,0.9483236552061993,1
1007.0451698291638,LHR-TRKR0002,foot_left,0.5184475449896604,0.07985073822597331,-1.139844003562378,0.0,0.31730465640509214,0.0,0.9483236552061993,1
1007.054618254387,LHR-CTRL0002,hand_right,0.7986288684160187,0.7776913988710784,-1.3504172701244346,0.0,0.31730465640509214,0.0,0.9483236552061993,1
1007.05467849431,LHR-TRKR0002,foot_left,0.5213379855183125,0.07993507835697734,-1.1404505477018947,0.0,0.31730465640509214,0.0,0.9483236552061993,1
1007.0550453734056,LHR-CTRL0001,hand_left,0.3990255148433099,0.7747232392940873,-1.0502207107672985,0.0,0.31730465640509214,0.0,0.9483236552061993,1
1007.05593602768,LHR-TRKR0001,pelvis,0.5999654645609651,0.8266520592341966,-1.2007005388569514,0.0,0.31730465640509214,0.0,0.9483236552061993,1
1007.0564622959694,LHR-HMD00001,head,0.5990219731719729,1.5259631385154435,-1.2006350346206198,0.0,0.31730465640509214,0.0,0.9483236552061993,1
1007.0644601534534,LHR-CTRL0001,hand_left,0.4007959816981855,0.7778170032120655,-1.0480591134390622,0.0,0.31730465640509214,0.0,0.9483236552061993,1
1007.0664000819869,LHR-CTRL0002,hand_right,0.7987402434088957,0.7769711744432166,-1.3495647629508187,0.0,0.31730465640509214,0.0,0.9483236552061993,1
1007.0666860683383,LHR-TRKR0002,foot_left,0.5205095534244409,0.07981425764743488,-1.1415525871880146,0.0,0.31730465640509214,0.0,0.9483236552061993,1
1007.0672863435701,LHR-TRKR0001,pelvis,0.5999369866324402,0.8292328240835589,-1.1998246876953926,0.0,0.31730465640509214,0.0,0.9483236552061993,1
1007.0683996297389,LHR-HMD00001,head,0.6002702169494867,1.5281908434823221,-1.198989949490115,0.0,0.31730465640509214,0.0,0.9483236552061993,1
1007.0771568681796,LHR-TRKR0002,foot_left,0.5197277660847754,0.08109591582175626,-1.1402516734303303,0.0,0.31730465640509214,0.0,0.9483236552061993,1
1007.0779292008596,LHR-HMD00001,head,0.5992882730517544,1.530553140403585,-1.2006998817399446,0.0,0.31730465640509214,0.0,0.9483236552061993,1
1007.0783247861713,LHR-CTRL0001,hand_left,0.4008686853818896,0.7807207992796154,-1.0494376762754785,0.0,0.31730465640509214,0.0,0.9483236552061993,1
1007.0784685251552,LHR-TRKR0001,pelvis,0.5964017266890643,0.8294102075418648,-1.2012108825047836,0.0,0.31730465640509214,0.0,0.9483236552061993,1
1007.0787372149283,LHR-CTRL0002,hand_right,0.7981733095757971,0.7808372507302453,-1.3498203438174687,0.0,0.31730465640509214,0.0,0.9483236552061993,1
1007.0884236406818,LHR-CTRL0001,hand_left,0.4025623538157727,0.7837093032031467,-1.0487253163225434,0.0,0.31730465640509214,0.0,0.9483236552061993,1
1007.0897200623275,LHR-TRKR0002,foot_left,0.5211960032032232,0.08002807569444438,-1.1403865452121087,0.0,0.31730465640509214,0.0,0.9483236552061993,1
1007.0901183897503,LHR-HMD00001,head,0.5992061018231789,1.5336511874810002,-1.199785792286186,0.0,0.31730465640509214,0.0,0.9483236552061993,1
1007.0901380423861,LHR-CTRL0002,hand_right,0.7982996704160994,0.7840266441060987,-1.3516378247964869,0.0,0.31730465640509214,0.0,0.9483236552061993,1
1007.0902191958925,LHR-TRKR0001,pelvis,0.5996018427470294,0.8333439658813863,-1.1991719264759728,0.0,0.31730465640509214,0.0,0.9483236552061993,1
1007.0984284739152,LHR-TRKR0001,pelvis,0.600981183215901,0.8361546397523649,-1.200703743235894,0.0,0.31730465640509214,0.0,0.9483236552061993,1
1007.0987292066734,LHR-CTRL0001,hand_left,0.40176258737445136,0.7855433960225656,-1.0487299521804974,0.0,0.31730465640509214,0.0,0.9483236552061993,1
1007.0991889525028,LHR-CTRL0002,hand_right,0.800573113373211,0.7853097126486684,-1.3499071815223196,0.0,0.31730465640509214,0.0,0.9483236552061993,1
1007.0999358307837,LHR-HMD00001,head,0.6005607223898957,1.5364079374718294,-1.2004550816031074,0.0,0.31730465640509214,0.0,0.9483236552061993,1
1007.1002361287401,LHR-TRKR0002,foot_left,0.5219372037406106,0.07937355829978095,-1.140034731602056,0.0,0.31730465640509214,0.0,0.9483236552061993,1
1007.1105649422957,LHR-HMD00001,head,0.5984409163619583,1.5399547678145713,-1.2005076193100641,0.0,0.31730465640509214,0.0,0.9483236552061993,1
1007.1114705992907,LHR-CTRL0001,hand_left,0.4008199659991696,0.7889257539413849,-1.0480602528722476,0.0,0.31730465640509214,0.0,0.9483236552061993,1
1007.1116697019802,LHR-CTRL0002,hand_right,0.8010284204987947,0.7898962898172065,-1.3505511791410099,0.0,0.31730465640509214,0.0,0.9483236552061993,1
1007.1133704355994,LHR-TRKR0001,pelvis,0.6009939409221992,0.840171833639914,-1.1984515051323097,0.0,0.31730465640509214,0.0,0.9483236552061993,1
1007.1136371433441,LHR-TRKR0002,foot_left,0.5215472234362871,0.07871868138816969,-1.1401551748569811,0.0,0.31730465640509214,0.0,0.9483236552061993,1
1007.1203903981759,LHR-TRKR0002,foot_left,0.5208264235264373,0.07960643296035837,-1.1383048231021955,0.0,0.31730465640509214,0.0,0.9483236552061993,1
1007.1207576814435,LHR-TRKR0001,pelvis,0.5991095676752778,0.8418201001804168,-1.2016190233377333,0.0,0.31730465640509214,0.0,0.9483236552061993,1
1007.1211167932042,LHR-CTRL0001,hand_left,0.3994891713515255,0.7914035307466822,-1.0498607557866397,0.0,0.31730465640509214,0.0,0.9483236552061993,1
1007.1225370431919,LHR-HMD00001,head,0.6004007325947562,1.5409601155587591,-1.198485778132702,0.0,0.31730465640509214,0.0,0.9483236552061993,1
1007.1226103952503,LHR-CTRL0002,hand_right,0.7996207287559106,0.7911766520125627,-1.3505385943441712,0.0,0.31730465640509214,0.0,0.9483236552061993,1
1007.1314881057975,LHR-CTRL0002,hand_right,0.8006591183641503,0.7949979746444873,-1.3514963715074506,0.0,0.31730465640509214,0.0,0.9483236552061993,1
1007.1317735595501,LHR-TRKR0001,pelvis,0.5996922433276283,0.8433563198093333,-1.1989589066942368,0.0,0.31730465640509214,0.0,0.9483236552061993,1
1007.1327270876008,LHR-TRKR0002,foot_left,0.5189102459349265,0.07914170714648563,-1.1396018528435488,0.0,0.31730465640509214,0.0,0.9483236552061993,1
1007.1327275204853,LHR-HMD00001,head,0.6006915553913345,1.5437172443936518,-1.1996519348443448,0.0,0.31730465640509214,0.0,0.9483236552061993,1
1007.1343415930526,LHR-CTRL0001,hand_left,0.39901816344318736,0.7961099947190562,-1.049761930806135,0.0,0.31730465640509214,0.0,0.9483236552061993,1
1007.143861011421,LHR-CTRL0002,hand_right,0.8010567929823408,0.796513443781421,-1.3516192429327263,0.0,0.31730465640509214,0.0,0.9483236552061993,1
1007.1438713152286,LHR-HMD00001,head,0.6013427357941209,1.5472671777424332,-1.201701301367046,0.0,0.31730465640509214,0.0,0.9483236552061993,1
1007.1442222954149,LHR-TRKR0002,foot_left,0.5204297549505729,0.07986073128028466,-1.140437197600282,0.0,0.31730465640509214,0.0,0.9483236552061993,1
1007.1445975011584,LHR-TRKR0001,pelvis,0.5989780014082502,0.8478263384843063,-1.199874402321091,0.0,0.31730465640509214,0.0,0.9483236552061993,1
1007.145161541149,LHR-CTRL0001,hand_left,0.39910436748881617,0.797149439791572,-1.0503182739650188,0.0,0.31730465640509214,0.0,0.9483236552061993,1
1007.1549478149251,LHR-HMD00001,head,0.6004568132964369,1.552126849420009,-1.201597229627295,0.0,0.31730465640509214,0.0,0.9483236552061993,1
1007.1549691107558,LHR-TRKR0002,foot_left,0.5201210235932479,0.07862282988938879,-1.1393896808486645,0.0,0.31730465640509214,0.0,0.9483236552061993,1
1007.1552086987132,LHR-TRKR0001,pelvis,0.6006649628226159,0.8500417298998812,-1.2012220625576242,0.0,0.31730465640509214,0.0,0.9483236552061993,1
1007.1563959845092,LHR-CTRL0002,hand_right,0.7996997553598011,0.8015654413843711,-1.3501009022998771,0.0,0.31730465640509214,0.0,0.9483236552061993,1
1007.1577901966001,LHR-CTRL0001,hand_left,0.40174514271284323,0.8016455680310455,-1.0483314342484262,0.0,0.31730465640509214,0.0,0.9483236552061993,1
1007.1643712424711,LHR-HMD00001,head,0.6010248266106948,1.5524695643457298,-1.2000911674777708,0.0,0.31730465640509214,0.0,0.9483236552061993,1
1007.1659139419819,LHR-CTRL0001,hand_left,0.4005515102397024,0.8035571546144556,-1.0504617507893623,0.0,0.31730465640509214,0.0,0.9483236552061993,1
1007.1663464336177,LHR-TRKR0002,foot_left,0.5190831545751149,0.07940954557422629,-1.141483416215759,0.0,0.31730465640509214,0.0,0.9483236552061993,1
1007.1675727230047,LHR-CTRL0002,hand_right,0.7974687648049711,0.8040513570493482,-1.3512822458773568,0.0,0.31730465640509214,0.0,0.9483236552061993,1
1007.1684599697849,LHR-TRKR0001,pelvis,0.6001062541613068,0.8546697177456215,-1.1997172539204275,0.0,0.31730465640509214,0.0,0.9483236552061993,1
1007.176622522173,LHR-TRKR0001,pelvis,0.5987510016726366,0.8584045722251051,-1.1998270749315962,0.0,0.31730465640509214,0.0,0.9483236552061993,1
1007.1767923986833,LHR-CTRL0002,hand_right,0.7996887682533742,0.8065945074077994,-1.3489462444331068,0.0,0.31730465640509214,0.0,0.9483236552061993,1
1007.1778832772554,LHR-HMD00001,head,0.6001917348796423,1.5562039099632181,-1.1991372121926056,0.0,0.31730465640509214,0.0,0.9483236552061993,1
1007.1786711669245,LHR-TRKR0002,foot_left,0.5217286663583466,0.07951194732283674,-1.138540716655997,0.0,0.31730465640509214,0.0,0.9483236552061993,1
1007.178732292974,LHR-CTRL0001,hand_left,0.4010278420420897,0.806051671011435,-1.049051570812071,0.0,0.31730465640509214,0.0,0.9483236552061993,1
1007.1861175693241,LHR-TRKR0002,foot_left,0.5193926399659308,0.0810001220706412,-1.1376099261875954,0.0,0.31730465640509214,0.0,0.9483236552061993,1
1007.1876250535303,LHR-HMD00001,head,0.5988354333727431,1.5586306455809809,-1.2009355854086106,0.0,0.31730465640509214,0.0,0.9483236552061993,1
1007.1884378981455,LHR-CTRL0001,hand_left,0.40020847637625634,0.8078598094495751,-1.0480102538017768,0.0,0.31730465640509214,0.0,0.9483236552061993,1
1007.1887526662924,LHR-CTRL0002,hand_right,0.7994828198048426,0.8088824798779933,-1.3504392725006764,0.0,0.31730465640509214,0.0,0.9483236552061993,1
1007.1898382095934,LHR-TRKR0001,pelvis,0.5981641023826018,0.8602821918452921,-1.2013911636823926,0.0,0.31730465640509214,0.0,0.9483236552061993,1
1007.1987961339283,LHR-CTRL0001,hand_left,0.3999570906418632,0.81377912493322,-1.049374724567402,0.0,0.31730465640509214,0.0,0.9483236552061993,1
1007.1989882546283,LHR-CTRL0002,hand_right,0.8004230625833109,0.810175463824906,-1.3512262609059484,0.0,0.31730465640509214,0.0,0.9483236552061993,1
1007.199593829194,LHR-TRKR0002,foot_left,0.520960784477093,0.0812191063233683,-1.1396541844082806,0.0,0.31730465640509214,0.0,0.9483236552061993,1
1007.1998927308794,LHR-HMD00001,head,0.5994892879048136,1.564878587565602,-1.2008459533387674,0.0,0.31730465640509214,0.0,0.9483236552061993,1
1007.2003842181634,LHR-TRKR0001,pelvis,0.6003496724191358,0.861112767494792,-1.197737826576198,0.0,0.31730465640509214,0.0,0.9483236552061993,1
1007.209777784768,LHR-CTRL0002,hand_right,0.7975613456602333,0.8158267449296811,-1.3504249401370387,0.0,0.31730465640509214,0.0,0.9483236552061993,1
1007.2116765253545,LHR-TRKR0001,pelvis,0.6014682006748036,0.8655885959100328,-1.2000615536784809,0.0,0.31730465640509214,0.0,0.9483236552061993,1
1007.2125610798915,LHR-HMD00001,head,0.60044885502536,1.5655148769429823,-1.2019199511869183,0.0,0.31730465640509214,0.0,0.9483236552061993,1
1007.2127001656816,LHR-TRKR0002,foot_left,0.5195656095146196,0.07986968733238414,-1.1417602350501772,0.0,0.31730465640509214,0.0,0.9483236552061993,1
1007.2129693539817,LHR-CTRL0001,hand_left,0.40045567373906726,0.8159311868667752,-1.0488321445775235,0.0,0.31730465640509214,0.0,0.9483236552061993,1
1007.2208739000773,LHR-TRKR0001,pelvis,0.5997378423974716,0.8684619279176593,-1.2006852649634676,0.0,0.31730465640509214,0.0,0.9483236552061993,1
1007.2211608137812,LHR-CTRL0001,hand_left,0.4010421392088657,0.8175189477659606,-1.0489956644808314,0.0,0.31730465640509214,0.0,0.9483236552061993,1
1007.221657478295,LHR-CTRL0002,hand_right,0.799254989576655,0.8186636963278897,-1.3510387021615091,0.0,0.31730465640509214,0.0,0.9483236552061993,1
1007.221687959781,LHR-TRKR0002,foot_left,0.5191682766639326,0.07973683415422793,-1.1429421924205012,0.0,0.31730465640509214,0.0,0.9483236552061993,1
1007.221701221899,LHR-HMD00001,head,0.5988527826824693,1.5657795230054035,-1.2001528776424315,0.0,0.31730465640509214,0.0,0.9483236552061993,1
1007.2309595532678,LHR-TRKR0002,foot_left,0.5204766173312858,0.08033104351832132,-1.1415434410106133,0.0,0.31730465640509214,0.0,0.9483236552061993,1
1007.2327540848063,LHR-TRKR0001,pelvis,0.6013106315172093,0.871128348483111,-1.1990468778558783,0.0,0.31730465640509214,0.0,0.9483236552061993,1
1007.2327913241749,LHR-HMD00001,head,0.5986853478258481,1.5695985017355012,-1.201535129112813,0.0,0.31730465640509214,0.0,0.9483236552061993,1
1007.2339862405515,LHR-CTRL0002,hand_right,0.7995948877143855,0.8216817589772839,-1.3509032540929038,0.0,0.31730465640509214,0.0,0.9483236552061993,1
1007.2349839811774,LHR-CTRL0001,hand_left,0.3996275253347027,0.8198907734441327,-1.0477540636645801,0.0,0.31730465640509214,0.0,0.9483236552061993,1
1007.2429862969557,LHR-TRKR0001,pelvis,0.599386327362222,0.8715232736797867,-1.1998582081762446,0.0,0.31730465640509214,0.0,0.9483236552061993,1
1007.2435398590152,LHR-CTRL0002,hand_right,0.8006979676250865,0.8243292957380552,-1.3506738672324254,0.0,0.31730465640509214,0.0,0.9483236552061993,1
1007.2440890407187,LHR-CTRL0001,hand_left,0.4009382681427614,0.823554743040611,-1.0510234386150261,0.0,0.31730465640509214,0.0,0.9483236552061993,1
1007.244267840491,LHR-TRKR0002,foot_left,0.5208101480519239,0.07949413512110216,-1.1396718538764912,0.0,0.31730465640509214,0.0,0.9483236552061993,1
1007.2458083538289,LHR-HMD00001,head,0.6006731945530266,1.574499508511365,-1.1985136434980264,0.0,0.31730465640509214,0.0,0.9483236552061993,1
1007.2538856397874,LHR-TRKR0001,pelvis,0.600848525764577,0.8789618912606999,-1.200226951308114,0.0,0.31730465640509214,0.0,0.9483236552061993,1
1007.2547276405013,LHR-TRKR0002,foot_left,0.5191878936091453,0.08120168782524667,-1.139044533143222,0.0,0.31730465640509214,0.0,0.9483236552061993,1
1007.2553067572694,LHR-CTRL0002,hand_right,0.7996634510043891,0.8269081950620383,-1.3510313211204907,0.0,0.31730465640509214,0.0,0.9483236552061993,1
1007.2561018613211,LHR-HMD00001,head,0.5998241257640741,1.5773355085569576,-1.1988703997262304,0.0,0.31730465640509214,0.0,0.9483236552061993,1
1007.256280073594,LHR-CTRL0001,hand_left,0.4016565447326975,0.8266668996088911,-1.050839703828009,0.0,0.31730465640509214,0.0,0.9483236552061993,1
1007.2650882619511,LHR-CTRL0002,hand_right,0.7983270012469678,0.8291913814094183,-1.351055326090121,0.0,0.31730465640509214,0.0,0.9483236552061993,1
1007.26613182113,LHR-TRKR0002,foot_left,0.5191614285221368,0.07993536652517821,-1.1399591327118,0.0,0.31730465640509214,0.0,0.9483236552061993,1
1007.2662396855665,LHR-CTRL0001,hand_left,0.4000194986596664,0.8300472915161493,-1.049285017880446,0.0,0.31730465640509214,0.0,0.9483236552061993,1
1007.2669315145404,LHR-TRKR0001,pelvis,0.599378654411908,0.8799709191106005,-1.1982487646679492,0.0,0.31730465640509214,0.0,0.9483236552061993,1
1007.267643193764,LHR-HMD00001,head,0.6020920403749679,1.5783683746083699,-1.2008103416662304,0.0,0.31730465640509214,0.0,0.9483236552061993,1
1007.2770046138419,LHR-CTRL0001,hand_left,0.40153587145505915,0.8286944381942161,-1.0484014204082521,0.0,0.31730465640509214,0.0,0.9483236552061993,1
1007.2774224865439,LHR-HMD00001,head,0.5990190431780569,1.5807886156386355,-1.1992855586003257,0.0,0.31730465640509214,0.0,0.9483236552061993,1
1007.2774929696224,LHR-CTRL0002,hand_right,0.7990069740348694,0.8318096709531665,-1.3514444596828084,0.0,0.31730465640509214,0.0,0.9483236552061993,1
1007.2785224460217,LHR-TRKR0001,pelvis,0.5993471412350199,0.8833964054324969,-1.1991037926978276,0.0,0.31730465640509214,0.0,0.9483236552061993,1
1007.278709419671,LHR-TRKR0002,foot_left,0.5208699036234664,0.08037250561028864,-1.1394377364215866,0.0,0.31730465640509214,0.0,0.9483236552061993,1
1007.2867611858941,LHR-CTRL0002,hand_right,0.7991611529998968,0.8325711496280803,-1.349482888967443,0.0,0.31730465640509214,0.0,0.9483236552061993,1
1007.2879885669472,LHR-CTRL0001,hand_left,0.399810954437244,0.8353187938125,-1.0498579618943795,0.0,0.31730465640509214,0.0,0.9483236552061993,1
1007.2882560177234,LHR-TRKR0002,foot_left,0.520592864511962,0.08144165618928992,-1.1405366120810072,0.0,0.31730465640509214,0.0,0.9483236552061993,1
1007.2885858082304,LHR-TRKR0001,pelvis,0.5990210914186265,0.8838437732638785,-1.1984751814109713,0.0,0.31730465640509214,0.0,0.9483236552061993,1
1007.2896369721018,LHR-HMD00001,head,0.6007281333770034,1.5839672063892658,-1.201085724564758,0.0,0.31730465640509214,0.0,0.9483236552061993,1
1007.2984333907633,LHR-TRKR0001,pelvis,0.5997764943531985,0.8899632938006717,-1.2027648894048475,0.0,0.31730465640509214,0.0,0.9483236552061993,1
1007.2993138314108,LHR-HMD00001,head,0.6003136991617981,1.587395685340291,-1.1997709875079487,0.0,0.31730465640509214,0.0,0.9483236552061993,1
1007.2995826546713,LHR-CTRL0001,hand_left,0.4009152004254613,0.8387015596319001,-1.0484373471168287,0.0,0.31730465640509214,0.0,0.9483236552061993,1
1007.2999830162507,LHR-CTRL0002,hand_right,0.7995583134430697,0.8373382045870388,-1.3511578705188225,0.0,0.31730465640509214,0.0,0.9483236552061993,1
1007.3002686439539,LHR-TRKR0002,foot_left,0.5199799976765902,0.08070508360305235,-1.1396225063647158,0.0,0.31730465640509214,0.0,0.9483236552061993,1
1007.3104245608214,LHR-TRKR0001,pelvis,0.6006666325806768,0.8913879233653069,-1.2007169614702276,0.0,0.31730465640509214,0.0,0.9483236552061993,1
1007.3104351093855,LHR-HMD00001,head,0.5998309239817826,1.591839677259525,-1.1988732911436155,0.0,0.31730465640509214,0.0,0.9483236552061993,1
1007.3113571867924,LHR-CTRL0001,hand_left,0.4005505416786655,0.8417827325367864,-1.0490347732586132,0.0,0.31730465640509214,0.0,0.9483236552061993,1
1007.3115405737941,LHR-TRKR0002,foot_left,0.5213943268033555,0.08226562423509345,-1.1417665579003695,0.0,0.31730465640509214,0.0,0.9483236552061993,1
1007.3131602355824,LHR-CTRL0002,hand_right,0.8001788133037087,0.8414064260172306,-1.3503461332953068,0.0,0.31730465640509214,0.0,0.9483236552061993,1
1007.3221381780133,LHR-CTRL0002,hand_right,0.7980105320044201,0.8426908377945214,-1.3499364189268692,0.0,0.31730465640509214,0.0,0.9483236552061993,1
1007.3228184665004,LHR-HMD00001,head,0.5981701507155568,1.5953462983329956,-1.2004818120755896,0.0,0.31730465640509214,0.0,0.9483236552061993,1
1007.32311302736,LHR-TRKR0002,foot_left,0.518700415592181,0.07990633714524747,-1.1388779652538563,0.0,0.31730465640509214,0.0,0.9483236552061993,1
1007.3233501889382,LHR-TRKR0001,pelvis,0.6017077567405235,0.8953515868577578,-1.1973172745150984,0.0,0.31730465640509214,0.0,0.9483236552061993,1
1007.3236236596075,LHR-CTRL0001,hand_left,0.3997066419123334,0.8441738237352979,-1.048357217581173,0.0,0.31730465640509214,0.0,0.9483236552061993,1
1007.332527671739,LHR-TRKR0002,foot_left,0.5189559561591863,0.08002622200433376,-1.1403213018837657,0.0,0.31730465640509214,0.0,0.9483236552061993,1
1007.3325396789238,LHR-CTRL0001,hand_left,0.39827672123210467,0.8480107127330374,-1.0496712940581057,0.0,0.31730465640509214,0.0,0.9483236552061993,1
1007.332734960162,LHR-HMD00001,head,0.5988659675292298,1.5971546379287012,-1.2009796984254453,0.0,0.31730465640509214,0.0,0.9483236552061993,1
1007.3328149809068,LHR-CTRL0002,hand_right,0.7997521297833904,0.8485922688161692,-1.351026812171415,0.0,0.31730465640509214,0.0,0.9483236552061993,1
1007.333473623545,LHR-TRKR0001,pelvis,0.5997374630981661,0.8980503348420235,-1.199151919206663,0.0,0.31730465640509214,0.0,0.9483236552061993,1
1007.3443262506587,LHR-TRKR0002,foot_left,0.520251889452771,0.07957775466878571,-1.139737548289962,0.0,0.31730465640509214,0.0,0.9483236552061993,1
1007.3444729325051,LHR-CTRL0001,hand_left,0.40134859421125757,0.8493986091662294,-1.050978416266845,0.0,0.31730465640509214,0.0,0.9483236552061993,1
1007.3450048879947,LHR-TRKR0001,pelvis,0.6000824503208254,0.8998795519164355,-1.2009651582612948,0.0,0.31730465640509214,0.0,0.9483236552061993,1
1007.3452115629876,LHR-HMD00001,head,0.5987427608831477,1.599416488060907,-1.1986388037523412,0.0,0.31730465640509214,0.0,0.9483236552061993,1
1007.3455577062008,LHR-CTRL0002,hand_right,0.80024133290116,0.8484307561054721,-1.3520749492288113,0.0,0.31730465640509214,0.0,0.9483236552061993,1
1007.3548399385348,LHR-CTRL0002,hand_right,0.7990731228061765,0.8513693151541397,-1.351312199199027,0.0,0.31730465640509214,0.0,0.9483236552061993,1
1007.3552861810492,LHR-CTRL0001,hand_left,0.39878741128322875,0.8516969218451693,-1.0509549440963213,0.0,0.31730465640509214,0.0,0.9483236552061993,1
1007.3554250879456,LHR-TRKR0001,pelvis,0.5996789705352541,0.9012912375309744,-1.2003895404695721,0.0,0.31730465640509214,0.0,0.9483236552061993,1
1007.3554712290597,LHR-TRKR0002,foot_left,0.5211330185725122,0.07969349553114138,-1.141894861966908,0.0,0.31730465640509214,0.0,0.9483236552061993,1
1007.357947240091,LHR-HMD00001,head,0.5981820867752429,1.6019790609956412,-1.2016915465572158,0.0,0.31730465640509214,0.0,0.9483236552061993,1
1007.3649805141297,LHR-HMD00001,head,0.5987952698533635,1.6046631671288076,-1.2013197888295246,0.0,0.31730465640509214,0.0,0.9483236552061993,1
1007.3657415074537,LHR-TRKR0002,foot_left,0.5206845071011104,0.07830197629172801,-1.1375324758358953,0.0,0.31730465640509214,0.0,0.9483236552061993,1
1007.3665823618513,LHR-CTRL0001,hand_left,0.4011511230117053,0.8537076092445998,-1.0513953359550106,0.0,0.31730465640509214,0.0,0.9483236552061993,1
1007.3678447145893,LHR-TRKR0001,pelvis,0.6002760091942247,0.9066341440148441,-1.1995848081826808,0.0,0.31730465640509214,0.0,0.9483236552061993,1
1007.3679299489996,LHR-CTRL0002,hand_right,0.7998462923885141,0.8554614848483733,-1.35058090849938,0.0,0.31730465640509214,0.0,0.9483236552061993,1
1007.3767547174974,LHR-CTRL0001,hand_left,0.4012061322492806,0.8575589310563326,-1.0505650909629742,0.0,0.31730465640509214,0.0,0.9483236552061993,1
1007.3770255734016,LHR-HMD00001,head,0.6003103775200637,1.6079701322691622,-1.199277795188277,0.0,0.31730465640509214,0.0,0.9483236552061993,1
1007.3770706717137,LHR-TRKR0002,foot_left,0.5195441341553836,0.07922449861254177,-1.1407207573510068,0.0,0.31730465640509214,0.0,0.9483236552061993,1
1007.3778445525152,LHR-CTRL0002,hand_right,0.8008803058148988,0.8582932243231478,-1.3518603062904284,0.0,0.31730465640509214,0.0,0.9483236552061993,1
1007.3780530300492,LHR-TRKR0001,pelvis,0.5999810004458651,0.9074814716076492,-1.19946226705585,0.0,0.31730465640509214,0.0,0.9483236552061993,1
1007.3875083613146,LHR-CTRL0001,hand_left,0.39962803009228165,0.860284924868862,-1.0496590703505153,0.0,0.31730465640509214,0.0,0.9483236552061993,1
1007.388139179709,LHR-TRKR0002,foot_left,0.5198826985112266,0.07910481469629187,-1.1389260852017435,0.0,0.31730465640509214,0.0,0.9483236552061993,1
1007.3882506326311,LHR-TRKR0001,pelvis,0.6020183783920361,0.9096951758161674,-1.201312541510927,0.0,0.31730465640509214,0.0,0.9483236552061993,1
1007.3885841409964,LHR-CTRL0002,hand_right,0.8005089728593829,0.8614352045455832,-1.3510753961092319,0.0,0.31730465640509214,0.0,0.9483236552061993,1
1007.3900090350708,LHR-HMD00001,head,0.6019200354347123,1.6101427653930755,-1.2004809367057188,0.0,0.31730465640509214,0.0,0.9483236552061993,1
1007.399531142843,LHR-CTRL0001,hand_left,0.39990659656677546,0.8609040304969268,-1.050471417382782,0.0,0.31730465640509214,0.0,0.9483236552061993,1
1007.3996705217577,LHR-TRKR0002,foot_left,0.5189559935977732,0.07958560379949683,-1.1387270718801095,0.0,0.31730465640509214,0.0,0.9483236552061993,1
1007.3998549218305,LHR-HMD00001,head,0.5993956953887192,1.613138833952937,-1.1995966376168516,0.0,0.31730465640509214,0.0,0.9483236552061993,1
1007.4012627340779,LHR-CTRL0002,hand_right,0.8004045662469753,0.8645860230532757,-1.3510393541210526,0.0,0.31730465640509214,0.0,0.9483236552061993,1
1007.4013532951114,LHR-TRKR0001,pelvis,0.5988312988915012,0.9155690947663014,-1.2008240402868666,0.0,0.31730465640509214,0.0,0.9483236552061993,1
1007.4103274627576,LHR-CTRL0002,hand_right,0.7993225547170046,0.867066788137062,-1.3519686451016257,0.0,0.31730465640509214,0.0,0.9483236552061993,1
1007.4107046434399,LHR-TRKR0002,foot_left,0.5199235371527484,0.08152375872126066,-1.1390427961758924,0.0,0.31730465640509214,0.0,0.9483236552061993,1
1007.4110788563635,LHR-CTRL0001,hand_left,0.3989116292907068,0.8661121540858487,-1.0492285212857784,0.0,0.31730465640509214,0.0,0.9483236552061993,1
1007.4118237003906,LHR-TRKR0001,pelvis,0.599110071373915,0.9183798154543918,-1.2014771533335198,0.0,0.31730465640509214,0.0,0.9483236552061993,1
1007.412272200961,LHR-HMD00001,head,0.6005998376899772,1.6161636752256148,-1.1986682962574255,0.0,0.31730465640509214,0.0,0.9483236552061993,1
1007.4212121579491,LHR-HMD00001,head,0.5997283626635292,1.6187529165405552,-1.200889912307393,0.0,0.31730465640509214,0.0,0.9483236552061993,1
1007.4226476854902,LHR-CTRL0002,hand_right,0.7993515042496647,0.8678782346694603,-1.351954633378704,0.0,0.31730465640509214,0.0,0.9483236552061993,1
1007.4234651473895,LHR-TRKR0001,pelvis,0.6003938592428373,0.9203522326101602,-1.2000082078609942,0.0,0.31730465640509214,0.0,0.9483236552061993,1
1007.4245297436389,LHR-TRKR0002,foot_left,0.520359175889166,0.07809252989671074,-1.1401437053093304,0.0,0.31730465640509214,0.0,0.9483236552061993,1
1007.4246272171245,LHR-CTRL0001,hand_left,0.40023829670398847,0.8693972065572358,-1.049781932321072,0.0,0.31730465640509214,0.0,0.9483236552061993,1
1007.4325571649224,LHR-TRKR0001,pelvis,0.5989937788852158,0.9218999062505505,-1.200638563232594,0.0,0.31730465640509214,0.0,0.9483236552061993,1
1007.4326486076802,LHR-CTRL0002,hand_right,0.7999676057656723,0.8743672382902342,-1.3478031987012602,0.0,0.31730465640509214,0.0,0.9483236552061993,1
1007.4328465260052,LHR-TRKR0002,foot_left,0.5205209978645786,0.07961508683525934,-1.1400403501097742,0.0,0.31730465640509214,0.0,0.9483236552061993,1
1007.433664677511,LHR-HMD00001,head,0.6006679753355425,1.6226519537327846,-1.1999971966305925,0.0,0.31730465640509214,0.0,0.9483236552061993,1
1007.4348317304879,LHR-CTRL0001,hand_left,0.39836887812322963,0.8729245744764901,-1.0488618374490712,0.0,0.31730465640509214,0.0,0.9483236552061993,1
1007.442986872942,LHR-TRKR0002,foot_left,0.5203856982910073,0.0813877133116579,-1.1408572556040648,0.0,0.31730465640509214,0.0,0.9483236552061993,1
1007.4435606046022,LHR-CTRL0002,hand_right,0.8018853042989011,0.8741587580341459,-1.3521344815231926,0.0,0.31730465640509214,0.0,0.9483236552061993,1
1007.4437851477315,LHR-TRKR0001,pelvis,0.5987991850884057,0.923241667440517,-1.2009050582032754,0.0,0.31730465640509214,0.0,0.9483236552061993,1
1007.4440394476446,LHR-CTRL0001,hand_left,0.40097579760556357,0.8746066793514129,-1.0504776371471936,0.0,0.31730465640509214,0.0,0.9483236552061993,1
1007.4442938881266,LHR-HMD00001,head,0.5978469901972611,1.6242299249394307,-1.1994067259401489,0.0,0.31730465640509214,0.0,0.9483236552061993,1
1007.4542606439853,LHR-CTRL0001,hand_left,0.3999629126073657,0.8765535652526266,-1.0504469598559387,0.0,0.31730465640509214,0.0,0.9483236552061993,1
1007.4555076673112,LHR-TRKR0001,pelvis,0.5993711351461116,0.9271558492251335,-1.1998838350621115,0.0,0.31730465640509214,0.0,0.9483236552061993,1
1007.4556632920055,LHR-TRKR0002,foot_left,0.5193811426421222,0.08072276557772455,-1.1410383234729684,0.0,0.31730465640509214,0.0,0.9483236552061993,1
1007.4556959262784,LHR-HMD00001,head,0.5995827146440285,1.6271039721717901,-1.1994874438068421,0.0,0.31730465640509214,0.0,0.9483236552061993,1
1007.4571538152901,LHR-CTRL0002,hand_right,0.8015131574865204,0.8766916690729344,-1.348753797986076,0.0,0.31730465640509214,0.0,0.9483236552061993,1
1007.4649570499026,LHR-CTRL0001,hand_left,0.40182840225090993,0.8797737413251177,-1.0479319349932779,0.0,0.31730465640509214,0.0,0.9483236552061993,1
1007.4661420400379,LHR-TRKR0001,pelvis,0.601472276925908,0.9288293337156327,-1.2002908801209735,0.0,0.31730465640509214,0.0,0.9483236552061993,1
1007.4665182823129,LHR-CTRL0002,hand_right,0.7994695432099772,0.8796660360854266,-1.3502590359656184,0.0,0.31730465640509214,0.0,0.9483236552061993,1
1007.4669977826858,LHR-HMD00001,head,0.5981806079337185,1.6306689991710444,-1.2018936984744832,0.0,0.31730465640509214,0.0,0.9483236552061993,1
1007.4670285508372,LHR-TRKR0002,foot_left,0.5193291609302183,0.0801453293666322,-1.1390682554408273,0.0,0.31730465640509214,0.0,0.9483236552061993,1
1007.4765577714151,LHR-HMD00001,head,0.6000955397604243,1.632686843000066,-1.2005019481048806,0.0,0.31730465640509214,0.0,0.9483236552061993,1
1007.4770989118825,LHR-TRKR0001,pelvis,0.5994406960444191,0.9314592521960602,-1.2014003941081937,0.0,0.31730465640509214,0.0,0.9483236552061993,1
1007.4772784578631,LHR-TRKR0002,foot_left,0.5191012837032604,0.08160624697604374,-1.1411095655978387,0.0,0.31730465640509214,0.0,0.9483236552061993,1
1007.4774237176889,LHR-CTRL0002,hand_right,0.7999013748105263,0.8826994169400405,-1.3524373474855247,0.0,0.31730465640509214,0.0,0.9483236552061993,1
1007.4787210730021,LHR-CTRL0001,hand_left,0.4013080146477437,0.8828691602594896,-1.049839010144207,0.0,0.31730465640509214,0.0,0.9483236552061993,1
1007.4878147514036,LHR-HMD00001,head,0.6004671493010937,1.6352111080722147,-1.2005317320861797,0.0,0.31730465640509214,0.0,0.9483236552061993,1
1007.4893772304213,LHR-TRKR0001,pelvis,0.6005441064802076,0.9363866548036912,-1.1988707434133445,0.0,0.31730465640509214,0.0,0.9483236552061993,1
1007.4900927479669,LHR-CTRL0001,hand_left,0.4004505973869871,0.8847440628997996,-1.0504801504263424,0.0,0.31730465640509214,0.0,0.9483236552061993,1
1007.4903318487886,LHR-TRKR0002,foot_left,0.5186981445077053,0.08142251644611634,-1.1388000246091272,0.0,0.31730465640509214,0.0,0.9483236552061993,1
1007.4909571888272,LHR-CTRL0002,hand_right,0.8004245002732268,0.8852444398361944,-1.350005168018772,0.0,0.31730465640509214,0.0,0.9483236552061993,1
1007.5001540017661,LHR-TRKR0001,pelvis,0.6002791038526868,0.9371962419127144,-1.200330146927664,0.0,0.31730465640509214,0.0,0.9483236552061993,1
1007.5006763191263,LHR-CTRL0002,hand_right,0.7995841137823211,0.8872040632509901,-1.3496318274990398,0.0,0.31730465640509214,0.0,0.9483236552061993,1
1007.5010729383615,LHR-TRKR0002,foot_left,0.5196224840060273,0.08008072795904192,-1.1407406683710413,0.0,0.31730465640509214,0.0,0.9483236552061993,1
1007.5013992440068,LHR-HMD00001,head,0.5995756214115412,1.638620867207545,-1.199693526667881,0.0,0.31730465640509214,0.0,0.9483236552061993,1
1007.5020767808548,LHR-CTRL0001,hand_left,0.39936327128061505,0.8882763994009322,-1.0508117952657363,0.0,0.31730465640509214,0.0,0.9483236552061993,1
1007.5087878155312,LHR-TRKR0002,foot_left,0.5214486267995406,0.07955273129175369,-1.1405445610925928,0.0,0.31730465640509214,0.0,0.9483236552061993,1
1007.5108484915713,LHR-CTRL0001,hand_left,0.4001623545367464,0.888517699987028,-1.0483256446169322,0.0,0.31730465640509214,0.0,0.9483236552061993,1
1007.5111034175103,LHR-TRKR0001,pelvis,0.5978371697379943,0.9396948132314158,-1.1989281892478802,0.0,0.31730465640509214,0.0,0.9483236552061993,1
1007.5114043248226,LHR-HMD00001,head,0.6006004891077668,1.6404784076433256,-1.2005693288587111,0.0,0.31730465640509214,0.0,0.9483236552061993,1
1007.5131576255449,LHR-CTRL0002,hand_right,0.8001991043398134,0.8909815100872979,-1.3501911685086316,0.0,0.31730465640509214,0.0,0.9483236552061993,1
1007.5214170813277,LHR-TRKR0001,pelvis,0.5997223537516254,0.9416984921593152,-1.201400284318957,0.0,0.31730465640509214,0.0,0.9483236552061993,1
1007.5223285685552,LHR-HMD00001,head,0.5989430305354677,1.6414708846406134,-1.20133595017607,0.0,0.31730465640509214,0.0,0.9483236552061993,1
1007.5226116287038,LHR-CTRL0001,hand_left,0.40021588715166345,0.8923339476807239,-1.049293992625893,0.0,0.31730465640509214,0.0,0.9483236552061993,1
1007.5234521864788,LHR-CTRL0002,hand_right,0.7987803651192161,0.8928287930598335,-1.3515951443632417,0.0,0.31730465640509214,0.0,0.9483236552061993,1
1007.5236194829988,LHR-TRKR0002,foot_left,0.5211812862734313,0.08087944872904688,-1.1392193107169477,0.0,0.31730465640509214,0.0,0.9483236552061993,1
1007.5325442994397,LHR-TRKR0002,foot_left,0.5189460160497412,0.08012277148714586,-1.1405631825037639,0.0,0.31730465640509214,0.0,0.9483236552061993,1
1007.5329906269959,LHR-CTRL0001,hand_left,0.39993122444044626,0.8934665533036779,-1.0500161488806765,0.0,0.31730465640509214,0.0,0.9483236552061993,1
1007.5332892586107,LHR-HMD00001,head,0.5979911862638578,1.6442995220479657,-1.2009008140823931,0.0,0.31730465640509214,0.0,0.9483236552061993,1
1007.5339889858385,LHR-TRKR0001,pelvis,0.6001682344242832,0.9439844357536141,-1.1991593017446653,0.0,0.31730465640509214,0.0,0.9483236552061993,1
1007.5342286735251,LHR-CTRL0002,hand_right,0.8005441815372832,0.8934378909515956,-1.351134476981859,0.0,0.31730465640509214,0.0,0.9483236552061993,1
1007.5436318510037,LHR-CTRL0002,hand_right,0.7964199429294843,0.8958243187128727,-1.3505673024299218,0.0,0.31730465640509214,0.0,0.9483236552061993,1
1007.543686818731,LHR-TRKR0002,foot_left,0.5196282423277235,0.07965594906128257,-1.1396330955858907,0.0,0.31730465640509214,0.0,0.9483236552061993,1
1007.5448009869432,LHR-HMD00001,head,0.6000643331514568,1.6471393873192814,-1.199626850918287,0.0,0.31730465640509214,0.0,0.9483236552061993,1
1007.5452316969281,LHR-TRKR0001,pelvis,0.5984558822118552,0.9471750529784723,-1.2001627972327797,0.0,0.31730465640509214,0.0,0.9483236552061993,1
1007.5458692264474,LHR-CTRL0001,hand_left,0.4018087151349084,0.8978948487276769,-1.0484134194657952,0.0,0.31730465640509214,0.0,0.9483236552061993,1
1007.5541453163315,LHR-TRKR0001,pelvis,0.6014874162578314,0.9518195044854807,-1.2007124583484075,0.0,0.31730465640509214,0.0,0.9483236552061993,1
1007.5543914015682,LHR-TRKR0002,foot_left,0.5209830543035967,0.0806807626305657,-1.1395937894257693,0.0,0.31730465640509214,0.0,0.9483236552061993,1
1007.5543996188161,LHR-HMD00001,head,0.6011258302698125,1.6484209332027804,-1.2002502431589817,0.0,0.31730465640509214,0.0,0.9483236552061993,1
1007.5564841411893,LHR-CTRL0001,hand_left,0.4028485557158883,0.900097560819094,-1.0497235857051082,0.0,0.31730465640509214,0.0,0.9483236552061993,1
1007.5568911637416,LHR-CTRL0002,hand_right,0.7991216020114303,0.8993520151412533,-1.3489162947517066,0.0,0.31730465640509214,0.0,0.9483236552061993,1
1007.5656676393348,LHR-HMD00001,head,0.5996192639667098,1.6508778473359422,-1.201193008708937,0.0,0.31730465640509214,0.0,0.9483236552061993,1
1007.5658921540671,LHR-CTRL0001,hand_left,0.40162459226955033,0.9018725206962954,-1.050578557119723,0.0,0.31730465640509214,0.0,0.9483236552061993,1
1007.5660476726531,LHR-CTRL0002,hand_right,0.7995611945257215,0.9010337514958576,-1.3510750459356327,0.0,0.31730465640509214,0.0,0.9483236552061993,1
1007.5661388144564,LHR-TRKR0001,pelvis,0.5997598605939027,0.9519940964572953,-1.2000455351227584,0.0,0.31730465640509214,0.0,0.9483236552061993,1
1007.566847619979,LHR-TRKR0002,foot_left,0.5216549767557807,0.0791568387508117,-1.1399874798896192,0.0,0.31730465640509214,0.0,0.9483236552061993,1
1007.577946884501,LHR-CTRL0001,hand_left,0.3990143808337169,0.9035637990267796,-1.0492859800079493,0.0,0.31730465640509214,0.0,0.9483236552061993,1
1007.5780246524492,LHR-TRKR0002,foot_left,0.5192389790576218,0.08068872658480027,-1.1411455888696238,0.0,0.31730465640509214,0.0,0.9483236552061993,1
1007.5782259706157,LHR-TRKR0001,pelvis,0.6000331918462073,0.9529026101499242,-1.1993688487030214,0.0,0.31730465640509214,0.0,0.9483236552061993,1
1007.5787010992491,LHR-CTRL0002,hand_right,0.8002580435310341,0.9039400313704173,-1.3510778366637384,0.0,0.31730465640509214,0.0,0.9483236552061993,1
1007.579082286025,LHR-HMD00001,head,0.6000596486994197,1.654756290326867,-1.2002772783505444,0.0,0.31730465640509214,0.0,0.9483236552061993,1
1007.5878115631612,LHR-TRKR0002,foot_left,0.518960027294548,0.076945488338313,-1.1396316208680768,0.0,0.31730465640509214,0.0,0.9483236552061993,1
1007.5878896455959,LHR-CTRL0001,hand_left,0.40000013506338516,0.9058748327048309,-1.050718352425362,0.0,0.31730465640509214,0.0,0.9483236552061993,1
1007.5890401641107,LHR-HMD00001,head,0.6005623565268593,1.6567989989409937,-1.198988336804727,0.0,0.31730465640509214,0.0,0.9483236552061993,1
1007.5890778966268,LHR-CTRL0002,hand_right,0.8002630066993097,0.9064390483642162,-1.3514223834422305,0.0,0.31730465640509214,0.0,0.9483236552061993,1
1007.5899419601928,LHR-TRKR0001,pelvis,0.5995083495514323,0.9557508937452881,-1.200800047464483,0.0,0.31730465640509214,0.0,0.9483236552061993,1
1007.6000290127492,LHR-TRKR0002,foot_left,0.5193373126371214,0.08001337183849674,-1.1396069797197033,0.0,0.31730465640509214,0.0,0.9483236552061993,1
1007.6001112186925,LHR-CTRL0001,hand_left,0.39985715485756224,0.9087357679385876,-1.0513738865163185,0.0,0.31730465640509214,0.0,0.9483236552061993,1
1007.6003137287538,LHR-TRKR0001,pelvis,0.601206031213985,0.9585545868473797,-1.201194863171678,0.0,0.31730465640509214,0.0,0.9483236552061993,1
1007.6008503008737,LHR-HMD00001,head,0.6000432625991816,1.658959815100815,-1.1988792043612118,0.0,0.31730465640509214,0.0,0.9483236552061993,1
1007.6012935756386,LHR-CTRL0002,hand_right,0.8003121583560687,0.9091571725948533,-1.3504194504497964,0.0,0.31730465640509214,0.0,0.9483236552061993,1
1007.6096956115713,LHR-CTRL0001,hand_left,0.39950329107460725,0.9126699168963772,-1.0484439535611951,0.0,0.31730465640509214,0.0,0.9483236552061993,1
1007.6105054471042,LHR-HMD00001,head,0.5995683842691305,1.661126849227165,-1.1990046550679747,0.0,0.31730465640509214,0.0,0.9483236552061993,1
1007.6109117809294,LHR-TRKR0002,foot_left,0.5210527385590596,0.08117479117744959,-1.1389078722562382,0.0,0.31730465640509214,0.0,0.9483236552061993,1
1007.6120914159189,LHR-CTRL0002,hand_right,0.8005641671449624,0.9123905417742709,-1.349630825207542,0.0,0.31730465640509214,0.0,0.9483236552061993,1
1007.6140253263919,LHR-TRKR0001,pelvis,0.6002085060619965,0.9598994752295653,-1.199449500130452,0.0,0.31730465640509214,0.0,0.9483236552061993,1
1007.6208320202384,LHR-TRKR0001,pelvis,0.5998118357205229,0.9635082893752344,-1.1976901939929165,0.0,0.31730465640509214,0.0,0.9483236552061993,1
1007.6208478715707,LHR-TRKR0002,foot_left,0.5196183203532293,0.0791297757376463,-1.1384239548252781,0.0,0.31730465640509214,0.0,0.9483236552061993,1
1007.6211756565798,LHR-CTRL0002,hand_right,0.8002575092241903,0.9124169869741666,-1.3512596247836204,0.0,0.31730465640509214,0.0,0.9483236552061993,1
1007.6224184997668,LHR-CTRL0001,hand_left,0.4016344270373183,0.9108546244901411,-1.0496777448195838,0.0,0.31730465640509214,0.0,0.9483236552061993,1
1007.6235989476027,LHR-HMD00001,head,0.6009026613873972,1.6639604480818255,-1.1993749221099201,0.0,0.31730465640509214,0.0,0.9483236552061993,1
1007.6330097778791,LHR-TRKR0001,pelvis,0.5996119607081304,0.9632516850067055,-1.1994633790563334,0.0,0.31730465640509214,0.0,0.9483236552061993,1
1007.6331276135394,LHR-TRKR0002,foot_left,0.5206659058006304,0.08037657502988094,-1.1392819339435385,0.0,0.31730465640509214,0.0,0.9483236552061993,1
1007.6336786117387,LHR-HMD00001,head,0.5997178907300654,1.665964684071904,-1.200502869792779,0.0,0.31730465640509214,0.0,0.9483236552061993,1
1007.6342946845925,LHR-CTRL0002,hand_right,0.8012659086022388,0.9147448861162523,-1.3507167773881235,0.0,0.31730465640509214,0.0,0.9483236552061993,1
1007.6345259923056,LHR-CTRL0001,hand_left,0.4008212238023103,0.9150801402854607,-1.0486802532975266,0.0,0.31730465640509214,0.0,0.9483236552061993,1
1007.6431190208707,LHR-TRKR0001,pelvis,0.6002853561251887,0.9663051585420246,-1.201188679346908,0.0,0.31730465640509214,0.0,0.9483236552061993,1
1007.6440248408769,LHR-CTRL0002,hand_right,0.8004276610332559,0.9177259861346097,-1.3501245818890517,0.0,0.31730465640509214,0.0,0.9483236552061993,1
1007.6449256902637,LHR-HMD00001,head,0.5995798411632418,1.666786635645401,-1.199457941452503,0.0,0.31730465640509214,0.0,0.9483236552061993,1
1007.6457084406712,LHR-CTRL0001,hand_left,0.40073734404929995,0.917715123744328,-1.048513545193986,0.0,0.31730465640509214,0.0,0.9483236552061993,1
1007.6458163433501,LHR-TRKR0002,foot_left,0.5193216279804389,0.08052271352194855,-1.1400477909789217,0.0,0.31730465640509214,0.0,0.9483236552061993,1
1007.6543164029547,LHR-CTRL0001,hand_left,0.39860797066737635,0.9189902299092945,-1.0507163889001951,0.0,0.31730465640509214,0.0,0.9483236552061993,1
1007.6549246479399,LHR-TRKR0001,pelvis,0.5995162470308604,0.9691547590329423,-1.2017141975830417,0.0,0.31730465640509214,0.0,0.9483236552061993,1
1007.6561042848933,LHR-HMD00001,head,0.6016095068700533,1.6702761058766262,-1.1987256092835985,0.0,0.31730465640509214,0.0,0.9483236552061993,1
1007.6561891191237,LHR-CTRL0002,hand_right,0.800358414943031,0.9196412043762905,-1.3504269539754383,0.0,0.31730465640509214,0.0,0.9483236552061993,1
1007.6570843719345,LHR-TRKR0002,foot_left,0.5179478478692083,0.07964997498165503,-1.1385812489980636,0.0,0.31730465640509214,0.0,0.9483236552061993,1
1007.6647519389692,LHR-TRKR0001,pelvis,0.6002584310888239,0.969486335920827,-1.1989516818757948,0.0,0.31730465640509214,0.0,0.9483236552061993,1
1007.6658696574273,LHR-HMD00001,head,0.6006918278249961,1.670776898908208,-1.200867496115998,0.0,0.31730465640509214,0.0,0.9483236552061993,1
1007.6667177472569,LHR-CTRL0001,hand_left,0.40078002841249194,0.9220773832032433,-1.0496262595974586,0.0,0.31730465640509214,0.0,0.9483236552061993,1
1007.6669465557031,LHR-CTRL0002,hand_right,0.7999482921746597,0.9220147461186643,-1.3497688934422478,0.0,0.31730465640509214,0.0,0.9483236552061993,1
1007.6671901708847,LHR-TRKR0002,foot_left,0.5218395318157792,0.08101109753387259,-1.140412148752002,0.0,0.31730465640509214,0.0,0.9483236552061993,1
1007.6759120569144,LHR-HMD00001,head,0.5994168401918706,1.6724331957210532,-1.1982928198424558,0.0,0.31730465640509214,0.0,0.9483236552061993,1
1007.6764425718192,LHR-CTRL0001,hand_left,0.39874744200032286,0.9210098358154716,-1.0495926254414283,0.0,0.31730465640509214,0.0,0.9483236552061993,1
1007.6770363992721,LHR-TRKR0001,pelvis,0.6000324013603806,0.9733096226757052,-1.198580041604531,0.0,0.31730465640509214,0.0,0.9483236552061993,1
1007.6775711873371,LHR-CTRL0002,hand_right,0.8003127419553243,0.9211871698929945,-1.3504278895094888,0.0,0.31730465640509214,0.0,0.9483236552061993,1
1007.6777571730753,LHR-TRKR0002,foot_left,0.519601748026385,0.08001464521978542,-1.1400182560484093,0.0,0.31730465640509214,0.0,0.9483236552061993,1
1007.6878140862218,LHR-HMD00001,head,0.6005786142628133,1.6745920983748268,-1.1994184026230084,0.0,0.31730465640509214,0.0,0.9483236552061993,1
1007.6880160939584,LHR-TRKR0001,pelvis,0.5996513120139634,0.9746164816156017,-1.198652830375977,0.0,0.31730465640509214,0.0,0.9483236552061993,1
1007.6887765427898,LHR-CTRL0002,hand_right,0.8001591406813663,0.9228361881709652,-1.3496978434813363,0.0,0.31730465640509214,0.0,0.9483236552061993,1
1007.6888911493049,LHR-TRKR0002,foot_left,0.521119983094327,0.07950792578119414,-1.140345109388997,0.0,0.31730465640509214,0.0,0.9483236552061993,1
1007.68998066639,LHR-CTRL0001,hand_left,0.3997113723061374,0.9261678724503233,-1.0498384035143964,0.0,0.31730465640509214,0.0,0.9483236552061993,1
1007.6993456989945,LHR-TRKR0002,foot_left,0.5191380553682972,0.07996239462850732,-1.1409707709117287,0.0,0.31730465640509214,0.0,0.9483236552061993,1
1007.7004071323805,LHR-CTRL0001,hand_left,0.402185819708721,0.9261785232279655,-1.050654546386864,0.0,0.31730465640509214,0.0,0.9483236552061993,1
1007.7005873039163,LHR-CTRL0002,hand_right,0.7996112114667219,0.9265176281374813,-1.3509887480738998,0.0,0.31730465640509214,0.0,0.9483236552061993,1
1007.7011134565972,LHR-TRKR0001,pelvis,0.5994375211227931,0.9783372535367906,-1.1986069619910256,0.0,0.31730465640509214,0.0,0.9483236552061993,1
1007.7016305228574,LHR-HMD00001,head,0.5986597791872855,1.675717263115151,-1.199483504732591,0.0,0.31730465640509214,0.0,0.9483236552061993,1
1007.7099762700738,LHR-CTRL0001,hand_left,0.40257143260564004,0.9273434884622731,-1.0480496979393101,0.0,0.31730465640509214,0.0,0.9483236552061993,1
1007.7101986823329,LHR-TRKR0001,pelvis,0.6012183976808602,0.9769273974646586,-1.201338579860909,0.0,0.31730465640509214,0.0,0.9483236552061993,1
1007.7115584161477,LHR-TRKR0002,foot_left,0.519485623873532,0.07838960256887186,-1.1389581793544867,0.0,0.31730465640509214,0.0,0.9483236552061993,1
1007.7119887192994,LHR-CTRL0002,hand_right,0.7977577095833708,0.927076517839095,-1.3500301999944728,0.0,0.31730465640509214,0.0,0.9483236552061993,1
1007.7124117950814,LHR-HMD00001,head,0.6010236219296854,1.677409618681088,-1.1994410208661954,0.0,0.31730465640509214,0.0,0.9483236552061993,1
1007.7213087547807,LHR-CTRL0001,hand_left,0.4018221892070583,0.929156264240843,-1.0488495079204359,0.0,0.31730465640509214,0.0,0.9483236552061993,1
1007.7218753008542,LHR-HMD00001,head,0.5981176140987973,1.679890482154979,-1.1985723342112038,0.0,0.31730465640509214,0.0,0.9483236552061993,1
1007.72209653786,LHR-TRKR0002,foot_left,0.5189409698674043,0.07982978165004265,-1.141616533597397,0.0,0.31730465640509214,0.0,0.9483236552061993,1
1007.722879530766,LHR-TRKR0001,pelvis,0.6019697738620997,0.9788162012668009,-1.1995184302589006,0.0,0.31730465640509214,0.0,0.9483236552061993,1
1007.723268543642,LHR-CTRL0002,hand_right,0.7983271247732343,0.9302028005600241,-1.3509985410082037,0.0,0.31730465640509214,0.0,0.9483236552061993,1
1007.7322728107689,LHR-CTRL0002,hand_right,0.7989924853400425,0.9310700180063752,-1.3494124892718544,0.0,0.31730465640509214,0.0,0.9483236552061993,1
1007.7330316570063,LHR-HMD00001,head,0.5997999583065975,1.6803491266260835,-1.1973245540803132,0.0,0.31730465640509214,0.0,0.9483236552061993,1
1007.7332844861144,LHR-TRKR0001,pelvis,0.5997758660203886,0.9817454227707338,-1.1993827182149237,0.0,0.31730465640509214,0.0,0.9483236552061993,1
1007.733892590878,LHR-CTRL0001,hand_left,0.4013287349363898,0.9324737763927153,-1.0498076377394063,0.0,0.31730465640509214,0.0,0.9483236552061993,1
1007.7339771557072,LHR-TRKR0002,foot_left,0.5215019227529492,0.07909408599765876,-1.1415805525049099,0.0,0.31730465640509214,0.0,0.9483236552061993,1
1007.7427457699627,LHR-CTRL0001,hand_left,0.39926491016212706,0.9334589670245745,-1.0489512821175078,0.0,0.31730465640509214,0.0,0.9483236552061993,1
1007.7440632792053,LHR-TRKR0001,pelvis,0.6002698730499724,0.9831846670033174,-1.199590051508534,0.0,0.31730465640509214,0.0,0.9483236552061993,1
1007.7446438361985,LHR-CTRL0002,hand_right,0.7997278170170983,0.9334072430066322,-1.35190521166117,0.0,0.31730465640509214,0.0,0.9483236552061993,1
1007.7449785961604,LHR-TRKR0002,foot_left,0.519337798512153,0.07959147781585389,-1.1376902952426617,0.0,0.31730465640509214,0.0,0.9483236552061993,1
1007.7454810503217,LHR-HMD00001,head,0.6000496453383161,1.684040367806359,-1.2006494459068409,0.0,0.31730465640509214,0.0,0.9483236552061993,1
1007.7536472716182,LHR-TRKR0001,pelvis,0.5995415830851026,0.9853106731516074,-1.2001158808693029,0.0,0.31730465640509214,0.0,0.9483236552061993,1
1007.7541267504089,LHR-TRKR0002,foot_left,0.519293792084545,0.08133626484509938,-1.1398409191442818,0.0,0.31730465640509214,0.0,0.9483236552061993,1
1007.7553871456828,LHR-HMD00001,head,0.5988117047451643,1.6824219795559745,-1.199003916968562,0.0,0.31730465640509214,0.0,0.9483236552061993,1
1007.7556243503036,LHR-CTRL0001,hand_left,0.3984813708706655,0.9350534722573611,-1.0509208382819473,0.0,0.31730465640509214,0.0,0.9483236552061993,1
1007.7564876763856,LHR-CTRL0002,hand_right,0.8012943817103721,0.934278025700064,-1.3491494890446778,0.0,0.31730465640509214,0.0,0.9483236552061993,1
1007.7653674067965,LHR-HMD00001,head,0.5983424048544176,1.6832128252520357,-1.2006133441464906,0.0,0.31730465640509214,0.0,0.9483236552061993,1
1007.7656089300976,LHR-TRKR0001,pelvis,0.5998313622619069,0.9850089080951748,-1.1996061285670734,0.0,0.31730465640509214,0.0,0.9483236552061993,1
1007.7662288319754,LHR-TRKR0002,foot_left,0.5202558449514262,0.08039359010716453,-1.1385733147257295,0.0,0.31730465640509214,0.0,0.9483236552061993,1
1007.7670285563978,LHR-CTRL0001,hand_left,0.399988628510791,0.9348258695471836,-1.0498218486672435,0.0,0.31730465640509214,0.0,0.9483236552061993,1
1007.7693492240352,LHR-CTRL0002,hand_right,0.8005338474986704,0.9355577486817616,-1.3487653326440519,0.0,0.31730465640509214,0.0,0.9483236552061993,1
1007.7769144428122,LHR-TRKR0002,foot_left,0.5205737840135352,0.07825508328317245,-1.13979336666777,0.0,0.31730465640509214,0.0,0.9483236552061993,1
1007.7771177857561,LHR-CTRL0001,hand_left,0.40031249530617236,0.9356969927306974,-1.0485151105174577,0.0,0.31730465640509214,0.0,0.9483236552061993,1
1007.7774873922965,LHR-CTRL0002,hand_right,0.7990398781626301,0.9372665148375517,-1.3483109686157762,0.0,0.31730465640509214,0.0,0.9483236552061993,1
1007.7783711432605,LHR-TRKR0001,pelvis,0.6007455958734529,0.9874032534967399,-1.200080301039738,0.0,0.31730465640509214,0.0,0.9483236552061993,1
1007.7790433208704,LHR-HMD00001,head,0.5996115216850025,1.6865770154716062,-1.201240111169448,0.0,0.31730465640509214,0.0,0.9483236552061993,1
1007.7886234005629,LHR-CTRL0001,hand_left,0.4009044804840505,0.93859561612437,-1.0482671012682974,0.0,0.31730465640509214,0.0,0.9483236552061993,1
1007.7887888918636,LHR-CTRL0002,hand_right,0.7982367164291101,0.9380208343091764,-1.3486993434846237,0.0,0.31730465640509214,0.0,0.9483236552061993,1
1007.7891215666461,LHR-TRKR0002,foot_left,0.5191522581897318,0.08125206223300334,-1.1405663835942057,0.0,0.31730465640509214,0.0,0.9483236552061993,1
1007.7893660674669,LHR-HMD00001,head,0.5991927493553085,1.6880897552134357,-1.2019326925489657,0.0,0.31730465640509214,0.0,0.9483236552061993,1
1007.7906252128291,LHR-TRKR0001,pelvis,0.600219261911269,0.9896289791171842,-1.198355022378935,0.0,0.31730465640509214,0.0,0.9483236552061993,1
1007.7974836602849,LHR-HMD00001,head,0.6000979966796963,1.6895295896836617,-1.1986267300418394,0.0,0.31730465640509214,0.0,0.9483236552061993,1
1007.8000903933851,LHR-CTRL0001,hand_left,0.40160787492334116,0.9394125963755199,-1.049345755592952,0.0,0.31730465640509214,0.0,0.9483236552061993,1
1007.8004876390002,LHR-TRKR0002,foot_left,0.5204159551660392,0.0801252701845468,-1.1405572585345878,0.0,0.31730465640509214,0.0,0.9483236552061993,1
1007.8008249003367,LHR-TRKR0001,pelvis,0.5988705601200105,0.9878514605114039,-1.2009330064063957,0.0,0.31730465640509214,0.0,0.9483236552061993,1
1007.8015281468249,LHR-CTRL0002,hand_right,0.8017283575966463,0.9378613494059672,-1.3508071688117733,0.0,0.31730465640509214,0.0,0.9483236552061993,1
1007.8105972330102,LHR-CTRL0002,hand_right,0.7997421557565779,0.9397975314782333,-1.3514586330797094,0.0,0.31730465640509214,0.0,0.9483236552061993,1
1007.8107979210056,LHR-HMD00001,head,0.6004556941535593,1.69147111031735,-1.1996987691099934,0.0,0.31730465640509214,0.0,0.9483236552061993,1
1007.8116889391532,LHR-CTRL0001,hand_left,0.3997802439449631,0.9408179075115862,-1.0498376165605174,0.0,0.31730465640509214,0.0,0.9483236552061993,1
1007.8117560503044,LHR-TRKR0002,foot_left,0.5193743299084508,0.08116881991089162,-1.1407047560054486,0.0,0.31730465640509214,0.0,0.9483236552061993,1
1007.8131843912893,LHR-TRKR0001,pelvis,0.60108371040712,0.9897702225348717,-1.2014971324526849,0.0,0.31730465640509214,0.0,0.9483236552061993,1
1007.8209734979174,LHR-CTRL0001,hand_left,0.39860767323591645,0.9417732922151918,-1.0505705411305757,0.0,0.31730465640509214,0.0,0.9483236552061993,1
1007.8218142428333,LHR-CTRL0002,hand_right,0.8005774440850849,0.942880615850211,-1.3509062002255672,0.0,0.31730465640509214,0.0,0.9483236552061993,1
1007.8223658924255,LHR-HMD00001,head,0.6014945105995663,1.6915763258920753,-1.1979126482660452,0.0,0.31730465640509214,0.0,0.9483236552061993,1
1007.8233185007571,LHR-TRKR0002,foot_left,0.5213273399143002,0.08127449784864148,-1.140306017780869,0.0,0.31730465640509214,0.0,0.9483236552061993,1
1007.8235639516346,LHR-TRKR0001,pelvis,0.5988260875637466,0.9923256608222862,-1.2005065608232133,0.0,0.31730465640509214,0.0,0.9483236552061993,1
1007.8327715173183,LHR-CTRL0001,hand_left,0.4018293723707587,0.9442696140753509,-1.0487849580596609,0.0,0.31730465640509214,0.0,0.9483236552061993,1
1007.8328743406832,LHR-TRKR0001,pelvis,0.601012742539863,0.9919948483095652,-1.2015065259870283,0.0,0.31730465640509214,0.0,0.9483236552061993,1
1007.8331520172259,LHR-TRKR0002,foot_left,0.5202493389216954,0.0800662150885688,-1.140750064785178,0.0,0.31730465640509214,0.0,0.9483236552061993,1
1007.8338145801604,LHR-HMD00001,head,0.6005998439005332,1.691947326256629,-1.1998152724920568,0.0,0.31730465640509214,0.0,0.9483236552061993,1
1007.8348792288308,LHR-CTRL0002,hand_right,0.8003912442378479,0.9436028947563986,-1.349277240700011,0.0,0.31730465640509214,0.0,0.9483236552061993,1
1007.8443878089349,LHR-TRKR0002,foot_left,0.5185421790543101,0.08042094175882544,-1.1403768460980392,0.0,0.31730465640509214,0.0,0.9483236552061993,1
1007.8445965956338,LHR-HMD00001,head,0.5982583005880108,1.6946484060526388,-1.200273342256554,0.0,0.31730465640509214,0.0,0.9483236552061993,1
1007.8452453629499,LHR-CTRL0001,hand_left,0.39930762808875664,0.943587774434181,-1.0505579609603763,0.0,0.31730465640509214,0.0,0.9483236552061993,1
1007.8452853880817,LHR-CTRL0002,hand_right,0.7993081193653803,0.9428024040993114,-1.3507730979389063,0.0,0.31730465640509214,0.0,0.9483236552061993,1
1007.8457788266893,LHR-TRKR0001,pelvis,0.5990753303774721,0.9936877349235466,-1.2011367406210556,0.0,0.31730465640509214,0.0,0.9483236552061993,1
1007.8529444917266,LHR-CTRL0001,hand_left,0.3995937636627829,0.9432217656139724,-1.0496645129040183,0.0,0.31730465640509214,0.0,0.9483236552061993,1
1007.8549198137583,LHR-HMD00001,head,0.6012328236591263,1.6964831220763186,-1.1999895616544807,0.0,0.31730465640509214,0.0,0.9483236552061993,1
1007.8557985588631,LHR-TRKR0002,foot_left,0.5204125340132901,0.08131089737383339,-1.14056260993116,0.0,0.31730465640509214,0.0,0.9483236552061993,1
1007.8563021208674,LHR-CTRL0002,hand_right,0.8014041317800555,0.9442843135516205,-1.3512254168120752,0.0,0.31730465640509214,0.0,0.9483236552061993,1
1007.8575676097639,LHR-TRKR0001,pelvis,0.600240084470873,0.9943352700996639,-1.2005717993599088,0.0,0.31730465640509214,0.0,0.9483236552061993,1
1007.8665509076227,LHR-HMD00001,head,0.6000382553093979,1.6949983598220706,-1.1996269100100343,0.0,0.31730465640509214,0.0,0.9483236552061993,1
1007.8667388997147,LHR-CTRL0002,hand_right,0.7985153644918415,0.9457911729581497,-1.3500200135572873,0.0,0.31730465640509214,0.0,0.9483236552061993,1
1007.8669526378166,LHR-TRKR0002,foot_left,0.519703933222346,0.07926142886270156,-1.1398898820009347,0.0,0.31730465640509214,0.0,0.9483236552061993,1
1007.8673979350745,LHR-TRKR0001,pelvis,0.6009256866985494,0.9942675659752523,-1.1991701617489472,0.0,0.31730465640509214,0.0,0.9483236552061993,1
1007.8676470957904,LHR-CTRL0001,hand_left,0.4004460581265943,0.9451558602886782,-1.049234540006017,0.0,0.31730465640509214,0.0,0.9483236552061993,1
1007.8766296574125,LHR-CTRL0002,hand_right,0.7987971730366894,0.946429989292345,-1.3511219415751314,0.0,0.31730465640509214,0.0,0.9483236552061993,1
1007.87693659422,LHR-TRKR0001,pelvis,0.601595953634248,0.9983222373315936,-1.1988350963513217,0.0,0.31730465640509214,0.0,0.9483236552061993,1
1007.8776277711667,LHR-TRKR0002,foot_left,0.5210202249423412,0.08113455503905692,-1.139132267866489,0.0,0.31730465640509214,0.0,0.9483236552061993,1
1007.8780725780957,LHR-HMD00001,head,0.6022164389369953,1.6972304711975204,-1.1997585665507453,0.0,0.31730465640509214,0.0,0.9483236552061993,1
1007.8791152363202,LHR-CTRL0001,hand_left,0.39932521218960554,0.9471429963583132,-1.0484887239585274,0.0,0.31730465640509214,0.0,0.9483236552061993,1
1007.8883485640275,LHR-TRKR0002,foot_left,0.5193231799843366,0.08055817982937954,-1.1387639567414143,0.0,0.31730465640509214,0.0,0.9483236552061993,1
1007.8886208848033,LHR-HMD00001,head,0.6010604685237109,1.6945564456374913,-1.1998760780211992,0.0,0.31730465640509214,0.0,0.9483236552061993,1
1007.8889447779185,LHR-CTRL0002,hand_right,0.7991970250661378,0.9464382279307628,-1.352069896322572,0.0,0.31730465640509214,0.0,0.9483236552061993,1
1007.8893936799464,LHR-TRKR0001,pelvis,0.5998657653575803,0.9973946406437035,-1.201161657014427,0.0,0.31730465640509214,0.0,0.9483236552061993,1
1007.8907857906431,LHR-CTRL0001,hand_left,0.3997286107353495,0.9471743166051708,-1.0501899979526839,0.0,0.31730465640509214,0.0,0.9483236552061993,1
1007.8976402592046,LHR-CTRL0001,hand_left,0.39950808243305036,0.9470849022407377,-1.0485998191791022,0.0,0.31730465640509214,0.0,0.9483236552061993,1
1007.8996280992802,LHR-HMD00001,head,0.5971704628787826,1.6983724866700154,-1.2021687699411079,0.0,0.31730465640509214,0.0,0.9483236552061993,1
1007.8999066970571,LHR-CTRL0002,hand_right,0.798988903750632,0.9459152658076716,-1.3502609461964175,0.0,0.31730465640509214,0.0,0.9483236552061993,1
1007.9010384800993,LHR-TRKR0002,foot_left,0.5228107135274476,0.08101001870398637,-1.139415430601272,0.0,0.31730465640509214,0.0,0.9483236552061993,1
1007.9016602103367,LHR-TRKR0001,pelvis,0.5995835518958524,0.9967998052425302,-1.2010405123413468,0.0,0.31730465640509214,0.0,0.9483236552061993,1
1007.9090952063768,LHR-TRKR0002,foot_left,0.5210164133706883,0.08028571423569271,-1.1394163627526925,0.0,0.31730465640509214,0.0,0.9483236552061993,1
1007.9093625879893,LHR-CTRL0002,hand_right,0.8008928440739076,0.9493727220050596,-1.3493340865707255,0.0,0.31730465640509214,0.0,0.9483236552061993,1
1007.9106519682207,LHR-CTRL0001,hand_left,0.4000992514267207,0.9481006166678093,-1.0492552629003717,0.0,0.31730465640509214,0.0,0.9483236552061993,1
1007.9106705574395,LHR-TRKR0001,pelvis,0.6009362666021419,0.9989192936786607,-1.2003616500320813,0.0,0.31730465640509214,0.0,0.9483236552061993,1
1007.9123631950498,LHR-HMD00001,head,0.6005476518627402,1.6969974994843782,-1.1974408773451717,0.0,0.31730465640509214,0.0,0.9483236552061993,1
1007.9208032901371,LHR-TRKR0002,foot_left,0.5191094289959208,0.07957949607408037,-1.1410940637451434,0.0,0.31730465640509214,0.0,0.9483236552061993,1
1007.921275614537,LHR-HMD00001,head,0.5987354446320338,1.6979759336881382,-1.198307402970414,0.0,0.31730465640509214,0.0,0.9483236552061993,1
1007.9215747373753,LHR-CTRL0001,hand_left,0.399006095796194,0.9454726432024537,-1.0509756503977166,0.0,0.31730465640509214,0.0,0.9483236552061993,1
1007.9220496264426,LHR-CTRL0002,hand_right,0.8009798548380821,0.9481272559947471,-1.3494909158538215,0.0,0.31730465640509214,0.0,0.9483236552061993,1
1007.9228862662596,LHR-TRKR0001,pelvis,0.600069454620457,0.9971180947225875,-1.2014092333239956,0.0,0.31730465640509214,0.0,0.9483236552061993,1
1007.9326921348962,LHR-TRKR0002,foot_left,0.5194034245419923,0.08014315515541554,-1.1407694918837188,0.0,0.31730465640509214,0.0,0.9483236552061993,1
1007.9329838698621,LHR-HMD00001,head,0.6004436726657822,1.698978085896281,-1.2002298278929961,0.0,0.31730465640509214,0.0,0.9483236552061993,1
1007.9331967615101,LHR-CTRL0002,hand_right,0.8009872339941903,0.9467917145079994,-1.3510071101239909,0.0,0.31730465640509214,0.0,0.9483236552061993,1
1007.9344561741158,LHR-TRKR0001,pelvis,0.6021552605660099,0.9996856802227121,-1.2014483173474741,0.0,0.31730465640509214,0.0,0.9483236552061993,1
1007.934784600393,LHR-CTRL0001,hand_left,0.39973341895315945,0.9480290716591236,-1.05049948432256,0.0,0.31730465640509214,0.0,0.9483236552061993,1
1007.9424131754314,LHR-HMD00001,head,0.6000945331392996,1.6983423805336806,-1.200165582340837,0.0,0.31730465640509214,0.0,0.9483236552061993,1
1007.9447712657069,LHR-TRKR0002,foot_left,0.5204790919364419,0.0802869383467177,-1.1410094458939268,0.0,0.31730465640509214,0.0,0.9483236552061993,1
1007.9449967286336,LHR-CTRL0002,hand_right,0.7997068797817992,0.9519650473620731,-1.3500167693771086,0.0,0.31730465640509214,0.0,0.9483236552061993,1
1007.9451118014538,LHR-CTRL0001,hand_left,0.3985257754691879,0.9493966196926048,-1.0485016664199573,0.0,0.31730465640509214,0.0,0.9483236552061993,1
1007.9453988204156,LHR-TRKR0001,pelvis,0.6003978886356426,0.9987949423591116,-1.200032468621066,0.0,0.31730465640509214,0.0,0.9483236552061993,1
1007.9551844531796,LHR-TRKR0002,foot_left,0.5203662081536866,0.07942956832244673,-1.1402333661474506,0.0,0.31730465640509214,0.0,0.9483236552061993,1
1007.9552786680587,LHR-CTRL0002,hand_right,0.7974297253890589,0.9486898118494193,-1.3491471611561416,0.0,0.31730465640509214,0.0,0.9483236552061993,1
1007.9557726003786,LHR-TRKR0001,pelvis,0.5990357355813474,1.0000813104976478,-1.199404146240546,0.0,0.31730465640509214,0.0,0.9483236552061993,1
1007.956096525519,LHR-HMD00001,head,0.5999563132387153,1.7002028324779421,-1.1999187622645522,0.0,0.31730465640509214,0.0,0.9483236552061993,1
1007.9565799484731,LHR-CTRL0001,hand_left,0.4017057172477812,0.9500448873053576,-1.0503107091371877,0.0,0.31730465640509214,0.0,0.9483236552061993,1
1007.9670462573155,LHR-TRKR0001,pelvis,0.5979018664187529,0.9997252040850064,-1.20087934133333,0.0,0.31730465640509214,0.0,0.9483236552061993,1
1007.967401763731,LHR-CTRL0001,hand_left,0.40086412870458654,0.9478570543699922,-1.0486645951165383,0.0,0.31730465640509214,0.0,0.9483236552061993,1
1007.9674160995274,LHR-CTRL0002,hand_right,0.8004062034560391,0.950356654774899,-1.349782117135366,0.0,0.31730465640509214,0.0,0.9483236552061993,1
1007.9674949311266,LHR-HMD00001,head,0.600846710721041,1.6982235001953518,-1.1985893155649623,0.0,0.31730465640509214,0.0,0.9483236552061993,1
1007.9684724840652,LHR-TRKR0002,foot_left,0.521812024387281,0.08051011523226373,-1.140214917951488,0.0,0.31730465640509214,0.0,0.9483236552061993,1
1007.976253821078,LHR-CTRL0001,hand_left,0.4012136529422997,0.9489795536903114,-1.0492572933893618,0.0,0.31730465640509214,0.0,0.9483236552061993,1
1007.9773345745381,LHR-CTRL0002,hand_right,0.8007515420075191,0.948656412841609,-1.3507540910287674,0.0,0.31730465640509214,0.0,0.9483236552061993,1
1007.9780563846849,LHR-TRKR0002,foot_left,0.5193544488626284,0.0789025665003531,-1.1411334942773887,0.0,0.31730465640509214,0.0,0.9483236552061993,1
1007.9783262646104,LHR-HMD00001,head,0.6004577905164048,1.7015107808550523,-1.1994678234545642,0.0,0.31730465640509214,0.0,0.9483236552061993,1
1007.9786428458656,LHR-TRKR0001,pelvis,0.602408714394986,1.001645225777482,-1.1999042498947998,0.0,0.31730465640509214,0.0,0.9483236552061993,1
1007.9887879603855,LHR-TRKR0002,foot_left,0.5193938075646956,0.08059712814015756,-1.139760395455769,0.0,0.31730465640509214,0.0,0.9483236552061993,1
1007.989251109279,LHR-TRKR0001,pelvis,0.5982522804777445,1.000237744220415,-1.1992004761413055,0.0,0.31730465640509214,0.0,0.9483236552061993,1
1007.9893089399641,LHR-CTRL0001,hand_left,0.4006518371653302,0.950107954868523,-1.0477442315820744,0.0,0.31730465640509214,0.0,0.9483236552061993,1
1007.9898065613764,LHR-HMD00001,head,0.5998984874114192,1.7001126812812126,-1.2011535163780043,0.0,0.31730465640509214,0.0,0.9483236552061993,1
1007.9903582535921,LHR-CTRL0002,hand_right,0.7983396512415439,0.9498640041903452,-1.3527731765780477,0.0,0.31730465640509214,0.0,0.9483236552061993,1
1007.9978221738676,LHR-CTRL0001,hand_left,0.40048359318736915,0.948793269096773,-1.0507345639567434,0.0,0.31730465640509214,0.0,0.9483236552061993,1
1007.9991879252625,LHR-TRKR0001,pelvis,0.5990212076774508,0.9997537949494568,-1.2003279263880393,0.0,0.31730465640509214,0.0,0.9483236552061993,1
1007.9995127854086,LHR-TRKR0002,foot_left,0.5201690368752835,0.08071542741755158,-1.1408925724742398,0.0,0.31730465640509214,0.0,0.9483236552061993,1
1008.0004407067447,LHR-HMD00001,head,0.5997738703898975,1.7001863317338066,-1.1998653060393198,0.0,0.31730465640509214,0.0,0.9483236552061993,1
1008.0023897369488,LHR-CTRL0002,hand_right,0.800451190838182,0.950318170812261,-1.3492276704808457,0.0,0.31730465640509214,0.0,0.9483236552061993,1
1008.0103015735052,LHR-CTRL0002,hand_right,0.802573299034268,0.950299014351613,-1.3513530758693564,0.0,0.31730465640509214,0.0,0.9483236552061993,1
1008.011453626502,LHR-HMD00001,head,0.5983636290465765,1.7004908097389126,-1.2010033205984711,0.0,0.31730465640509214,0.0,0.9483236552061993,1
1008.0115530100832,LHR-CTRL0001,hand_left,0.40146375683217905,0.9484036753692973,-1.049350919838275,0.0,0.31730465640509214,0.0,0.9483236552061993,1
1008.012070261725,LHR-TRKR0001,pelvis,0.5997594701927804,0.9995324793619822,-1.1993438716904676,0.0,0.31730465640509214,0.0,0.9483236552061993,1
1008.0125448879714,LHR-TRKR0002,foot_left,0.5203656868066304,0.0788523107098683,-1.1412268678028328,0.0,0.31730465640509214,0.0,0.9483236552061993,1
1008.0200104530788,LHR-TRKR0001,pelvis,0.600640671164259,1.0003279865910122,-1.1999458099193059,0.0,0.31730465640509214,0.0,0.9483236552061993,1
1008.022108228948,LHR-TRKR0002,foot_left,0.5183353212883552,0.08086554532384803,-1.1406056463871153,0.0,0.31730465640509214,0.0,0.9483236552061993,1
1008.0224234478569,LHR-CTRL0001,hand_left,0.39878112867257015,0.950571101503371,-1.0496748621592853,0.0,0.31730465640509214,0.0,0.9483236552061993,1
1008.0226961692892,LHR-HMD00001,head,0.5997853190271883,1.7008512766946433,-1.2007063052980695,0.0,0.31730465640509214,0.0,0.9483236552061993,1
1008.0234536919787,LHR-CTRL0002,hand_right,0.7998970017704493,0.9512165613921243,-1.3497390084828813,0.0,0.31730465640509214,0.0,0.9483236552061993,1
1008.0317647608463,LHR-TRKR0002,foot_left,0.5192791769118091,0.07891338377576776,-1.1411933868306452,0.0,0.31730465640509214,0.0,0.9483236552061993,1
1008.0325590094888,LHR-TRKR0001,pelvis,0.5998981211123592,0.9994397927277133,-1.2022571518827638,0.0,0.31730465640509214,0.0,0.9483236552061993,1
1008.0330660249014,LHR-HMD00001,head,0.5998748808264558,1.6995598524614637,-1.199459679266641,0.0,0.31730465640509214,0.0,0.9483236552061993,1
1008.0331529211576,LHR-CTRL0001,hand_left,0.40134602815641185,0.9485157872912752,-1.051042463134408,0.0,0.31730465640509214,0.0,0.9483236552061993,1
1008.0341797798424,LHR-CTRL0002,hand_right,0.7999312289552162,0.9478364340797412,-1.3495899054094562,0.0,0.31730465640509214,0.0,0.9483236552061993,1
1008.044219759493,LHR-TRKR0002,foot_left,0.519557780968003,0.08051581138753394,-1.1397220988577836,0.0,0.31730465640509214,0.0,0.9483236552061993,1
1008.0446829705727,LHR-CTRL0001,hand_left,0.400043856337413,0.9494376548979977,-1.0483425952978327,0.0,0.31730465640509214,0.0,0.9483236552061993,1
1008.045445319114,LHR-CTRL0002,hand_right,0.7988730192967076,0.9484496474068366,-1.3501573507686646,0.0,0.31730465640509214,0.0,0.9483236552061993,1
1008.045632772307,LHR-HMD00001,head,0.5988477797816858,1.698448813177676,-1.2020742574680323,0.0,0.31730465640509214,0.0,0.9483236552061993,1
1008.0461470810869,LHR-TRKR0001,pelvis,0.60102645341511,0.999235752994325,-1.198850188673402,0.0,0.31730465640509214,0.0,0.9483236552061993,1
1008.054594147801,LHR-TRKR0001,pelvis,0.601063323899729,1.0003417958929188,-1.2010125905718838,0.0,0.31730465640509214,0.0,0.9483236552061993,1
1008.0552069834905,LHR-HMD00001,head,0.6021759560474514,1.7006778847166901,-1.198381763511501,0.0,0.31730465640509214,0.0,0.9483236552061993,1
1008.0553755319287,LHR-CTRL0002,hand_right,0.8007339965402558,0.9493053337721177,-1.3511198119175092,0.0,0.31730465640509214,0.0,0.9483236552061993,1
1008.0558500265995,LHR-TRKR0002,foot_left,0.5193632035057143,0.08092313294955111,-1.138886310315995,0.0,0.31730465640509214,0.0,0.9483236552061993,1
1008.0562704435393,LHR-CTRL0001,hand_left,0.4002257341874456,0.9500419476827273,-1.049854046253992,0.0,0.31730465640509214,0.0,0.9483236552061993,1
1008.0652043147415,LHR-HMD00001,head,0.5996259632533176,1.7011225180950045,-1.200445168626385,0.0,0.31730465640509214,0.0,0.9483236552061993,1
1008.0657636412625,LHR-TRKR0001,pelvis,0.6001530692632381,0.9996923223675125,-1.201216856005555,0.0,0.31730465640509214,0.0,0.9483236552061993,1
1008.0658850436904,LHR-CTRL0001,hand_left,0.40167826524729083,0.9477866214295767,-1.0497391110192307,0.0,0.31730465640509214,0.0,0.9483236552061993,1
1008.0668177441145,LHR-CTRL0002,hand_right,0.7984618696603746,0.9506316750157109,-1.3518735996851492,0.0,0.31730465640509214,0.0,0.9483236552061993,1
1008.0668435074565,LHR-TRKR0002,foot_left,0.5209936029646608,0.08244484612858066,-1.1411275246421482,0.0,0.31730465640509214,0.0,0.9483236552061993,1
1008.0775620544031,LHR-TRKR0001,pelvis,0.5986419874247118,1.0008029085826255,-1.1997187815201324,0.0,0.31730465640509214,0.0,0.9483236552061993,1
1008.0779510738953,LHR-TRKR0002,foot_left,0.5199121446344329,0.08114404836949622,-1.1428150368146681,0.0,0.31730465640509214,0.0,0.9483236552061993,1
1008.0781363133223,LHR-CTRL0001,hand_left,0.3989622231653103,0.9483527233021217,-1.0476626569284857,0.0,0.31730465640509214,0.0,0.9483236552061993,1
1008.0781861999508,LHR-CTRL0002,hand_right,0.7984700722440649,0.9491205215479614,-1.3501075284452961,0.0,0.31730465640509214,0.0,0.9483236552061993,1
1008.0786275613914,LHR-HMD00001,head,0.5987372215015214,1.7008469605111847,-1.2002944486257818,0.0,0.31730465640509214,0.0,0.9483236552061993,1
1008.0886042545766,LHR-TRKR0001,pelvis,0.5993266105992864,0.9990900583613319,-1.1992955982996292,0.0,0.31730465640509214,0.0,0.9483236552061993,1
1008.0888310904958,LHR-TRKR0002,foot_left,0.5189741406345816,0.08286113623835613,-1.1412285554833599,0.0,0.31730465640509214,0.0,0.9483236552061993,1
1008.0891152587086,LHR-CTRL0002,hand_right,0.8010336789268822,0.9493073140505807,-1.3514089986924345,0.0,0.31730465640509214,0.0,0.9483236552061993,1
1008.0903450362091,LHR-CTRL0001,hand_left,0.40162023707207706,0.9509873392839054,-1.0503841084454022,0.0,0.31730465640509214,0.0,0.9483236552061993,1
1008.0907395916688,LHR-HMD00001,head,0.6002599052410226,1.7004189440674087,-1.1994085201818343,0.0,0.31730465640509214,0.0,0.9483236552061993,1
1008.098307435915,LHR-TRKR0002,foot_left,0.5196584084612824,0.0833992706047219,-1.1409928230885387,0.0,0.31730465640509214,0.0,0.9483236552061993,1
1008.0990398488807,LHR-HMD00001,head,0.599787248556054,1.6976905356736685,-1.2011880459372728,0.0,0.31730465640509214,0.0,0.9483236552061993,1
1008.1003957362957,LHR-CTRL0001,hand_left,0.400840273057458,0.9504798639770088,-1.049512266967183,0.0,0.31730465640509214,0.0,0.9483236552061993,1
1008.1014992133028,LHR-CTRL0002,hand_right,0.7993111253342218,0.9503033405173027,-1.3496436438592208,0.0,0.31730465640509214,0.0,0.9483236552061993,1
1008.1016787708313,LHR-TRKR0001,pelvis,0.5992873578929625,1.000456260398084,-1.1989338755798251,0.0,0.31730465640509214,0.0,0.9483236552061993,1
1008.110641853764,LHR-TRKR0001,pelvis,0.6000292585635275,1.0002028731548493,-1.1996791615393594,0.0,0.31730465640509214,0.0,0.9483236552061993,1
1008.1110094799815,LHR-HMD00001,head,0.6005654944684936,1.701946915992828,-1.2000351774350855,0.0,0.31730465640509214,0.0,0.9483236552061993,1
1008.1113418021935,LHR-CTRL0001,hand_left,0.40101040791364545,0.9511377363618664,-1.0488011865929132,0.0,0.31730465640509214,0.0,0.9483236552061993,1
1008.1114544268457,LHR-TRKR0002,foot_left,0.5203243412907131,0.08398013570652198,-1.1405870315645008,0.0,0.31730465640509214,0.0,0.9483236552061993,1
1008.1134196553147,LHR-CTRL0002,hand_right,0.7999291707745484,0.9485821159329998,-1.3517058250589955,0.0,0.31730465640509214,0.0,0.9483236552061993,1
1008.1215367802115,LHR-HMD00001,head,0.6013797564993476,1.6976233064964121,-1.1985099043752117,0.0,0.31730465640509214,0.0,0.9483236552061993,1
1008.1217035626602,LHR-CTRL0002,hand_right,0.7987918969668761,0.9499227388224354,-1.3499789538495666,0.0,0.31730465640509214,0.0,0.9483236552061993,1
1008.1220711216449,LHR-TRKR0001,pelvis,0.6005787177897636,1.0008419133007906,-1.202135154519453,0.0,0.31730465640509214,0.0,0.9483236552061993,1
1008.1222077117177,LHR-CTRL0001,hand_left,0.40163074290255035,0.9511021941319578,-1.0498044202173085,0.0,0.31730465640509214,0.0,0.9483236552061993,1
1008.1224082395969,LHR-TRKR0002,foot_left,0.5220238102967171,0.08417761584539596,-1.1381230422576436,0.0,0.31730465640509214,0.0,0.9483236552061993,1
1008.132035502154,LHR-CTRL0001,hand_left,0.40094180658671674,0.9488391942107871,-1.0511528998613484,0.0,0.31730465640509214,0.0,0.9483236552061993,1
1008.1321268273883,LHR-CTRL0002,hand_right,0.8010243650432659,0.9497058047180794,-1.3500737990837528,0.0,0.31730465640509214,0.0,0.9483236552061993,1
1008.1329527500832,LHR-HMD00001,head,0.5988644150354749,1.69898651153813,-1.2002997819302312,0.0,0.31730465640509214,0.0,0.9483236552061993,1
1008.1331440421778,LHR-TRKR0002,foot_left,0.5194731963641924,0.08853697239499594,-1.1392643070237947,0.0,0.31730465640509214,0.0,0.9483236552061993,1
1008.1336685886401,LHR-TRKR0001,pelvis,0.6012457935654592,1.0004560207503341,-1.1999002477675091,0.0,0.31730465640509214,0.0,0.9483236552061993,1
1008.1433342967653,LHR-TRKR0002,foot_left,0.5187304698044704,0.08797283229551701,-1.1390473523712377,0.0,0.31730465640509214,0.0,0.9483236552061993,1
1008.1435090363258,LHR-CTRL0002,hand_right,0.8007110693797885,0.9487320559024108,-1.3510371055587136,0.0,0.31730465640509214,0.0,0.9483236552061993,1
1008.1444905374161,LHR-HMD00001,head,0.6002966840865261,1.6988022506606115,-1.199003894696615,0.0,0.31730465640509214,0.0,0.9483236552061993,1
1008.1458729685123,LHR-CTRL0001,hand_left,0.40142150948260646,0.9491066820196264,-1.0492366589406983,0.0,0.31730465640509214,0.0,0.9483236552061993,1
1008.1463287233738,LHR-TRKR0001,pelvis,0.5995889598312276,1.0008328118116365,-1.2012860302957886,0.0,0.31730465640509214,0.0,0.9483236552061993,1
1008.1543137471028,LHR-HMD00001,head,0.5985578007857473,1.700136032394383,-1.2008838160225532,0.0,0.31730465640509214,0.0,0.9483236552061993,1
1008.155143173599,LHR-CTRL0001,hand_left,0.3996422534855748,0.9500370523374461,-1.048227155938875,0.0,0.31730465640509214,0.0,0.9483236552061993,1
1008.1567534533061,LHR-TRKR0001,pelvis,0.5991471198314299,1.0006226346639475,-1.2003246762124717,0.0,0.31730465640509214,0.0,0.9483236552061993,1
1008.1567560881422,LHR-TRKR0002,foot_left,0.5195965264386115,0.08889159124606785,-1.1414051597132462,0.0,0.31730465640509214,0.0,0.9483236552061993,1
1008.1570349218654,LHR-CTRL0002,hand_right,0.8002188018973951,0.9500104974136577,-1.3533826198453887,0.0,0.31730465640509214,0.0,0.9483236552061993,1
1008.166231653835,LHR-TRKR0002,foot_left,0.5185953691774147,0.0913362343893506,-1.1387338391066995,0.0,0.31730465640509214,0.0,0.9483236552061993,1
1008.1663890129954,LHR-HMD00001,head,0.6002133873842509,1.697982431011465,-1.2009793033164637,0.0,0.31730465640509214,0.0,0.9483236552061993,1
1008.1667069087723,LHR-CTRL0001,hand_left,0.4015937428202535,0.9498621334352886,-1.0490281455042003,0.0,0.31730465640509214,0.0,0.9483236552061993,1
1008.16716302966,LHR-CTRL0002,hand_right,0.7982327089376389,0.949742142088946,-1.350596026315256,0.0,0.31730465640509214,0.0,0.9483236552061993,1
1008.1676743427973,LHR-TRKR0001,pelvis,0.6012853158847441,0.9992697857353044,-1.1993928220584216,0.0,0.31730465640509214,0.0,0.9483236552061993,1
1008.1763118103914,LHR-HMD00001,head,0.5987509441029157,1.700909678997377,-1.2022396876198234,0.0,0.31730465640509214,0.0,0.9483236552061993,1
1008.1771044855534,LHR-TRKR0002,foot_left,0.5210744045748069,0.09013656693086029,-1.1384144329398946,0.0,0.31730465640509214,0.0,0.9483236552061993,1
1008.1771582573756,LHR-TRKR0001,pelvis,0.6010981811121588,0.9992494286343598,-1.2005765755906195,0.0,0.31730465640509214,0.0,0.9483236552061993,1
1008.1774794861078,LHR-CTRL0001,hand_left,0.40011146690931376,0.950505457489562,-1.0505322382196467,0.0,0.31730465640509214,0.0,0.9483236552061993,1
1008.1778995869635,LHR-CTRL0002,hand_right,0.7987253681306695,0.9509973790255367,-1.3507857981122704,0.0,0.31730465640509214,0.0,0.9483236552061993,1
1008.1874444655382,LHR-CTRL0002,hand_right,0.8010723313209486,0.9495053753171087,-1.351890386054063,0.0,0.31730465640509214,0.0,0.9483236552061993,1
1008.1881568806872,LHR-TRKR0001,pelvis,0.6021254365803335,0.9987843839813951,-1.198333207715575,0.0,0.31730465640509214,0.0,0.9483236552061993,1
1008.1883206612509,LHR-HMD00001,head,0.6017309140046783,1.699486747826364,-1.199810181597268,0.0,0.31730465640509214,0.0,0.9483236552061993,1
1008.1885332924663,LHR-CTRL0001,hand_left,0.40126442126549294,0.9504052580809069,-1.050296215476144,0.0,0.31730465640509214,0.0,0.9483236552061993,1
1008.1896574713649,LHR-TRKR0002,foot_left,0.5205681445247534,0.09504756784566552,-1.1386999289434745,0.0,0.31730465640509214,0.0,0.9483236552061993,1
1008.1988139303461,LHR-HMD00001,head,0.5974524842547101,1.699203017582374,-1.1991623797167348,0.0,0.31730465640509214,0.0,0.9483236552061993,1
1008.1988496223439,LHR-TRKR0001,pelvis,0.6015016627052877,1.0010412674813234,-1.199463527260824,0.0,0.31730465640509214,0.0,0.9483236552061993,1
1008.199410189472,LHR-CTRL0001,hand_left,0.4015194768206506,0.949617865908475,-1.050848430682689,0.0,0.31730465640509214,0.0,0.9483236552061993,1
1008.1994946500906,LHR-TRKR0002,foot_left,0.521957433027076,0.09326002669462895,-1.140998803197796,0.0,0.31730465640509214,0.0,0.9483236552061993,1
1008.1997324263203,LHR-CTRL0002,hand_right,0.7992020826696702,0.9503730131847218,-1.3517477932292066,0.0,0.31730465640509214,0.0,0.9483236552061993,1
1008.2100520504116,LHR-HMD00001,head,0.6015003589738753,1.699009044776053,-1.1988672610454019,0.0,0.31730465640509214,0.0,0.9483236552061993,1
1008.2104068428426,LHR-CTRL0001,hand_left,0.400319390741872,0.9502589970546989,-1.0487656524477353,0.0,0.31730465640509214,0.0,0.9483236552061993,1
1008.210810578154,LHR-CTRL0002,hand_right,0.8025866041928427,0.9481174641953528,-1.3501758905720087,0.0,0.31730465640509214,0.0,0.9483236552061993,1
1008.211192851631,LHR-TRKR0002,foot_left,0.5199437443891485,0.09608516788863519,-1.1408274329081918,0.0,0.31730465640509214,0.0,0.9483236552061993,1
1008.2118443584105,LHR-TRKR0001,pelvis,0.5996170409364352,1.0008970868841454,-1.20015776648929,0.0,0.31730465640509214,0.0,0.9483236552061993,1
1008.2205023115415,LHR-HMD00001,head,0.6001750029926577,1.700641995490167,-1.200212498333035,0.0,0.31730465640509214,0.0,0.9483236552061993,1
1008.2215831048046,LHR-TRKR0001,pelvis,0.5997308940510933,1.0012096117063813,-1.1975691520770062,0.0,0.31730465640509214,0.0,0.9483236552061993,1
1008.2222404221245,LHR-TRKR0002,foot_left,0.5199158873778869,0.09627739107596735,-1.1400508844101402,0.0,0.31730465640509214,0.0,0.9483236552061993,1
1008.2231545457779,LHR-CTRL0001,hand_left,0.40020057275575793,0.9511118225930713,-1.0491299445413695,0.0,0.31730465640509214,0.0,0.9483236552061993,1
1008.2239466622331,LHR-CTRL0002,hand_right,0.8016131681697746,0.9504162691115712,-1.351118236828821,0.0,0.31730465640509214,0.0,0.9483236552061993,1
1008.2331283135527,LHR-TRKR0001,pelvis,0.6019360313446792,1.0015171225944741,-1.1999393437853085,0.0,0.31730465640509214,0.0,0.9483236552061993,1
1008.2333947361017,LHR-CTRL0002,hand_right,0.7975257301445019,0.9498600670111449,-1.3490356800053098,0.0,0.31730465640509214,0.0,0.9483236552061993,1
1008.2336363301685,LHR-TRKR0002,foot_left,0.5190059961853367,0.09988479331782615,-1.138458250907694,0.0,0.31730465640509214,0.0,0.9483236552061993,1
1008.2345526879221,LHR-HMD00001,head,0.601514980370502,1.6982924400353556,-1.1993575811210373,0.0,0.31730465640509214,0.0,0.9483236552061993,1
1008.2346991237036,LHR-CTRL0001,hand_left,0.3996195998458702,0.9498209897581292,-1.048087784005529,0.0,0.31730465640509214,0.0,0.9483236552061993,1
1008.2446865637077,LHR-CTRL0001,hand_left,0.3985375949487341,0.9512642214490578,-1.050220293713724,0.0,0.31730465640509214,0.0,0.9483236552061993,1
1008.2447405963413,LHR-TRKR0001,pelvis,0.5996437923967481,1.0007925803186628,-1.2010807950909463,0.0,0.31730465640509214,0.0,0.9483236552061993,1
1008.2449535035291,LHR-HMD00001,head,0.6015376755197692,1.7007691371023244,-1.2002866512453303,0.0,0.31730465640509214,0.0,0.9483236552061993,1
1008.2455744040876,LHR-CTRL0002,hand_right,0.7983843072001106,0.9506334659292548,-1.3489823484382657,0.0,0.31730465640509214,0.0,0.9483236552061993,1
1008.2467363487513,LHR-TRKR0002,foot_left,0.5198917872121087,0.09957933954917227,-1.141103801516543,0.0,0.31730465640509214,0.0,0.9483236552061993,1
1008.2536380915121,LHR-HMD00001,head,0.6005175447956383,1.700261412525162,-1.2002753310614638,0.0,0.31730465640509214,0.0,0.9483236552061993,1
1008.2544003677169,LHR-CTRL0001,hand_left,0.40120175519874246,0.9495418071108084,-1.0486688498522259,0.0,0.31730465640509214,0.0,0.9483236552061993,1
1008.2551433960904,LHR-CTRL0002,hand_right,0.8005107685711066,0.9509624394053987,-1.3504633331173281,0.0,0.31730465640509214,0.0,0.9483236552061993,1
1008.2552526946996,LHR-TRKR0002,foot_left,0.5193894109606375,0.10160209138396788,-1.139455492426846,0.0,0.31730465640509214,0.0,0.9483236552061993,1
1008.2574576543018,LHR-TRKR0001,pelvis,0.600017821779081,1.0005488448576467,-1.2010569713991806,0.0,0.31730465640509214,0.0,0.9483236552061993,1
1008.2660698390727,LHR-HMD00001,head,0.6010696281386735,1.7013427902285179,-1.201360687291893,0.0,0.31730465640509214,0.0,0.9483236552061993,1
1008.2666004859002,LHR-CTRL0001,hand_left,0.40104048602771947,0.9481614694169188,-1.0513060059862167,0.0,0.31730465640509214,0.0,0.9483236552061993,1
1008.2674433184668,LHR-CTRL0002,hand_right,0.8002382484905445,0.9490263704417781,-1.3500477278786323,0.0,0.31730465640509214,0.0,0.9483236552061993,1
1008.2677785036052,LHR-TRKR0002,foot_left,0.5209059060062071,0.105786061514334,-1.139485399971488,0.0,0.31730465640509214,0.0,0.9483236552061993,1
1008.2683803765364,LHR-TRKR0001,pelvis,0.6012896995350224,1.0007672598477666,-1.1990176898971985,0.0,0.31730465640509214,0.0,0.9483236552061993,1
1008.277107339178,LHR-HMD00001,head,0.6018584614604674,1.7000517412204141,-1.2001707309562692,0.0,0.31730465640509214,0.0,0.9483236552061993,1
1008.277584480432,LHR-CTRL0002,hand_right,0.7994896447385695,0.9484510230636755,-1.350298438201106,0.0,0.31730465640509214,0.0,0.9483236552061993,1
1008.2776047909421,LHR-TRKR0002,foot_left,0.5189512769670652,0.10706926211571412,-1.140298224040856,0.0,0.31730465640509214,0.0,0.9483236552061993,1
1008.2779834662228,LHR-TRKR0001,pelvis,0.5997107696998335,1.0000167272059666,-1.1995378858407386,0.0,0.31730465640509214,0.0,0.9483236552061993,1
1008.2799983321689,LHR-CTRL0001,hand_left,0.39991205867956336,0.9488574716347405,-1.050598026586132,0.0,0.31730465640509214,0.0,0.9483236552061993,1
1008.2868873498245,LHR-TRKR0002,foot_left,0.5213128093151883,0.10890327530277592,-1.1390254733760228,0.0,0.31730465640509214,0.0,0.9483236552061993,1
1008.2881979447607,LHR-HMD00001,head,0.6009264294977176,1.6992327990970553,-1.1995318225357012,0.0,0.31730465640509214,0.0,0.9483236552061993,1
1008.2892012473296,LHR-CTRL0001,hand_left,0.4011372195335092,0.9494476838316532,-1.0502370014147664,0.0,0.31730465640509214,0.0,0.9483236552061993,1
1008.2896537605657,LHR-CTRL0002,hand_right,0.7973110099696769,0.9497072187937361,-1.3511981803383668,0.0,0.31730465640509214,0.0,0.9483236552061993,1
1008.2899196442836,LHR-TRKR0001,pelvis,0.6002608171548918,0.9998254049981592,-1.1996240370435796,0.0,0.31730465640509214,0.0,0.9483236552061993,1
1008.2982159947094,LHR-TRKR0001,pelvis,0.6004568378638571,1.000154805628071,-1.1997041373257857,0.0,0.31730465640509214,0.0,0.9483236552061993,1
1008.2985531164874,LHR-HMD00001,head,0.5996725327557808,1.6999650636459545,-1.1996125778162707,0.0,0.31730465640509214,0.0,0.9483236552061993,1
1008.2998041188074,LHR-CTRL0001,hand_left,0.39980621007729594,0.9488855799054868,-1.0501050053625294,0.0,0.31730465640509214,0.0,0.9483236552061993,1
1008.3004730645888,LHR-TRKR0002,foot_left,0.5214826523092907,0.11082925286155532,-1.138397677629676,0.0,0.31730465640509214,0.0,0.9483236552061993,1
1008.3009862577956,LHR-CTRL0002,hand_right,0.7994931537565683,0.9491001021286121,-1.3495535381431079,0.0,0.31730465640509214,0.0,0.9483236552061993,1
1008.3097198833065,LHR-CTRL0002,hand_right,0.7996791093768086,0.9500366459663246,-1.3508956686612197,0.0,0.31730465640509214,0.0,0.9483236552061993,1
1008.3099881969498,LHR-TRKR0002,foot_left,0.5184299057084006,0.11327112041082923,-1.1402730975137725,0.0,0.31730465640509214,0.0,0.9483236552061993,1
1008.3102919759863,LHR-CTRL0001,hand_left,0.39944801574933453,0.9516780208328502,-1.0481970218582088,0.0,0.31730465640509214,0.0,0.9483236552061993,1
1008.311613475868,LHR-TRKR0001,pelvis,0.6005173477742799,1.0011195693647752,-1.1997011027945694,0.0,0.31730465640509214,0.0,0.9483236552061993,1
1008.3118654968325,LHR-HMD00001,head,0.6000211431869227,1.699671804642059,-1.1987948195767855,0.0,0.31730465640509214,0.0,0.9483236552061993,1
1008.3212325377704,LHR-TRKR0001,pelvis,0.5994593490887242,1.0008084558636468,-1.198833049062821,0.0,0.31730465640509214,0.0,0.9483236552061993,1
1008.3218263584367,LHR-HMD00001,head,0.6005736833831617,1.7004992745096654,-1.1991150559065253,0.0,0.31730465640509214,0.0,0.9483236552061993,1
1008.3225716946175,LHR-TRKR0002,foot_left,0.520419431004913,0.1158312735283557,-1.141373762884561,0.0,0.31730465640509214,0.0,0.9483236552061993,1
1008.3227524084788,LHR-CTRL0001,hand_left,0.40041703613316837,0.9511993120165875,-1.0488681666595685,0.0,0.31730465640509214,0.0,0.9483236552061993,1
1008.3235561861438,LHR-CTRL0002,hand_right,0.8002447692595365,0.9510321997009573,-1.3504696528220461,0.0,0.31730465640509214,0.0,0.9483236552061993,1
1008.3326293860249,LHR-TRKR0001,pelvis,0.6002035538595817,0.9995826600780732,-1.201304373122079,0.0,0.31730465640509214,0.0,0.9483236552061993,1
1008.3326529529756,LHR-TRKR0002,foot_left,0.5210656857281475,0.11762991558626543,-1.140580981313798,0.0,0.31730465640509214,0.0,0.9483236552061993,1
1008.3330940606813,LHR-CTRL0001,hand_left,0.40016518158473935,0.9499717151762513,-1.049695204016653,0.0,0.31730465640509214,0.0,0.9483236552061993,1
1008.3338014822428,LHR-HMD00001,head,0.5979106879560439,1.7009092751644719,-1.1976930174062126,0.0,0.31730465640509214,0.0,0.9483236552061993,1
1008.3352187932758,LHR-CTRL0002,hand_right,0.7988481177331299,0.9495716492820077,-1.3501030947215424,0.0,0.31730465640509214,0.0,0.9483236552061993,1
1008.3432158480945,LHR-TRKR0001,pelvis,0.6007597387865363,0.9980690909572012,-1.1977645935773769,0.0,0.31730465640509214,0.0,0.9483236552061993,1
1008.3438036305595,LHR-TRKR0002,foot_left,0.5205876343050249,0.11999813620105573,-1.137879980928755,0.0,0.31730465640509214,0.0,0.9483236552061993,1
1008.3449712002096,LHR-HMD00001,head,0.5989657158580025,1.702518067863156,-1.2017900736104603,0.0,0.31730465640509214,0.0,0.9483236552061993,1
1008.3457285195539,LHR-CTRL0001,hand_left,0.4020376492604205,0.9510065811459982,-1.0499352086440714,0.0,0.31730465640509214,0.0,0.9483236552061993,1
1008.346118511332,LHR-CTRL0002,hand_right,0.7979563836525845,0.9499183442200942,-1.350527290917893,0.0,0.31730465640509214,0.0,0.9483236552061993,1
1008.3534858649523,LHR-TRKR0002,foot_left,0.5205355714006762,0.12192495959840646,-1.1395489947878652,0.0,0.31730465640509214,0.0,0.9483236552061993,1
1008.3557610539725,LHR-CTRL0002,hand_right,0.7994213155787049,0.9513987079778413,-1.3506301021312315,0.0,0.31730465640509214,0.0,0.9483236552061993,1
1008.3562791551875,LHR-TRKR0001,pelvis,0.6003146182353405,0.9985458539763652,-1.1993026073867261,0.0,0.31730465640509214,0.0,0.9483236552061993,1
1008.3566422745088,LHR-CTRL0001,hand_left,0.39934116920937146,0.9490843309523013,-1.0494166336363873,0.0,0.31730465640509214,0.0,0.9483236552061993,1
1008.3569310008672,LHR-HMD00001,head,0.5993025407638978,1.700674295708079,-1.200597733065747,0.0,0.31730465640509214,0.0,0.9483236552061993,1
1008.364851794389,LHR-HMD00001,head,0.5991099230944087,1.7001530437637016,-1.199562719520306,0.0,0.31730465640509214,0.0,0.9483236552061993,1
1008.3668108169936,LHR-TRKR0002,foot_left,0.5215693497106428,0.12268509097223272,-1.1404312333954316,0.0,0.31730465640509214,0.0,0.9483236552061993,1
1008.3671808070933,LHR-CTRL0001,hand_left,0.40087649050106494,0.9503343196758508,-1.0504173986837078,0.0,0.31730465640509214,0.0,0.9483236552061993,1
1008.3676827168047,LHR-CTRL0002,hand_right,0.7991370696987128,0.9496963581762486,-1.350707598035228,0.0,0.31730465640509214,0.0,0.9483236552061993,1
1008.3682914329653,LHR-TRKR0001,pelvis,0.5989473810997613,1.0000415321863054,-1.1995598286648648,0.0,0.31730465640509214,0.0,0.9483236552061993,1
1008.3778530507888,LHR-CTRL0001,hand_left,0.40056666848523026,0.9508083238142783,-1.0515902436003788,0.0,0.31730465640509214,0.0,0.9483236552061993,1
1008.3780913783984,LHR-CTRL0002,hand_right,0.797997737227949,0.9520494572594034,-1.3496112263064852,0.0,0.31730465640509214,0.0,0.9483236552061993,1
1008.3783483351001,LHR-TRKR0002,foot_left,0.5206490909916336,0.1265090385879313,-1.1412651978697697,0.0,0.31730465640509214,0.0,0.9483236552061993,1
1008.3789545177293,LHR-TRKR0001,pelvis,0.6012498065259988,1.0009498274362145,-1.2000936875149548,0.0,0.31730465640509214,0.0,0.9483236552061993,1
1008.3795163798892,LHR-HMD00001,head,0.6008744355789514,1.699727847876818,-1.2020286133176836,0.0,0.31730465640509214,0.0,0.9483236552061993,1
1008.3875478914766,LHR-TRKR0001,pelvis,0.599339611024724,1.0002245492774773,-1.2019878512365096,0.0,0.31730465640509214,0.0,0.9483236552061993,1
1008.3886146867862,LHR-CTRL0002,hand_right,0.7996119770909643,0.949206639270464,-1.3516102535883012,0.0,0.31730465640509214,0.0,0.9483236552061993,1
1008.3887616536749,LHR-TRKR0002,foot_left,0.522164358709133,0.12927339408493416,-1.1394922913887993,0.0,0.31730465640509214,0.0,0.9483236552061993,1
1008.3894276318837,LHR-CTRL0001,hand_left,0.3992745738297875,0.9489166527463995,-1.0500660247513325,0.0,0.31730465640509214,0.0,0.9483236552061993,1
1008.3901577041628,LHR-HMD00001,head,0.6005726034653398,1.7012954278036825,-1.2004612589730412,0.0,0.31730465640509214,0.0,0.9483236552061993,1
1008.3991943214935,LHR-CTRL0002,hand_right,0.7995633356238407,0.94918913973554,-1.3509475605435983,0.0,0.31730465640509214,0.0,0.9483236552061993,1
1008.3993269337624,LHR-TRKR0001,pelvis,0.5993488820165889,0.9993345853166601,-1.2003055349818617,0.0,0.31730465640509214,0.0,0.9483236552061993,1
1008.4003156476147,LHR-CTRL0001,hand_left,0.4001229321782056,0.9492320057410376,-1.0495396316619323,0.0,0.31730465640509214,0.0,0.9483236552061993,1
1008.4005730659923,LHR-HMD00001,head,0.6007867320840655,1.6986367727785658,-1.2007223717915152,0.0,0.31730465640509214,0.0,0.9483236552061993,1
1008.4010703161307,LHR-TRKR0002,foot_left,0.5197193428161155,0.1330671212584376,-1.1408597803129878,0.0,0.31730465640509214,0.0,0.9483236552061993,1
1008.4096911464677,LHR-TRKR0002,foot_left,0.5192496802168964,0.13447601456475583,-1.1379059224145407,0.0,0.31730465640509214,0.0,0.9483236552061993,1
1008.4104622002277,LHR-CTRL0002,hand_right,0.8008016925752924,0.9496323716800167,-1.3505044229868686,0.0,0.31730465640509214,0.0,0.9483236552061993,1
1008.4108773476387,LHR-CTRL0001,hand_left,0.3975442863718684,0.9501153738836542,-1.0504061476527518,0.0,0.31730465640509214,0.0,0.9483236552061993,1
1008.4113437980559,LHR-TRKR0001,pelvis,0.6007792870083064,1.000513953568711,-1.1986349004363213,0.0,0.31730465640509214,0.0,0.9483236552061993,1
1008.4134947033403,LHR-HMD00001,head,0.5988135701227811,1.7000960411123691,-1.201171490826724,0.0,0.31730465640509214,0.0,0.9483236552061993,1
1008.4223500876069,LHR-TRKR0001,pelvis,0.6017568246052499,0.9999832930150544,-1.199814963762284,0.0,0.31730465640509214,0.0,0.9483236552061993,1
1008.4224272008202,LHR-HMD00001,head,0.6016562757599112,1.7005123995114257,-1.1999564107368172,0.0,0.31730465640509214,0.0,0.9483236552061993,1
1008.4224671730793,LHR-CTRL0002,hand_right,0.8007230539571011,0.9494660271699729,-1.3503872191877482,0.0,0.31730465640509214,0.0,0.9483236552061993,1
1008.42309347729,LHR-TRKR0002,foot_left,0.5219805037626533,0.13725106399261258,-1.1388408655198674,0.0,0.31730465640509214,0.0,0.9483236552061993,1
1008.4235520782204,LHR-CTRL0001,hand_left,0.4020086007690793,0.9483868493874212,-1.0508778955437879,0.0,0.31730465640509214,0.0,0.9483236552061993,1
1008.4332406298681,LHR-CTRL0001,hand_left,0.3994162360115585,0.9511982863822839,-1.0509824475903071,0.0,0.31730465640509214,0.0,0.9483236552061993,1
1008.433360916947,LHR-CTRL0002,hand_right,0.7992865584580026,0.951737614847373,-1.3521286513478796,0.0,0.31730465640509214,0.0,0.9483236552061993,1
1008.4334338339338,LHR-TRKR0001,pelvis,0.5995085304887078,0.9999938657358278,-1.1995765935131784,0.0,0.31730465640509214,0.0,0.9483236552061993,1
1008.4341548122494,LHR-HMD00001,head,0.6007158184324459,1.7012774710925616,-1.1996112435585466,0.0,0.31730465640509214,0.0,0.9483236552061993,1
1008.4347897245076,LHR-TRKR0002,foot_left,0.5184658323012156,0.13945071740984866,-1.1392481732646589,0.0,0.31730465640509214,0.0,0.9483236552061993,1
1008.4437060304632,LHR-HMD00001,head,0.5991634434147756,1.7000872922667905,-1.2004363323759764,0.0,0.31730465640509214,0.0,0.9483236552061993,1
1008.4439096855922,LHR-CTRL0001,hand_left,0.4004600316902479,0.9510736833003622,-1.0493170074641325,0.0,0.31730465640509214,0.0,0.9483236552061993,1
1008.444191707285,LHR-TRKR0002,foot_left,0.5210983187771355,0.1410478085618887,-1.139916048569211,0.0,0.31730465640509214,0.0,0.9483236552061993,1
1008.4442126505353,LHR-TRKR0001,pelvis,0.6006807087082859,0.9994887114219725,-1.20070897151609,0.0,0.31730465640509214,0.0,0.9483236552061993,1
1008.4455537207016,LHR-CTRL0002,hand_right,0.7995896966781307,0.9498876792744291,-1.3521040943110783,0.0,0.31730465640509214,0.0,0.9483236552061993,1
1008.4538778928345,LHR-CTRL0001,hand_left,0.39893865940029016,0.9499253277635904,-1.0496758181903576,0.0,0.31730465640509214,0.0,0.9483236552061993,1
1008.4546759854302,LHR-TRKR0001,pelvis,0.5994602503856279,1.000228704720119,-1.1995123067728852,0.0,0.31730465640509214,0.0,0.9483236552061993,1
1008.4549559258533,LHR-CTRL0002,hand_right,0.7999602415876933,0.9514255749847902,-1.349364686442212,0.0,0.31730465640509214,0.0,0.9483236552061993,1
1008.4566899129635,LHR-HMD00001,head,0.6005385576155507,1.6996128943622402,-1.1999291379580488,0.0,0.31730465640509214,0.0,0.9483236552061993,1
1008.4568079082898,LHR-TRKR0002,foot_left,0.5208954681601495,0.14600199471899536,-1.138677437288192,0.0,0.31730465640509214,0.0,0.9483236552061993,1
1008.4664518024364,LHR-CTRL0001,hand_left,0.3999728709801756,0.9492003365417894,-1.0488900329134072,0.0,0.31730465640509214,0.0,0.9483236552061993,1
1008.4668344926364,LHR-HMD00001,head,0.6010501306289239,1.6992013879946861,-1.2001476843292356,0.0,0.31730465640509214,0.0,0.9483236552061993,1
1008.4675326629765,LHR-CTRL0002,hand_right,0.8006539348607731,0.9500289110024075,-1.3519641551670871,0.0,0.31730465640509214,0.0,0.9483236552061993,1
1008.4678153072477,LHR-TRKR0001,pelvis,0.6010247327682084,0.9996542298863574,-1.1993960742228005,0.0,0.31730465640509214,0.0,0.9483236552061993,1
1008.4678674004259,LHR-TRKR0002,foot_left,0.5200978906881578,0.14775552702905648,-1.1414974270948375,0.0,0.31730465640509214,0.0,0.9483236552061993,1
1008.4761570641343,LHR-CTRL0002,hand_right,0.8000819528962596,0.9486867123709282,-1.3505558995391742,0.0,0.31730465640509214,0.0,0.9483236552061993,1
1008.4762440772765,LHR-CTRL0001,hand_left,0.40054998728662455,0.9509719486356909,-1.0486767934522343,0.0,0.31730465640509214,0.0,0.9483236552061993,1
1008.4768980083359,LHR-TRKR0001,pelvis,0.5992097401152934,1.0007740955791824,-1.2009079803948381,0.0,0.31730465640509214,0.0,0.9483236552061993,1
1008.4773265776329,LHR-HMD00001,head,0.5997666121887789,1.6993904574699625,-1.197441113356549,0.0,0.31730465640509214,0.0,0.9483236552061993,1
1008.4780998648549,LHR-TRKR0002,foot_left,0.5203370930419603,0.14998997243516485,-1.1399299164931216,0.0,0.31730465640509214,0.0,0.9483236552061993,1
1008.4885004737065,LHR-CTRL0002,hand_right,0.800597138902677,0.9493304602690535,-1.3511487718355473,0.0,0.31730465640509214,0.0,0.9483236552061993,1
1008.4890642616725,LHR-TRKR0002,foot_left,0.5208037388638574,0.1518714439062008,-1.1388704265233194,0.0,0.31730465640509214,0.0,0.9483236552061993,1
1008.4896516097065,LHR-CTRL0001,hand_left,0.39953964244789547,0.9493970647571385,-1.0477740549103804,0.0,0.31730465640509214,0.0,0.9483236552061993,1
1008.4900523108377,LHR-TRKR0001,pelvis,0.5987929124195345,0.9991278707846686,-1.1985411987659433,0.0,0.31730465640509214,0.0,0.9483236552061993,1
1008.4910058280873,LHR-HMD00001,head,0.6011693778929449,1.6993412877103475,-1.2006421872887705,0.0,0.31730465640509214,0.0,0.9483236552061993,1
1008.4991939200512,LHR-CTRL0001,hand_left,0.39814331517948903,0.9512903367626947,-1.0479493513582918,0.0,0.31730465640509214,0.0,0.9483236552061993,1
1008.4996952003355,LHR-HMD00001,head,0.6003413479534265,1.7012665075317988,-1.2001024538983873,0.0,0.31730465640509214,0.0,0.9483236552061993,1
1008.4997465580086,LHR-CTRL0002,hand_right,0.7983097972733245,0.9491939496362459,-1.3516698058159093,0.0,0.31730465640509214,0.0,0.9483236552061993,1
1008.5002893980711,LHR-TRKR0002,foot_left,0.5214995445892695,0.1541372735309692,-1.1398627430908954,0.0,0.31730465640509214,0.0,0.9483236552061993,1
1008.5003371347931,LHR-TRKR0001,pelvis,0.6003676723491362,0.9998839817706557,-1.2001359127525792,0.0,0.31730465640509214,0.0,0.9483236552061993,1
1008.5101958732514,LHR-CTRL0001,hand_left,0.4003606891186984,0.9505888847691161,-1.0464785394264489,0.0,0.31730465640509214,0.0,0.9483236552061993,1
1008.5102691247329,LHR-TRKR0002,foot_left,0.5198152244243834,0.1551281863445298,-1.1401103274468476,0.0,0.31730465640509214,0.0,0.9483236552061993,1
1008.5111199724387,LHR-HMD00001,head,0.6008524997077636,1.698252918134632,-1.1995956402499939,0.0,0.31730465640509214,0.0,0.9483236552061993,1
1008.5112137217228,LHR-TRKR0001,pelvis,0.5990502969576265,1.000017724524147,-1.200028848096532,0.0,0.31730465640509214,0.0,0.9483236552061993,1
1008.5119453614396,LHR-CTRL0002,hand_right,0.8001403925843988,0.9508140598587927,-1.3533917827537445,0.0,0.31730465640509214,0.0,0.9483236552061993,1
1008.51995783295,LHR-CTRL0001,hand_left,0.39950593263500417,0.9511436788094685,-1.0489303546305708,0.0,0.31730465640509214,0.0,0.9483236552061993,1
1008.5220249422649,LHR-HMD00001,head,0.6013253230505301,1.7001623694848829,-1.2006354460697726,0.0,0.31730465640509214,0.0,0.9483236552061993,1
1008.522543141156,LHR-TRKR0002,foot_left,0.520014882420643,0.1615531907796456,-1.1401753410603659,0.0,0.31730465640509214,0.0,0.9483236552061993,1
1008.5232237870001,LHR-TRKR0001,pelvis,0.599526529576607,1.001030792567006,-1.2009764354894952,0.0,0.31730465640509214,0.0,0.9483236552061993,1
1008.5239997295917,LHR-CTRL0002,hand_right,0.7999878505491629,0.9483674826695411,-1.3492643134044993,0.0,0.31730465640509214,0.0,0.9483236552061993,1
1008.5321802174249,LHR-CTRL0002,hand_right,0.7997973802370201,0.9505883419315085,-1.350004336591787,0.0,0.31730465640509214,0.0,0.9483236552061993,1
1008.5325776624201,LHR-HMD00001,head,0.6011112524465092,1.6990166124714545,-1.2002821918443696,0.0,0.31730465640509214,0.0,0.9483236552061993,1
1008.5329752993691,LHR-TRKR0002,foot_left,0.5210018475308424,0.16251097902212414,-1.1384088770209126,0.0,0.31730465640509214,0.0,0.9483236552061993,1
1008.5336094688688,LHR-CTRL0001,hand_left,0.399843216107705,0.951049154909559,-1.048774522550438,0.0,0.31730465640509214,0.0,0.9483236552061993,1
1008.5349093682158,LHR-TRKR0001,pelvis,0.6010795770249231,1.0016629986812573,-1.1999007458737099,0.0,0.31730465640509214,0.0,0.9483236552061993,1
1008.543507720156,LHR-CTRL0002,hand_right,0.7999305632489158,0.9499938720528479,-1.34955288421089,0.0,0.31730465640509214,0.0,0.9483236552061993,1
1008.5441415275752,LHR-CTRL0001,hand_left,0.3998244975000466,0.9512798249140112,-1.0499979437451656,0.0,0.31730465640509214,0.0,0.9483236552061993,1
1008.544975716845,LHR-HMD00001,head,0.6006140100586645,1.699092099829113,-1.197348797997731,0.0,0.31730465640509214,0.0,0.9483236552061993,1
1008.5451493442765,LHR-TRKR0002,foot_left,0.5196775956508844,0.16460864782327692,-1.1417750047124449,0.0,0.31730465640509214,0.0,0.9483236552061993,1
1008.5451944207252,LHR-TRKR0001,pelvis,0.5994610863322183,1.000387125552472,-1.2009587836488913,0.0,0.31730465640509214,0.0,0.9483236552061993,1
1008.5542928528346,LHR-TRKR0002,foot_left,0.5200253582063301,0.16828021641538568,-1.1389829848678519,0.0,0.31730465640509214,0.0,0.9483236552061993,1
1008.5548211617394,LHR-TRKR0001,pelvis,0.5993947197744355,1.0009208714247544,-1.201123017404064,0.0,0.31730465640509214,0.0,0.9483236552061993,1
1008.5551701368415,LHR-CTRL0002,hand_right,0.8002555754777826,0.9505809733304382,-1.3487271307865791,0.0,0.31730465640509214,0.0,0.9483236552061993,1
1008.556255513103,LHR-CTRL0001,hand_left,0.40032900228569734,0.9503167624773289,-1.0477344709700114,0.0,0.31730465640509214,0.0,0.9483236552061993,1
1008.5562939651593,LHR-HMD00001,head,0.5998104731763977,1.697987572251387,-1.1988959780178163,0.0,0.31730465640509214,0.0,0.9483236552061993,1
1008.5633153207552,LHR-CTRL0002,hand_right,0.7983826401937356,0.9502618961753473,-1.3511999813153666,0.0,0.31730465640509214,0.0,0.9483236552061993,1
1008.5657386609694,LHR-CTRL0001,hand_left,0.40172758468752007,0.9509759042824762,-1.0497899599316318,0.0,0.31730465640509214,0.0,0.9483236552061993,1
1008.5666335942957,LHR-TRKR0001,pelvis,0.5999567352859875,1.0011766786957508,-1.1996888339517735,0.0,0.31730465640509214,0.0,0.9483236552061993,1
1008.5670210391945,LHR-HMD00001,head,0.6003624182010806,1.6999632710162844,-1.199507175306372,0.0,0.31730465640509214,0.0,0.9483236552061993,1
1008.5679984643674,LHR-TRKR0002,foot_left,0.5193611658979016,0.1720305932182191,-1.1410473310558853,0.0,0.31730465640509214,0.0,0.9483236552061993,1
1008.5749202840643,LHR-TRKR0002,foot_left,0.5205358860174981,0.17362908657635664,-1.1412759378651618,0.0,0.31730465640509214,0.0,0.9483236552061993,1
1008.5754171995163,LHR-HMD00001,head,0.6006431989961494,1.6998988770295667,-1.1993053091063857,0.0,0.31730465640509214,0.0,0.9483236552061993,1
1008.577666566589,LHR-TRKR0001,pelvis,0.5982058605851739,1.003064312569593,-1.1981074874737352,0.0,0.31730465640509214,0.0,0.9483236552061993,1
1008.5788006592618,LHR-CTRL0001,hand_left,0.40147034348847865,0.9482695220503347,-1.050376547700508,0.0,0.31730465640509214,0.0,0.9483236552061993,1
1008.5788115078335,LHR-CTRL0002,hand_right,0.798776403600248,0.9500323211628124,-1.349342414189725,0.0,0.31730465640509214,0.0,0.9483236552061993,1
1008.5883187682975,LHR-TRKR0001,pelvis,0.6002100441595947,0.9995750709403145,-1.1991904095452306,0.0,0.31730465640509214,0.0,0.9483236552061993,1
1008.5888395871302,LHR-CTRL0002,hand_right,0.7984844389409326,0.9496932071363747,-1.3515954531116925,0.0,0.31730465640509214,0.0,0.9483236552061993,1
1008.5890997487272,LHR-TRKR0002,foot_left,0.5202203845343545,0.17577921751579959,-1.1409389693618495,0.0,0.31730465640509214,0.0,0.9483236552061993,1
1008.5896274699364,LHR-CTRL0001,hand_left,0.4014097984840504,0.9508150720185702,-1.047997745578441,0.0,0.31730465640509214,0.0,0.9483236552061993,1
1008.5898968858922,LHR-HMD00001,head,0.6003980646132705,1.7009607582392163,-1.2004757497694847,0.0,0.31730465640509214,0.0,0.9483236552061993,1
1008.5988648139999,LHR-TRKR0002,foot_left,0.5203051576498224,0.1777798904185848,-1.1387034511685539,0.0,0.31730465640509214,0.0,0.9483236552061993,1
1008.5996497616502,LHR-HMD00001,head,0.5996228270566096,1.7006362764606962,-1.1992908080390583,0.0,0.31730465640509214,0.0,0.9483236552061993,1
1008.6000492856493,LHR-TRKR0001,pelvis,0.6024841766612005,1.0011440594640812,-1.2004611213280716,0.0,0.31730465640509214,0.0,0.9483236552061993,1
1008.6016395821782,LHR-CTRL0001,hand_left,0.401913238333576,0.9498516641193725,-1.050647710858496,0.0,0.31730465640509214,0.0,0.9483236552061993,1
1008.6018597589573,LHR-CTRL0002,hand_right,0.7980742738590126,0.9501345739063052,-1.3500100688637904,0.0,0.31730465640509214,0.0,0.9483236552061993,1
1008.6098947876992,LHR-HMD00001,head,0.5999841646384322,1.700103885573801,-1.1990386385729699,0.0,0.31730465640509214,0.0,0.9483236552061993,1
1008.6101426894639,LHR-CTRL0002,hand_right,0.8015573511183903,0.9490535797128289,-1.3510964094751474,0.0,0.31730465640509214,0.0,0.9483236552061993,1
1008.610656225968,LHR-CTRL0001,hand_left,0.3988682783619043,0.9505195331575583,-1.0490263752172928,0.0,0.31730465640509214,0.0,0.9483236552061993,1
1008.610914339939,LHR-TRKR0001,pelvis,0.600073755871391,1.000541982848607,-1.2023140423572956,0.0,0.31730465640509214,0.0,0.9483236552061993,1
1008.6113515960478,LHR-TRKR0002,foot_left,0.5210677608438076,0.18105383122951815,-1.1402943938651284,0.0,0.31730465640509214,0.0,0.9483236552061993,1
1008.6216528704787,LHR-TRKR0002,foot_left,0.5192407266612197,0.1830565360390991,-1.1399596832878525,0.0,0.31730465640509214,0.0,0.9483236552061993,1
1008.6220707029636,LHR-CTRL0002,hand_right,0.7988200921634148,0.9511435059646973,-1.3515503074718629,0.0,0.31730465640509214,0.0,0.9483236552061993,1
1008.6228255031813,LHR-HMD00001,head,0.5991556284439676,1.6988058775726047,-1.1991988485530682,0.0,0.31730465640509214,0.0,0.9483236552061993,1
1008.6230912817415,LHR-TRKR0001,pelvis,0.5996118033954292,1.0001974869462622,-1.199280582257711,0.0,0.31730465640509214,0.0,0.9483236552061993,1
1008.6233514304465,LHR-CTRL0001,hand_left,0.40266127003525265,0.9498003443346947,-1.0485848513527802,0.0,0.31730465640509214,0.0,0.9483236552061993,1
1008.6317639651998,LHR-CTRL0002,hand_right,0.798916135417461,0.9497436958282239,-1.3501741742014834,0.0,0.31730465640509214,0.0,0.9483236552061993,1
1008.6323527610842,LHR-TRKR0001,pelvis,0.5996129272350607,0.999578532901139,-1.1994726102373194,0.0,0.31730465640509214,0.0,0.9483236552061993,1
1008.6325173613226,LHR-CTRL0001,hand_left,0.402657670270666,0.9508861320675759,-1.0471809426923075,0.0,0.31730465640509214,0.0,0.9483236552061993,1
1008.6329686954844,LHR-TRKR0002,foot_left,0.5199430668811398,0.18409250949980752,-1.139574779344554,0.0,0.31730465640509214,0.0,0.9483236552061993,1
1008.6338961827537,LHR-HMD00001,head,0.6003923026522499,1.6993017521853186,-1.2002806826069679,0.0,0.31730465640509214,0.0,0.9483236552061993,1
1008.6420688563588,LHR-CTRL0002,hand_right,0.8001305966567069,0.949781539709878,-1.3510125802022102,0.0,0.31730465640509214,0.0,0.9483236552061993,1
1008.6430778009127,LHR-TRKR0001,pelvis,0.5995847264541505,0.9996819371382781,-1.199193823721821,0.0,0.31730465640509214,0.0,0.9483236552061993,1
1008.6434013707421,LHR-HMD00001,head,0.5992454597420814,1.6994823268220067,-1.198673362160979,0.0,0.31730465640509214,0.0,0.9483236552061993,1
1008.6445499393692,LHR-CTRL0001,hand_left,0.40162482177593795,0.9493295792242152,-1.0507670260114366,0.0,0.31730465640509214,0.0,0.9483236552061993,1
1008.6446533469908,LHR-TRKR0002,foot_left,0.5186614100721815,0.18750210797874833,-1.138958196099393,0.0,0.31730465640509214,0.0,0.9483236552061993,1
1008.6548246438477,LHR-CTRL0002,hand_right,0.8004332123326205,0.9503950728780783,-1.351242837858192,0.0,0.31730465640509214,0.0,0.9483236552061993,1
1008.6553196914174,LHR-CTRL0001,hand_left,0.40053092475210655,0.9509779052002101,-1.0498568871899374,0.0,0.31730465640509214,0.0,0.9483236552061993,1
1008.6553442769954,LHR-TRKR0002,foot_left,0.521337018725347,0.1911878475704483,-1.139384941808557,0.0,0.31730465640509214,0.0,0.9483236552061993,1
1008.6558019056013,LHR-TRKR0001,pelvis,0.6006528858595279,0.9988975179648597,-1.2004631118609255,0.0,0.31730465640509214,0.0,0.9483236552061993,1
1008.6580279912343,LHR-HMD00001,head,0.6000538132602762,1.6988911837992726,-1.19947264758593,0.0,0.31730465640509214,0.0,0.9483236552061993,1
1008.6654570401173,LHR-HMD00001,head,0.6005298622960191,1.6999402197905258,-1.200067354107215,0.0,0.31730465640509214,0.0,0.9483236552061993,1
1008.6667055278588,LHR-TRKR0002,foot_left,0.5194922240432958,0.19281732992189674,-1.140885276386305,0.0,0.31730465640509214,0.0,0.9483236552061993,1
1008.6670487618956,LHR-TRKR0001,pelvis,0.6006846671873463,1.0000176615912226,-1.1993482217332754,0.0,0.31730465640509214,0.0,0.9483236552061993,1
1008.6679201311283,LHR-CTRL0002,hand_right,0.8013444672032195,0.9515330424904538,-1.3505314978902074,0.0,0.31730465640509214,0.0,0.9483236552061993,1
1008.6680563515937,LHR-CTRL0001,hand_left,0.4016164008819157,0.9504032242624121,-1.0496550183394606,0.0,0.31730465640509214,0.0,0.9483236552061993,1
1008.6760447750734,LHR-HMD00001,head,0.6005056985109911,1.7007712153735728,-1.2000966213104396,0.0,0.31730465640509214,0.0,0.9483236552061993,1
1008.6765222124702,LHR-CTRL0002,hand_right,0.7987343229621828,0.9514230676251155,-1.3490406324754076,0.0,0.31730465640509214,0.0,0.9483236552061993,1
1008.6782145554708,LHR-CTRL0001,hand_left,0.40024988289603197,0.9497663541310207,-1.0496377286413425,0.0,0.31730465640509214,0.0,0.9483236552061993,1
1008.6783414372047,LHR-TRKR0002,foot_left,0.5201240085334683,0.19366488216586583,-1.1400619891198414,0.0,0.31730465640509214,0.0,0.9483236552061993,1
1008.6789958589665,LHR-TRKR0001,pelvis,0.5997793046401638,0.9991949841980099,-1.1998743133271825,0.0,0.31730465640509214,0.0,0.9483236552061993,1
1008.6877347174626,LHR-HMD00001,head,0.5994360149501345,1.6997728451443648,-1.1990194071189253,0.0,0.31730465640509214,0.0,0.9483236552061993,1
1008.6884492248583,LHR-TRKR0001,pelvis,0.5982572579885173,0.9992844800976098,-1.1997203110567844,0.0,0.31730465640509214,0.0,0.9483236552061993,1
1008.6895860206505,LHR-TRKR0002,foot_left,0.519035177755427,0.19691721521233424,-1.1389508106744393,0.0,0.31730465640509214,0.0,0.9483236552061993,1
1008.6908493143841,LHR-CTRL0001,hand_left,0.40020845116850357,0.9505259979268198,-1.0508443187736256,0.0,0.31730465640509214,0.0,0.9483236552061993,1
1008.6911527225835,LHR-CTRL0002,hand_right,0.7998014951606911,0.9493650314626775,-1.3490086820582716,0.0,0.31730465640509214,0.0,0.9483236552061993,1
1008.700400137632,LHR-CTRL0001,hand_left,0.3998142126362009,0.9489440475246675,-1.0513403358361915,0.0,0.31730465640509214,0.0,0.9483236552061993,1
1008.7007966593751,LHR-CTRL0002,hand_right,0.7987519938832424,0.9513173635540482,-1.3508877870270761,0.0,0.31730465640509214,0.0,0.9483236552061993,1
1008.7008693510032,LHR-TRKR0002,foot_left,0.520773400480728,0.19965182697438155,-1.1413985132451308,0.0,0.31730465640509214,0.0,0.9483236552061993,1
1008.7012426164165,LHR-TRKR0001,pelvis,0.6005519222458292,1.0003856893081733,-1.1986358319882813,0.0,0.31730465640509214,0.0,0.9483236552061993,1
1008.7014207998429,LHR-HMD00001,head,0.6007737780373907,1.6995793148344767,-1.197158842206251,0.0,0.31730465640509214,0.0,0.9483236552061993,1
1008.7107110821275,LHR-CTRL0002,hand_right,0.7993607283899109,0.9502173956786201,-1.3500344036083958,0.0,0.31730465640509214,0.0,0.9483236552061993,1
1008.7109352543854,LHR-HMD00001,head,0.6025112777845678,1.698947773698773,-1.1989700644683496,0.0,0.31730465640509214,0.0,0.9483236552061993,1
1008.7112907334894,LHR-CTRL0001,hand_left,0.40025016794526036,0.9472934024557028,-1.0509899764542125,0.0,0.31730465640509214,0.0,0.9483236552061993,1
1008.7115496974442,LHR-TRKR0001,pelvis,0.6007456297349749,1.0013706696034073,-1.2005187460944062,0.0,0.31730465640509214,0.0,0.9483236552061993,1
1008.7117680561183,LHR-TRKR0002,foot_left,0.5208254450654438,0.19968786370953728,-1.1404211381007203,0.0,0.31730465640509214,0.0,0.9483236552061993,1
1008.7215977377073,LHR-TRKR0002,foot_left,0.5205057211867415,0.20166547666748175,-1.1405108759473366,0.0,0.31730465640509214,0.0,0.9483236552061993,1
1008.7217090695251,LHR-CTRL0002,hand_right,0.7970546594013826,0.9503274228516007,-1.3507484174501074,0.0,0.31730465640509214,0.0,0.9483236552061993,1
1008.7218501655343,LHR-HMD00001,head,0.599003725329785,1.7000441648009441,-1.1984461860655968,0.0,0.31730465640509214,0.0,0.9483236552061993,1
1008.7221571219542,LHR-CTRL0001,hand_left,0.39968694762228096,0.9483207597539818,-1.049601383413523,0.0,0.31730465640509214,0.0,0.9483236552061993,1
1008.7225945510695,LHR-TRKR0001,pelvis,0.5991162269006244,0.9988325847937549,-1.199470614497191,0.0,0.31730465640509214,0.0,0.9483236552061993,1
1008.7322001227801,LHR-TRKR0002,foot_left,0.5203804598133274,0.2054654913168179,-1.1404579722204355,0.0,0.31730465640509214,0.0,0.9483236552061993,1
1008.7327967057792,LHR-TRKR0001,pelvis,0.5990077321088717,1.0014745463430428,-1.2002678939152147,0.0,0.31730465640509214,0.0,0.9483236552061993,1
1008.7332711756122,LHR-HMD00001,head,0.60077403404659,1.6988062306235445,-1.199482131909724,0.0,0.31730465640509214,0.0,0.9483236552061993,1
1008.733608337484,LHR-CTRL0001,hand_left,0.40130081977901505,0.949798576807253,-1.0507606490181842,0.0,0.31730465640509214,0.0,0.9483236552061993,1
1008.7345328340054,LHR-CTRL0002,hand_right,0.7986776975154811,0.9495927138776458,-1.3523143237606763,0.0,0.31730465640509214,0.0,0.9483236552061993,1
1008.7435260472572,LHR-TRKR0001,pelvis,0.5990832875541545,1.0004972889655632,-1.1989765610736864,0.0,0.31730465640509214,0.0,0.9483236552061993,1
1008.7437285706428,LHR-CTRL0001,hand_left,0.40127284583560974,0.9505747114413078,-1.0508219229693516,0.0,0.31730465640509214,0.0,0.9483236552061993,1
1008.7438478305365,LHR-HMD00001,head,0.5975470593486564,1.698413865721334,-1.1999647224750858,0.0,0.31730465640509214,0.0,0.9483236552061993,1
1008.7438747326058,LHR-CTRL0002,hand_right,0.7994370071582815,0.9490826830549818,-1.3493662841063125,0.0,0.31730465640509214,0.0,0.9483236552061993,1
1008.744761293493,LHR-TRKR0002,foot_left,0.5204585189063144,0.20729873795119663,-1.1410916987287967,0.0,0.31730465640509214,0.0,0.9483236552061993,1
1008.7544904923487,LHR-CTRL0001,hand_left,0.40110398328218094,0.9499909720016956,-1.049500729338362,0.0,0.31730465640509214,0.0,0.9483236552061993,1
1008.7548652921423,LHR-HMD00001,head,0.5991743608161736,1.7015773401978551,-1.1998665032243847,0.0,0.31730465640509214,0.0,0.9483236552061993,1
1008.755269973097,LHR-CTRL0002,hand_right,0.7993352907611678,0.9510500578428589,-1.3508786611251824,0.0,0.31730465640509214,0.0,0.9483236552061993,1
1008.7556542776906,LHR-TRKR0002,foot_left,0.5212403086568071,0.21047830778158147,-1.1393903946044819,0.0,0.31730465640509214,0.0,0.9483236552061993,1
1008.7561287726384,LHR-TRKR0001,pelvis,0.5982287042072257,0.999910290165677,-1.198407227616993,0.0,0.31730465640509214,0.0,0.9483236552061993,1
1008.7657586882027,LHR-TRKR0001,pelvis,0.5997467536532253,1.0000868364475735,-1.1994224365956363,0.0,0.31730465640509214,0.0,0.9483236552061993,1
1008.7660254511728,LHR-HMD00001,head,0.6012775924939221,1.7001175809757298,-1.1998305012020818,0.0,0.31730465640509214,0.0,0.9483236552061993,1
1008.766136443398,LHR-CTRL0001,hand_left,0.3999777805349238,0.9494166312783842,-1.0503995410425566,0.0,0.31730465640509214,0.0,0.9483236552061993,1
1008.7672563512334,LHR-TRKR0002,foot_left,0.5199987046610447,0.2098324848717807,-1.1403764611346225,0.0,0.31730465640509214,0.0,0.9483236552061993,1
1008.7683811530391,LHR-CTRL0002,hand_right,0.7985642878885638,0.9523618740641487,-1.3511641757974027,0.0,0.31730465640509214,0.0,0.9483236552061993,1
1008.7774197759944,LHR-CTRL0001,hand_left,0.40032979757114023,0.9493486472008068,-1.0500157252632334,0.0,0.31730465640509214,0.0,0.9483236552061993,1
1008.778412525409,LHR-TRKR0002,foot_left,0.5208714130303935,0.2129613315336752,-1.1398093142172798,0.0,0.31730465640509214,0.0,0.9483236552061993,1
1008.7784857333013,LHR-HMD00001,head,0.6001728323355502,1.701966517040658,-1.198382399844431,0.0,0.31730465640509214,0.0,0.9483236552061993,1
1008.7788189918915,LHR-CTRL0002,hand_right,0.7979488481570767,0.9483506217519168,-1.3507499431160026,0.0,0.31730465640509214,0.0,0.9483236552061993,1
1008.7791800545286,LHR-TRKR0001,pelvis,0.5998814824380629,1.0010226468706638,-1.200050582157895,0.0,0.31730465640509214,0.0,0.9483236552061993,1
1008.7862865399576,LHR-TRKR0002,foot_left,0.519666092286938,0.21245881526420904,-1.1396738195002867,0.0,0.31730465640509214,0.0,0.9483236552061993,1
1008.7876238898624,LHR-TRKR0001,pelvis,0.5997748539187197,0.9997549504517448,-1.2003780399910366,0.0,0.31730465640509214,0.0,0.9483236552061993,1
1008.7883796292373,LHR-CTRL0001,hand_left,0.4008271812129352,0.9496956515525238,-1.0509184341862472,0.0,0.31730465640509214,0.0,0.9483236552061993,1
1008.7889978995701,LHR-CTRL0002,hand_right,0.8004592090118656,0.9484096432292481,-1.3489572457090933,0.0,0.31730465640509214,0.0,0.9483236552061993,1
1008.7899093447745,LHR-HMD00001,head,0.5988813768737413,1.6997401295365449,-1.198313980170141,0.0,0.31730465640509214,0.0,0.9483236552061993,1
1008.798944907438,LHR-HMD00001,head,0.5984941062129627,1.7018389756240215,-1.1993655504821732,0.0,0.31730465640509214,0.0,0.9483236552061993,1
1008.7990205513385,LHR-TRKR0001,pelvis,0.5974582470855299,0.9987158042347778,-1.201309171857727,0.0,0.31730465640509214,0.0,0.9483236552061993,1
1008.7999481188984,LHR-CTRL0002,hand_right,0.8012734109359922,0.9539455496865266,-1.3487496161083106,0.0,0.31730465640509214,0.0,0.9483236552061993,1
1008.8012066432249,LHR-TRKR0002,foot_left,0.5212049850588526,0.21634475524390276,-1.1381970440890103,0.0,0.31730465640509214,0.0,0.9483236552061993,1
1008.8021880435823,LHR-CTRL0001,hand_left,0.39937480092025457,0.9508948859188875,-1.0479346018484406,0.0,0.31730465640509214,0.0,0.9483236552061993,1
1008.8109365514215,LHR-CTRL0001,hand_left,0.40027044383351384,0.9496064264680588,-1.0499490632148494,0.0,0.31730465640509214,0.0,0.9483236552061993,1
1008.8112128506363,LHR-TRKR0001,pelvis,0.5997673626262747,0.9994007366742593,-1.199246426595604,0.0,0.31730465640509214,0.0,0.9483236552061993,1
1008.8113503390829,LHR-HMD00001,head,0.5989794045271486,1.6977781208526728,-1.1999400300421492,0.0,0.31730465640509214,0.0,0.9483236552061993,1
1008.8113627875836,LHR-TRKR0002,foot_left,0.5202857746053305,0.21684371356840393,-1.1403518623595255,0.0,0.31730465640509214,0.0,0.9483236552061993,1
1008.8127294136701,LHR-CTRL0002,hand_right,0.8005023230248648,0.9504170869164558,-1.3484163950086427,0.0,0.31730465640509214,0.0,0.9483236552061993,1
1008.8219322124123,LHR-CTRL0001,hand_left,0.40063256141208886,0.9500189534314972,-1.0471024454258282,0.0,0.31730465640509214,0.0,0.9483236552061993,1
1008.8221483671537,LHR-TRKR0001,pelvis,0.5999511413439677,1.000203009645203,-1.2003053407513486,0.0,0.31730465640509214,0.0,0.9483236552061993,1
1008.8230104294635,LHR-HMD00001,head,0.6017431515416937,1.7002344997856704,-1.1994457282378432,0.0,0.31730465640509214,0.0,0.9483236552061993,1
1008.8232252264067,LHR-CTRL0002,hand_right,0.7992816290116371,0.9501661181719038,-1.3495879471533725,0.0,0.31730465640509214,0.0,0.9483236552061993,1
1008.823267199592,LHR-TRKR0002,foot_left,0.520556039731521,0.21906838306147822,-1.1381737430573116,0.0,0.31730465640509214,0.0,0.9483236552061993,1
1008.8322515813838,LHR-HMD00001,head,0.6004867851936045,1.6997542806035357,-1.1996027863731042,0.0,0.31730465640509214,0.0,0.9483236552061993,1
1008.8327072569224,LHR-TRKR0002,foot_left,0.5220064578615349,0.2211109141822502,-1.140303103275262,0.0,0.31730465640509214,0.0,0.9483236552061993,1
1008.8338795626661,LHR-TRKR0001,pelvis,0.6017818954641987,1.0000103658540802,-1.1992050261906764,0.0,0.31730465640509214,0.0,0.9483236552061993,1
1008.8345068415869,LHR-CTRL0002,hand_right,0.7974313163257295,0.9491828413991877,-1.3505173281737346,0.0,0.31730465640509214,0.0,0.9483236552061993,1
1008.834597311017,LHR-CTRL0001,hand_left,0.40019616011949605,0.9498770674622892,-1.0489876814343457,0.0,0.31730465640509214,0.0,0.9483236552061993,1
1008.8429900176345,LHR-CTRL0002,hand_right,0.7990573716365703,0.9506913990456999,-1.3487410939731017,0.0,0.31730465640509214,0.0,0.9483236552061993,1
1008.8439418778524,LHR-HMD00001,head,0.599372256722285,1.6994267885306256,-1.2009237324251658,0.0,0.31730465640509214,0.0,0.9483236552061993,1
1008.8453517843074,LHR-CTRL0001,hand_left,0.4014552214404164,0.949590907804667,-1.0502873153773515,0.0,0.31730465640509214,0.0,0.9483236552061993,1
1008.8454522337817,LHR-TRKR0001,pelvis,0.6000907012490219,1.0004750633938904,-1.1987339776847221,0.0,0.31730465640509214,0.0,0.9483236552061993,1
1008.8459739755638,LHR-TRKR0002,foot_left,0.5200827553570567,0.2219569513331268,-1.1401171994904917,0.0,0.31730465640509214,0.0,0.9483236552061993,1
1008.854295656684,LHR-TRKR0002,foot_left,0.5200848257579475,0.223087451431375,-1.1372649265390393,0.0,0.31730465640509214,0.0,0.9483236552061993,1
1008.8545174913933,LHR-HMD00001,head,0.5996260207369505,1.6996254024999662,-1.1998133496960763,0.0,0.31730465640509214,0.0,0.9483236552061993,1
1008.8548331885252,LHR-CTRL0001,hand_left,0.4003856835192168,0.950199226567257,-1.0495989570039546,0.0,0.31730465640509214,0.0,0.9483236552061993,1
1008.8562254337897,LHR-CTRL0002,hand_right,0.8003929876532241,0.9499846005973704,-1.3498624108476736,0.0,0.31730465640509214,0.0,0.9483236552061993,1
1008.85770684327,LHR-TRKR0001,pelvis,0.6025940898302441,0.9991678302562688,-1.199902736382531,0.0,0.31730465640509214,0.0,0.9483236552061993,1
1008.8653756381236,LHR-HMD00001,head,0.5996544277338787,1.6983425823687426,-1.201105503697119,0.0,0.31730465640509214,0.0,0.9483236552061993,1
1008.8670184535977,LHR-TRKR0002,foot_left,0.5188998166229588,0.22573213729368855,-1.1401744351726246,0.0,0.31730465640509214,0.0,0.9483236552061993,1
1008.8675276972967,LHR-CTRL0001,hand_left,0.4021980684472716,0.9506291895430313,-1.0482225965994199,0.0,0.31730465640509214,0.0,0.9483236552061993,1
1008.8676124915477,LHR-CTRL0002,hand_right,0.7987303149990341,0.9503639815201876,-1.3523263520555964,0.0,0.31730465640509214,0.0,0.9483236552061993,1
1008.8682970178916,LHR-TRKR0001,pelvis,0.5992683506334749,1.0010370656670882,-1.2005510086036637,0.0,0.31730465640509214,0.0,0.9483236552061993,1
1008.8770598772064,LHR-TRKR0001,pelvis,0.6016639332932338,0.9993909242646568,-1.197541546573969,0.0,0.31730465640509214,0.0,0.9483236552061993,1
1008.8776778349486,LHR-TRKR0002,foot_left,0.521363356269325,0.22433624512296524,-1.1421240812914195,0.0,0.31730465640509214,0.0,0.9483236552061993,1
1008.8778796406465,LHR-HMD00001,head,0.5997320122280616,1.700529139661321,-1.2002894890564808,0.0,0.31730465640509214,0.0,0.9483236552061993,1
1008.8782172868692,LHR-CTRL0002,hand_right,0.800674954797505,0.9490234980575832,-1.3498980105974212,0.0,0.31730465640509214,0.0,0.9483236552061993,1
1008.878798193483,LHR-CTRL0001,hand_left,0.401510032475583,0.9484795691663177,-1.0502102168662615,0.0,0.31730465640509214,0.0,0.9483236552061993,1
1008.8878438160266,LHR-TRKR0002,foot_left,0.5191158806479533,0.2260028460600781,-1.1383481952160373,0.0,0.31730465640509214,0.0,0.9483236552061993,1
1008.8880640289337,LHR-CTRL0001,hand_left,0.40016110358075585,0.9500812070009877,-1.0493027257673795,0.0,0.31730465640509214,0.0,0.9483236552061993,1
1008.8881527565176,LHR-HMD00001,head,0.600390776967826,1.6984613775909925,-1.198810716149004,0.0,0.31730465640509214,0.0,0.9483236552061993,1
1008.888574330151,LHR-TRKR0001,pelvis,0.600635314190685,1.0000036887145776,-1.199994548110505,0.0,0.31730465640509214,0.0,0.9483236552061993,1
1008.8894727362873,LHR-CTRL0002,hand_right,0.7997041237550607,0.9513629530963023,-1.3516718199539743,0.0,0.31730465640509214,0.0,0.9483236552061993,1
1008.8986039705653,LHR-CTRL0002,hand_right,0.7994059266631357,0.9508312200525401,-1.3497149844524285,0.0,0.31730465640509214,0.0,0.9483236552061993,1
1008.8994315462633,LHR-TRKR0002,foot_left,0.5208811372188195,0.22740673894051092,-1.1397826318878437,0.0,0.31730465640509214,0.0,0.9483236552061993,1
1008.8994571851124,LHR-TRKR0001,pelvis,0.5984280619854833,0.9984359476039885,-1.2001069178870492,0.0,0.31730465640509214,0.0,0.9483236552061993,1
1008.8998690466536,LHR-CTRL0001,hand_left,0.399462526392474,0.9504945430955929,-1.0505222465022908,0.0,0.31730465640509214,0.0,0.9483236552061993,1
1008.9006311290891,LHR-HMD00001,head,0.5995387466206674,1.699194119292163,-1.1999612432681284,0.0,0.31730465640509214,0.0,0.9483236552061993,1
1008.9110754537431,LHR-CTRL0002,hand_right,0.7986660933822165,0.9506578641390141,-1.3491259218777312,0.0,0.31730465640509214,0.0,0.9483236552061993,1
1008.9110816891886,LHR-HMD00001,head,0.6004507147981948,1.6997739930064215,-1.1993399596636023,0.0,0.31730465640509214,0.0,0.9483236552061993,1
1008.9112827420494,LHR-TRKR0001,pelvis,0.6007046466460543,0.9997649586046404,-1.1994378412007314,0.0,0.31730465640509214,0.0,0.9483236552061993,1
1008.9118312142318,LHR-CTRL0001,hand_left,0.4009661603187442,0.9513663385688848,-1.0492729499518711,0.0,0.31730465640509214,0.0,0.9483236552061993,1
1008.9122653997471,LHR-TRKR0002,foot_left,0.5189479940348517,0.22759986192560766,-1.1402693525388836,0.0,0.31730465640509214,0.0,0.9483236552061993,1
1008.9195899795573,LHR-CTRL0002,hand_right,0.7989809051473368,0.9510072747457361,-1.3518020229688381,0.0,0.31730465640509214,0.0,0.9483236552061993,1
1008.9210518251384,LHR-TRKR0001,pelvis,0.6002036963590313,0.9988314072446273,-1.2016553207883476,0.0,0.31730465640509214,0.0,0.9483236552061993,1
1008.9226348495774,LHR-HMD00001,head,0.598233902338308,1.6998999384505231,-1.1991389693766155,0.0,0.31730465640509214,0.0,0.9483236552061993,1
1008.9229898104329,LHR-TRKR0002,foot_left,0.5209910675714381,0.22783980956969557,-1.1388209674166891,0.0,0.31730465640509214,0.0,0.9483236552061993,1
1008.9231347383536,LHR-CTRL0001,hand_left,0.4006487506558234,0.9522711639692489,-1.0494093567767466,0.0,0.31730465640509214,0.0,0.9483236552061993,1
1008.9321731647154,LHR-TRKR0001,pelvis,0.5993401273575731,0.9980080006031496,-1.1984709662132633,0.0,0.31730465640509214,0.0,0.9483236552061993,1
1008.9325973007032,LHR-CTRL0001,hand_left,0.3996780609247995,0.94909938199861,-1.0500510241160814,0.0,0.31730465640509214,0.0,0.9483236552061993,1
1008.9326737144359,LHR-TRKR0002,foot_left,0.5184836805447508,0.22824851368111207,-1.139556431785244,0.0,0.31730465640509214,0.0,0.9483236552061993,1
1008.9330410504207,LHR-HMD00001,head,0.6004795592032309,1.6997163757842702,-1.1996745365820385,0.0,0.31730465640509214,0.0,0.9483236552061993,1
1008.9341197114592,LHR-CTRL0002,hand_right,0.7991615571141402,0.9521712059834931,-1.3504358299203125,0.0,0.31730465640509214,0.0,0.9483236552061993,1
1008.9438094470619,LHR-HMD00001,head,0.6017567240864808,1.6988706684721837,-1.1997380387417242,0.0,0.31730465640509214,0.0,0.9483236552061993,1
1008.9439548784082,LHR-CTRL0002,hand_right,0.798505286654092,0.9508733334995381,-1.3499669670756245,0.0,0.31730465640509214,0.0,0.9483236552061993,1
1008.944374819938,LHR-TRKR0002,foot_left,0.5195174589214675,0.22931552634885846,-1.1394570539540025,0.0,0.31730465640509214,0.0,0.9483236552061993,1
1008.9444932297231,LHR-TRKR0001,pelvis,0.5999142944816687,1.0006486562502181,-1.199418285605988,0.0,0.31730465640509214,0.0,0.9483236552061993,1
1008.9456496670318,LHR-CTRL0001,hand_left,0.4007427489087352,0.949346213630248,-1.0486038719901767,0.0,0.31730465640509214,0.0,0.9483236552061993,1
1008.9553712814991,LHR-TRKR0001,pelvis,0.601147180893689,1.0013278008467654,-1.1988160006295703,0.0,0.31730465640509214,0.0,0.9483236552061993,1
1008.9554648824204,LHR-HMD00001,head,0.6001262047763366,1.7006980137625618,-1.2011412039116114,0.0,0.31730465640509214,0.0,0.9483236552061993,1
1008.9557563531836,LHR-CTRL0002,hand_right,0.8007063418003202,0.9495887341577279,-1.3504730906574995,0.0,0.31730465640509214,0.0,0.9483236552061993,1
1008.9561098160558,LHR-CTRL0001,hand_left,0.3997496490896705,0.948864281332123,-1.0501190635762438,0.0,0.31730465640509214,0.0,0.9483236552061993,1
1008.9567479684482,LHR-TRKR0002,foot_left,0.5202108109486014,0.2283391559418954,-1.1394427701310232,0.0,0.31730465640509214,0.0,0.9483236552061993,1
1008.965759535131,LHR-CTRL0001,hand_left,0.4007423906743219,0.9497588598231331,-1.0490271903354087,0.0,0.31730465640509214,0.0,0.9483236552061993,1
1008.9666616705364,LHR-HMD00001,head,0.6016017996539914,1.7008716082453403,-1.1976811628611463,0.0,0.31730465640509214,0.0,0.9483236552061993,1
1008.967027406786,LHR-TRKR0001,pelvis,0.6006425057591541,1.0005563588714896,-1.200356745397502,0.0,0.31730465640509214,0.0,0.9483236552061993,1
1008.9676795109527,LHR-CTRL0002,hand_right,0.7986898489000089,0.9503475245792485,-1.3505040528906154,0.0,0.31730465640509214,0.0,0.9483236552061993,1
1008.9678940883648,LHR-TRKR0002,foot_left,0.5212480015475764,0.22833285175355286,-1.1386551866330719,0.0,0.31730465640509214,0.0,0.9483236552061993,1
1008.975685252996,LHR-TRKR0002,foot_left,0.5198055172332554,0.228657168433892,-1.1378537309610568,0.0,0.31730465640509214,0.0,0.9483236552061993,1
1008.9770719222832,LHR-HMD00001,head,0.6000806344851736,1.6993980867046614,-1.2017968292919754,0.0,0.31730465640509214,0.0,0.9483236552061993,1
1008.9775433809631,LHR-CTRL0001,hand_left,0.4008555849044503,0.9520005875851411,-1.0476665722653542,0.0,0.31730465640509214,0.0,0.9483236552061993,1
1008.9783331843324,LHR-TRKR0001,pelvis,0.5994057701405178,1.0007524379068993,-1.1990924951470712,0.0,0.31730465640509214,0.0,0.9483236552061993,1
1008.9787791668924,LHR-CTRL0002,hand_right,0.8002447480253327,0.9489122299102773,-1.3495746212557662,0.0,0.31730465640509214,0.0,0.9483236552061993,1
1008.9871153430654,LHR-TRKR0001,pelvis,0.5979615121995207,1.0000987842639049,-1.1993937565956776,0.0,0.31730465640509214,0.0,0.9483236552061993,1
1008.9878642754111,LHR-TRKR0002,foot_left,0.5202263681664933,0.23030997175583004,-1.1376217500650518,0.0,0.31730465640509214,0.0,0.9483236552061993,1
1008.9887943933296,LHR-CTRL0002,hand_right,0.7999558109961692,0.9496241176750726,-1.349801369355475,0.0,0.31730465640509214,0.0,0.9483236552061993,1
1008.989315484344,LHR-HMD00001,head,0.5995279580149593,1.6987310832320681,-1.2020111793281825,0.0,0.31730465640509214,0.0,0.9483236552061993,1
1008.9907308351853,LHR-CTRL0001,hand_left,0.4007538624679186,0.9509574724242525,-1.049302221880026,0.0,0.31730465640509214,0.0,0.9483236552061993,1
1008.9981114768607,LHR-TRKR0002,foot_left,0.5219446854701635,0.23013826828588668,-1.1388163455045508,0.0,0.31730465640509214,0.0,0.9483236552061993,1
1009.0001125507349,LHR-TRKR0001,pelvis,0.5997272749758731,0.9987766405175635,-1.1983279322922362,0.0,0.31730465640509214,0.0,0.9483236552061993,1
1009.0003989378058,LHR-CTRL0001,hand_left,0.39969657537936953,0.9509411891786766,-1.0510649799623242,0.0,0.31730465640509214,0.0,0.9483236552061993,1
1009.000746594856,LHR-HMD00001,head,0.5991338323279757,1.6997383906607548,-1.200166912770606,0.0,0.31730465640509214,0.0,0.9483236552061993,1
1009.000752557632,LHR-CTRL0002,hand_right,0.799419195154425,0.9507818284046342,-1.351076649994236,0.0,0.31730465640509214,0.0,0.9483236552061993,1
1009.0092257005977,LHR-CTRL0001,hand_left,0.40347282888565705,0.9494935498009526,-1.0500750397298755,0.0,0.31730465640509214,0.0,0.9483236552061993,1
1009.010295794454,LHR-CTRL0002,hand_right,0.7993185994307741,0.9495876800258114,-1.351197251476182,0.0,0.31730465640509214,0.0,0.9483236552061993,1
1009.0110400752932,LHR-TRKR0001,pelvis,0.5988967761034529,1.002878407604787,-1.2009357495325204,0.0,0.31730465640509214,0.0,0.9483236552061993,1
1009.0110585071297,LHR-TRKR0002,foot_left,0.521034874198439,0.22945846721517646,-1.1407470883717292,0.0,0.31730465640509214,0.0,0.9483236552061993,1
1009.0112691938164,LHR-HMD00001,head,0.6025848587573324,1.7015592881954793,-1.1998039137150394,0.0,0.31730465640509214,0.0,0.9483236552061993,1
1009.0209856948566,LHR-CTRL0001,hand_left,0.4001124417914938,0.9495244447213634,-1.0516613572951612,0.0,0.31730465640509214,0.0,0.9483236552061993,1
1009.0230293779225,LHR-TRKR0001,pelvis,0.5996661037295833,1.0013162940350935,-1.1991083008338737,0.0,0.31730465640509214,0.0,0.9483236552061993,1
1009.0231718696779,LHR-CTRL0002,hand_right,0.8000788761342412,0.9507203878160567,-1.3513289070233834,0.0,0.31730465640509214,0.0,0.9483236552061993,1
1009.0236627806536,LHR-TRKR0002,foot_left,0.5203415844497334,0.2293401850264329,-1.1389930445363206,0.0,0.31730465640509214,0.0,0.9483236552061993,1
1009.0239357131107,LHR-HMD00001,head,0.6007205739066981,1.699623031971643,-1.20041373377182,0.0,0.31730465640509214,0.0,0.9483236552061993,1
1009.0327009943237,LHR-HMD00001,head,0.6004985224574063,1.699888646339938,-1.1983988692146432,0.0,0.31730465640509214,0.0,0.9483236552061993,1
1009.0332083681385,LHR-TRKR0002,foot_left,0.5192738380287549,0.22988958752808492,-1.1423948796884764,0.0,0.31730465640509214,0.0,0.9483236552061993,1
1009.0334307882318,LHR-TRKR0001,pelvis,0.600334746951435,1.0005299734501953,-1.198051718896292,0.0,0.31730465640509214,0.0,0.9483236552061993,1
1009.0340616390051,LHR-CTRL0002,hand_right,0.8021089826680347,0.9499100737883357,-1.3522383408013903,0.0,0.31730465640509214,0.0,0.9483236552061993,1
1009.0348498001962,LHR-CTRL0001,hand_left,0.40194618732321574,0.9491119557240303,-1.0506395375157034,0.0,0.31730465640509214,0.0,0.9483236552061993,1
1009.0437298983364,LHR-TRKR0001,pelvis,0.5999445886215634,1.000004864757591,-1.1986981515920516,0.0,0.31730465640509214,0.0,0.9483236552061993,1
1009.0440833567042,LHR-TRKR0002,foot_left,0.5202140135381087,0.2291341547225425,-1.1393860381285725,0.0,0.31730465640509214,0.0,0.9483236552061993,1
1009.0443953877132,LHR-CTRL0001,hand_left,0.39965249257305363,0.9503964223916367,-1.0482973255855816,0.0,0.31730465640509214,0.0,0.9483236552061993,1
1009.0444082115843,LHR-CTRL0002,hand_right,0.7983601424003041,0.9488151759409863,-1.3502735216259678,0.0,0.31730465640509214,0.0,0.9483236552061993,1
1009.0449650408627,LHR-HMD00001,head,0.6007523313337326,1.69896516541325,-1.201490217847594,0.0,0.31730465640509214,0.0,0.9483236552061993,1
1009.0544694025876,LHR-CTRL0002,hand_right,0.7989078306355333,0.9495517562045189,-1.3498413310268877,0.0,0.31730465640509214,0.0,0.9483236552061993,1
1009.0549862233353,LHR-TRKR0001,pelvis,0.6021873441886696,0.9999383350849081,-1.1999653396593923,0.0,0.31730465640509214,0.0,0.9483236552061993,1
1009.055146820755,LHR-HMD00001,head,0.6001591202405163,1.701204377887977,-1.2010454764566294,0.0,0.31730465640509214,0.0,0.9483236552061993,1
1009.0557292301892,LHR-CTRL0001,hand_left,0.40062437468074674,0.9518429636250177,-1.0482678456654406,0.0,0.31730465640509214,0.0,0.9483236552061993,1
1009.0559309005992,LHR-TRKR0002,foot_left,0.5190047174985463,0.229713811529417,-1.1409404558033553,0.0,0.31730465640509214,0.0,0.9483236552061993,1
1009.0655039673296,LHR-CTRL0001,hand_left,0.40025948360335106,0.948996477391063,-1.0485919918929814,0.0,0.31730465640509214,0.0,0.9483236552061993,1
1009.066158142875,LHR-CTRL0002,hand_right,0.8002337682102396,0.9492898871735587,-1.3513358709895213,0.0,0.31730465640509214,0.0,0.9483236552061993,1
1009.0664606509193,LHR-TRKR0001,pelvis,0.5996188875812349,0.9996480054443343,-1.201066531283848,0.0,0.31730465640509214,0.0,0.9483236552061993,1
1009.0666988110735,LHR-TRKR0002,foot_left,0.5217555676244241,0.22887882549979421,-1.1408851274952483,0.0,0.31730465640509214,0.0,0.9483236552061993,1
1009.0669012961704,LHR-HMD00001,head,0.5990706034966266,1.7024026457687285,-1.199969922817642,0.0,0.31730465640509214,0.0,0.9483236552061993,1
1009.0769478284382,LHR-HMD00001,head,0.599668641120903,1.7024884804717597,-1.2002937306040549,0.0,0.31730465640509214,0.0,0.9483236552061993,1
1009.0771836749489,LHR-TRKR0002,foot_left,0.5199218749736402,0.228134757272086,-1.138298697288073,0.0,0.31730465640509214,0.0,0.9483236552061993,1
1009.0777404761366,LHR-TRKR0001,pelvis,0.599245563546776,0.9992220852635858,-1.1989508175096257,0.0,0.31730465640509214,0.0,0.9483236552061993,1
1009.0778527122131,LHR-CTRL0002,hand_right,0.8008075839829157,0.94968290092512,-1.3523225075516692,0.0,0.31730465640509214,0.0,0.9483236552061993,1
1009.0793216385589,LHR-CTRL0001,hand_left,0.4004350582065296,0.9503778700269616,-1.0489203451293125,0.0,0.31730465640509214,0.0,0.9483236552061993,1
1009.0881427366667,LHR-TRKR0002,foot_left,0.5213626879373965,0.22669496496796043,-1.1397806360368867,0.0,0.31730465640509214,0.0,0.9483236552061993,1
1009.0885619238123,LHR-TRKR0001,pelvis,0.6008112067681237,1.000104023510611,-1.2013827597430513,0.0,0.31730465640509214,0.0,0.9483236552061993,1
1009.088777740828,LHR-CTRL0001,hand_left,0.4005599316947409,0.9496906416326131,-1.050466532885593,0.0,0.31730465640509214,0.0,0.9483236552061993,1
1009.0888616519956,LHR-CTRL0002,hand_right,0.8010873886632812,0.9498324479853539,-1.3503966312612097,0.0,0.31730465640509214,0.0,0.9483236552061993,1
1009.0900040122663,LHR-HMD00001,head,0.5988710636455101,1.7000837229202994,-1.2012486054077738,0.0,0.31730465640509214,0.0,0.9483236552061993,1
1009.0992257210155,LHR-CTRL0002,hand_right,0.7987933736684147,0.9495479104614458,-1.3502804432675182,0.0,0.31730465640509214,0.0,0.9483236552061993,1
1009.0993233601686,LHR-TRKR0002,foot_left,0.5206660429680446,0.2267890139386947,-1.1407059446809633,0.0,0.31730465640509214,0.0,0.9483236552061993,1
1009.0993999196016,LHR-CTRL0001,hand_left,0.40180562641230877,0.950619671623521,-1.0488778280350612,0.0,0.31730465640509214,0.0,0.9483236552061993,1
1009.0996664344468,LHR-TRKR0001,pelvis,0.6006397866534128,0.9990467188896458,-1.199597713541061,0.0,0.31730465640509214,0.0,0.9483236552061993,1
1009.1001760209058,LHR-HMD00001,head,0.5984149082712262,1.7009653592453757,-1.200556952826794,0.0,0.31730465640509214,0.0,0.9483236552061993,1
1009.1109911022305,LHR-CTRL0001,hand_left,0.3997140403930571,0.9506896534786711,-1.0504916433589315,0.0,0.31730465640509214,0.0,0.9483236552061993,1
1009.1110874137745,LHR-CTRL0002,hand_right,0.7994546529849343,0.9512421730718535,-1.3493911497791204,0.0,0.31730465640509214,0.0,0.9483236552061993,1
1009.1111600588737,LHR-TRKR0001,pelvis,0.6006807882180024,0.9989227329641965,-1.2001531556506242,0.0,0.31730465640509214,0.0,0.9483236552061993,1
1009.1123033556106,LHR-HMD00001,head,0.6004910819576416,1.6988926535883804,-1.2002402482064183,0.0,0.31730465640509214,0.0,0.9483236552061993,1
1009.1125181429857,LHR-TRKR0002,foot_left,0.5211356773321284,0.22477975934062452,-1.1400986440611345,0.0,0.31730465640509214,0.0,0.9483236552061993,1
1009.1205931236567,LHR-TRKR0002,foot_left,0.5195015706154273,0.22418924625019726,-1.1397418134128956,0.0,0.31730465640509214,0.0,0.9483236552061993,1
1009.1209561266454,LHR-HMD00001,head,0.5987705716442999,1.6990565383621266,-1.1982485633811453,0.0,0.31730465640509214,0.0,0.9483236552061993,1
1009.1220527018168,LHR-TRKR0001,pelvis,0.6007800866251788,1.001598957283156,-1.200329648632475,0.0,0.31730465640509214,0.0,0.9483236552061993,1
1009.1228561288128,LHR-CTRL0002,hand_right,0.7979003222205151,0.9490556576029724,-1.3506139704836304,0.0,0.31730465640509214,0.0,0.9483236552061993,1
1009.1252359498575,LHR-CTRL0001,hand_left,0.3996166995363883,0.9515286623124738,-1.0475328738880045,0.0,0.31730465640509214,0.0,0.9483236552061993,1
1009.1324089469979,LHR-CTRL0002,hand_right,0.79928160946882,0.9510646526248869,-1.3486394220363052,0.0,0.31730465640509214,0.0,0.9483236552061993,1
1009.1328398181241,LHR-HMD00001,head,0.600750500361285,1.700682450780774,-1.20002057593271,0.0,0.31730465640509214,0.0,0.9483236552061993,1
1009.1329691467288,LHR-TRKR0001,pelvis,0.5992322198078036,0.9992226270216795,-1.2009892696359552,0.0,0.31730465640509214,0.0,0.9483236552061993,1
1009.133365898896,LHR-CTRL0001,hand_left,0.40120001577898123,0.9481221444584488,-1.0489635131445567,0.0,0.31730465640509214,0.0,0.9483236552061993,1
1009.1339623360321,LHR-TRKR0002,foot_left,0.5193485628391976,0.22277938126351937,-1.1393376683427392,0.0,0.31730465640509214,0.0,0.9483236552061993,1
1009.1434319434586,LHR-CTRL0002,hand_right,0.7985687470641706,0.9499075975318652,-1.3517937925501433,0.0,0.31730465640509214,0.0,0.9483236552061993,1
1009.1435518786441,LHR-HMD00001,head,0.5996529265010834,1.6999741209654857,-1.2004298755142946,0.0,0.31730465640509214,0.0,0.9483236552061993,1
1009.144821242296,LHR-CTRL0001,hand_left,0.3992957611570148,0.9507065550517445,-1.0480961973571232,0.0,0.31730465640509214,0.0,0.9483236552061993,1
1009.1461089168073,LHR-TRKR0002,foot_left,0.5206509529453656,0.2231439538185797,-1.1398288267604826,0.0,0.31730465640509214,0.0,0.9483236552061993,1
1009.1466841723203,LHR-TRKR0001,pelvis,0.6008352469022132,0.9989731266993088,-1.2004244634057242,0.0,0.31730465640509214,0.0,0.9483236552061993,1
1009.1541251044268,LHR-CTRL0001,hand_left,0.4002295113512884,0.9482235156985747,-1.0498384265289096,0.0,0.31730465640509214,0.0,0.9483236552061993,1
1009.1545681919811,LHR-CTRL0002,hand_right,0.7994220837763689,0.9509244279932262,-1.3486517959931372,0.0,0.31730465640509214,0.0,0.9483236552061993,1
1009.1550236136902,LHR-HMD00001,head,0.6005161679139691,1.6999066948486872,-1.1998016607650446,0.0,0.31730465640509214,0.0,0.9483236552061993,1
1009.1554477040104,LHR-TRKR0002,foot_left,0.5189360374195784,0.22075327484961937,-1.1396139626381636,0.0,0.31730465640509214,0.0,0.9483236552061993,1
1009.1564643087368,LHR-TRKR0001,pelvis,0.6004855908541447,0.9989260600372327,-1.2000656445508024,0.0,0.31730465640509214,0.0,0.9483236552061993,1
1009.1658823069381,LHR-TRKR0002,foot_left,0.520022405223993,0.22006722091042144,-1.1395942172464355,0.0,0.31730465640509214,0.0,0.9483236552061993,1
1009.1659740569694,LHR-HMD00001,head,0.6026774341237834,1.6999977919239473,-1.2010870743285633,0.0,0.31730465640509214,0.0,0.9483236552061993,1
1009.1660396543998,LHR-CTRL0001,hand_left,0.3992670955002844,0.9499116780329794,-1.0499988957283206,0.0,0.31730465640509214,0.0,0.9483236552061993,1
1009.1666010950726,LHR-TRKR0001,pelvis,0.5998473827109713,1.000273516073538,-1.2000951937273743,0.0,0.31730465640509214,0.0,0.9483236552061993,1
1009.1667132451754,LHR-CTRL0002,hand_right,0.8003757755995135,0.9501173567643258,-1.350845436686008,0.0,0.31730465640509214,0.0,0.9483236552061993,1
1009.175918498616,LHR-CTRL0001,hand_left,0.40185076882671555,0.9477193242144946,-1.0502276642642485,0.0,0.31730465640509214,0.0,0.9483236552061993,1
1009.1776572368435,LHR-HMD00001,head,0.6015941716285392,1.6989694884780282,-1.2010347419218186,0.0,0.31730465640509214,0.0,0.9483236552061993,1
1009.177886479577,LHR-TRKR0001,pelvis,0.6006208298346432,1.0011107067264091,-1.1991920052021834,0.0,0.31730465640509214,0.0,0.9483236552061993,1
1009.1785168433152,LHR-TRKR0002,foot_left,0.5198094757779663,0.21862784329821242,-1.1416159927433822,0.0,0.31730465640509214,0.0,0.9483236552061993,1
1009.1785808716577,LHR-CTRL0002,hand_right,0.7996626739285662,0.9500165957274009,-1.3498571454326418,0.0,0.31730465640509214,0.0,0.9483236552061993,1
1009.1879966852208,LHR-TRKR0002,foot_left,0.5213501243907337,0.21623742452661168,-1.1388774009455886,0.0,0.31730465640509214,0.0,0.9483236552061993,1
1009.1888716417451,LHR-HMD00001,head,0.601812575185563,1.7004469932254007,-1.2010085103602668,0.0,0.31730465640509214,0.0,0.9483236552061993,1
1009.1891180817825,LHR-TRKR0001,pelvis,0.5996592570552582,1.0000709219525445,-1.1997438118545443,0.0,0.31730465640509214,0.0,0.9483236552061993,1
1009.1898476984132,LHR-CTRL0001,hand_left,0.3999212249017716,0.9493002162563721,-1.049673401890802,0.0,0.31730465640509214,0.0,0.9483236552061993,1
1009.1901667680119,LHR-CTRL0002,hand_right,0.8009509845874615,0.9493727550922552,-1.3523590407256514,0.0,0.31730465640509214,0.0,0.9483236552061993,1
1009.1991631285215,LHR-TRKR0001,pelvis,0.6006896862473645,0.99912299694923,-1.1999721713631417,0.0,0.31730465640509214,0.0,0.9483236552061993,1
1009.1993211517155,LHR-CTRL0001,hand_left,0.4007193615642917,0.9518470384759796,-1.0495664478035398,0.0,0.31730465640509214,0.0,0.9483236552061993,1
1009.1999590151354,LHR-HMD00001,head,0.6001012373440614,1.701418019780083,-1.200904103271031,0.0,0.31730465640509214,0.0,0.9483236552061993,1
1009.2003426704937,LHR-CTRL0002,hand_right,0.8001642256576833,0.9508566286281168,-1.3513319934257588,0.0,0.31730465640509214,0.0,0.9483236552061993,1
1009.2014512894605,LHR-TRKR0002,foot_left,0.5228393901563422,0.21658657495891862,-1.1404843128037632,0.0,0.31730465640509214,0.0,0.9483236552061993,1
1009.2098546557041,LHR-TRKR0002,foot_left,0.5207381061220406,0.21399974754327425,-1.1405606478788288,0.0,0.31730465640509214,0.0,0.9483236552061993,1
1009.2105480791607,LHR-TRKR0001,pelvis,0.6005607888688371,1.0021137619935796,-1.199388492565867,0.0,0.31730465640509214,0.0,0.9483236552061993,1
1009.2105555872376,LHR-HMD00001,head,0.6002166428947139,1.7024451671754153,-1.2001258019733518,0.0,0.31730465640509214,0.0,0.9483236552061993,1
1009.2106534866037,LHR-CTRL0002,hand_right,0.7993984280365685,0.9509749575873045,-1.350902032599356,0.0,0.31730465640509214,0.0,0.9483236552061993,1
1009.2106645030392,LHR-CTRL0001,hand_left,0.3984194888868194,0.9498386831285798,-1.0499710460745058,0.0,0.31730465640509214,0.0,0.9483236552061993,1
1009.2207194611751,LHR-TRKR0001,pelvis,0.5991068498238207,1.000983763347523,-1.1981571572125524,0.0,0.31730465640509214,0.0,0.9483236552061993,1
1009.2210227044359,LHR-CTRL0002,hand_right,0.8000691029812816,0.9510654030102237,-1.349507808148055,0.0,0.31730465640509214,0.0,0.9483236552061993,1
1009.2223495098684,LHR-CTRL0001,hand_left,0.40129256549893905,0.9497432467354499,-1.04828813020968,0.0,0.31730465640509214,0.0,0.9483236552061993,1
1009.2224096474,LHR-HMD00001,head,0.5983329294587892,1.6996217597793548,-1.2002782648073738,0.0,0.31730465640509214,0.0,0.9483236552061993,1
1009.2228559717059,LHR-TRKR0002,foot_left,0.52110570698547,0.21408340526536862,-1.139565587437273,0.0,0.31730465640509214,0.0,0.9483236552061993,1
1009.2324264257542,LHR-TRKR0001,pelvis,0.5985061574442948,0.9995314694303206,-1.2016056375280408,0.0,0.31730465640509214,0.0,0.9483236552061993,1
1009.2336986952502,LHR-CTRL0001,hand_left,0.3989124221272092,0.9476981151454383,-1.0489980669892525,0.0,0.31730465640509214,0.0,0.9483236552061993,1
1009.2338793927912,LHR-CTRL0002,hand_right,0.7991421755947031,0.9520349032102638,-1.3505108649386133,0.0,0.31730465640509214,0.0,0.9483236552061993,1
1009.2338815015787,LHR-TRKR0002,foot_left,0.5214486017792821,0.20985210398331525,-1.1398558251925979,0.0,0.31730465640509214,0.0,0.9483236552061993,1
1009.2342089488288,LHR-HMD00001,head,0.5994816149543255,1.7017534032650985,-1.1997870739785779,0.0,0.31730465640509214,0.0,0.9483236552061993,1
1009.2435421688784,LHR-HMD00001,head,0.6000422850922038,1.7005617847596841,-1.199839644536006,0.0,0.31730465640509214,0.0,0.9483236552061993,1
1009.2442621301647,LHR-TRKR0002,foot_left,0.5211754001160064,0.2081130939595168,-1.1406200731270948,0.0,0.31730465640509214,0.0,0.9483236552061993,1
1009.2446448587706,LHR-CTRL0002,hand_right,0.8001603855048055,0.9495437541787624,-1.349011308664866,0.0,0.31730465640509214,0.0,0.9483236552061993,1
1009.24488583484,LHR-TRKR0001,pelvis,0.6002193159435484,1.0006096409854919,-1.1993531679273053,0.0,0.31730465640509214,0.0,0.9483236552061993,1
1009.2465069559025,LHR-CTRL0001,hand_left,0.4015517078201144,0.9493570601643169,-1.049042314045674,0.0,0.31730465640509214,0.0,0.9483236552061993,1
1009.2537902461285,LHR-TRKR0001,pelvis,0.6003657327355665,0.9993097933700676,-1.1982602950443975,0.0,0.31730465640509214,0.0,0.9483236552061993,1
1009.2552866625488,LHR-CTRL0002,hand_right,0.8016145366489853,0.9503488683459314,-1.348382801454359,0.0,0.31730465640509214,0.0,0.9483236552061993,1
1009.2554434587582,LHR-TRKR0002,foot_left,0.5192391843743653,0.20688941627245175,-1.1412382895596829,0.0,0.31730465640509214,0.0,0.9483236552061993,1
1009.2555564441806,LHR-HMD00001,head,0.5980737783223298,1.7006814564299746,-1.1994463361487917,0.0,0.31730465640509214,0.0,0.9483236552061993,1
1009.2555810634425,LHR-CTRL0001,hand_left,0.40007787018803775,0.9520507350775276,-1.048546212747115,0.0,0.31730465640509214,0.0,0.9483236552061993,1
1009.2658832750428,LHR-TRKR0002,foot_left,0.5213583684662688,0.20322576720417995,-1.1405235306817387,0.0,0.31730465640509214,0.0,0.9483236552061993,1
1009.2665925957775,LHR-HMD00001,head,0.6003949480855157,1.7007401092227972,-1.1988789902697692,0.0,0.31730465640509214,0.0,0.9483236552061993,1
1009.2668073853598,LHR-TRKR0001,pelvis,0.6000085462844728,1.0010828207681497,-1.1984323059511164,0.0,0.31730465640509214,0.0,0.9483236552061993,1
1009.2677249136162,LHR-CTRL0001,hand_left,0.4006329388584263,0.9501856682062546,-1.0479488795049205,0.0,0.31730465640509214,0.0,0.9483236552061993,1
1009.2682820946611,LHR-CTRL0002,hand_right,0.7993520264229679,0.9498024679183151,-1.351883794823513,0.0,0.31730465640509214,0.0,0.9483236552061993,1
1009.2769952001285,LHR-CTRL0002,hand_right,0.8011936987096898,0.9493318478169113,-1.348367098144125,0.0,0.31730465640509214,0.0,0.9483236552061993,1
1009.2770658437121,LHR-CTRL0001,hand_left,0.4005247056260649,0.9502219128184671,-1.049436567130583,0.0,0.31730465640509214,0.0,0.9483236552061993,1
1009.2774686276654,LHR-TRKR0002,foot_left,0.5213884311415942,0.2024562797408248,-1.138019619948877,0.0,0.31730465640509214,0.0,0.9483236552061993,1
1009.2775857744983,LHR-TRKR0001,pelvis,0.600332905441848,0.9986234672653485,-1.199009480521471,0.0,0.31730465640509214,0.0,0.9483236552061993,1
1009.278246132412,LHR-HMD00001,head,0.6013931429698157,1.6984035376572528,-1.2007556639368009,0.0,0.31730465640509214,0.0,0.9483236552061993,1
1009.2867802227837,LHR-TRKR0002,foot_left,0.5195644791729803,0.20198252561402003,-1.1398324363781027,0.0,0.31730465640509214,0.0,0.9483236552061993,1
1009.2878969654063,LHR-CTRL0001,hand_left,0.40084316477681103,0.9524096473805311,-1.0498145441140738,0.0,0.31730465640509214,0.0,0.9483236552061993,1
1009.2879704463612,LHR-TRKR0001,pelvis,0.6003980583669831,1.0008537834372286,-1.2000713419936744,0.0,0.31730465640509214,0.0,0.9483236552061993,1
1009.2888250303041,LHR-HMD00001,head,0.5989833131539776,1.6995450216669563,-1.199631430116175,0.0,0.31730465640509214,0.0,0.9483236552061993,1
1009.289505375793,LHR-CTRL0002,hand_right,0.7993476968446789,0.9515394442462451,-1.349395380344748,0.0,0.31730465640509214,0.0,0.9483236552061993,1
1009.2988961593371,LHR-CTRL0002,hand_right,0.7986401565184255,0.9496293239633574,-1.3497611322388232,0.0,0.31730465640509214,0.0,0.9483236552061993,1
1009.2992517010853,LHR-TRKR0002,foot_left,0.5213582560033342,0.1992488897399786,-1.1399874878508887,0.0,0.31730465640509214,0.0,0.9483236552061993,1
1009.2992882572338,LHR-CTRL0001,hand_left,0.40112525561446677,0.9490733214811532,-1.0492168083684597,0.0,0.31730465640509214,0.0,0.9483236552061993,1
1009.2999843351963,LHR-HMD00001,head,0.5982145596254149,1.7006690029042706,-1.201514159178395,0.0,0.31730465640509214,0.0,0.9483236552061993,1
1009.3009996932025,LHR-TRKR0001,pelvis,0.5986673337983481,0.9995206623438436,-1.1994829694539626,0.0,0.31730465640509214,0.0,0.9483236552061993,1
1009.310120015329,LHR-HMD00001,head,0.5990064136720173,1.6987802314742257,-1.2004931622644006,0.0,0.31730465640509214,0.0,0.9483236552061993,1
1009.311054094387,LHR-CTRL0001,hand_left,0.3986761252287785,0.9515743795561085,-1.048558667945976,0.0,0.31730465640509214,0.0,0.9483236552061993,1
1009.3113071967958,LHR-TRKR0001,pelvis,0.5995918288336892,0.9998075939012468,-1.2012123773834575,0.0,0.31730465640509214,0.0,0.9483236552061993,1
1009.3114834638063,LHR-CTRL0002,hand_right,0.8007012374383445,0.9510338225469736,-1.350683897774561,0.0,0.31730465640509214,0.0,0.9483236552061993,1
1009.3117618849348,LHR-TRKR0002,foot_left,0.5208085556830482,0.19776435361554556,-1.141122826612818,0.0,0.31730465640509214,0.0,0.9483236552061993,1
1009.3218288618768,LHR-TRKR0001,pelvis,0.601505333167815,1.0006775263362326,-1.201037204894878,0.0,0.31730465640509214,0.0,0.9483236552061993,1
1009.3222439260612,LHR-HMD00001,head,0.6003211315199358,1.6979423995915444,-1.1984385479507824,0.0,0.31730465640509214,0.0,0.9483236552061993,1
1009.3222914033197,LHR-TRKR0002,foot_left,0.5200153008709638,0.19670422574077212,-1.1396263721075368,0.0,0.31730465640509214,0.0,0.9483236552061993,1
1009.3224818981221,LHR-CTRL0001,hand_left,0.400444609388956,0.9487880063346359,-1.047357166153548,0.0,0.31730465640509214,0.0,0.9483236552061993,1
1009.3227586343382,LHR-CTRL0002,hand_right,0.7985292530661434,0.9501913871370306,-1.351305874801094,0.0,0.31730465640509214,0.0,0.9483236552061993,1
1009.3321641176032,LHR-CTRL0002,hand_right,0.7976990463249085,0.9491324746394609,-1.3500159793843869,0.0,0.31730465640509214,0.0,0.9483236552061993,1
1009.332411448844,LHR-HMD00001,head,0.5990347209277386,1.7021638510328636,-1.2015390059758402,0.0,0.31730465640509214,0.0,0.9483236552061993,1
1009.334165299146,LHR-TRKR0002,foot_left,0.5210198504258575,0.19249055829905778,-1.1388392700388281,0.0,0.31730465640509214,0.0,0.9483236552061993,1
1009.3343241698856,LHR-TRKR0001,pelvis,0.5999630677456318,1.0004612313002679,-1.199341274610079,0.0,0.31730465640509214,0.0,0.9483236552061993,1
1009.3343908832774,LHR-CTRL0001,hand_left,0.4022143767088576,0.9488911762735059,-1.0502429018137387,0.0,0.31730465640509214,0.0,0.9483236552061993,1
1009.3449601486926,LHR-HMD00001,head,0.600863650864544,1.7005695394845446,-1.2002329803880756,0.0,0.31730465640509214,0.0,0.9483236552061993,1
1009.3450573674849,LHR-TRKR0001,pelvis,0.5991019805408395,1.0003138893144292,-1.1996215880868144,0.0,0.31730465640509214,0.0,0.9483236552061993,1
1009.3453668353853,LHR-CTRL0001,hand_left,0.39968661493686797,0.9494239115906766,-1.0499097578323995,0.0,0.31730465640509214,0.0,0.9483236552061993,1
1009.3464404097546,LHR-TRKR0002,foot_left,0.5188837059080217,0.18977015837072492,-1.139562320908482,0.0,0.31730465640509214,0.0,0.9483236552061993,1
1009.3468572728648,LHR-CTRL0002,hand_right,0.7993349693906218,0.9491142989220493,-1.3506518406973327,0.0,0.31730465640509214,0.0,0.9483236552061993,1
1009.3549930282124,LHR-CTRL0001,hand_left,0.40057768925853376,0.94880111573585,-1.048557036229001,0.0,0.31730465640509214,0.0,0.9483236552061993,1
1009.3551141341725,LHR-TRKR0001,pelvis,0.5989770393185117,0.9994439674131204,-1.2004699085678452,0.0,0.31730465640509214,0.0,0.9483236552061993,1
1009.3554523366213,LHR-HMD00001,head,0.5985681247958201,1.6995317202609987,-1.1987103901786273,0.0,0.31730465640509214,0.0,0.9483236552061993,1
1009.3558948630797,LHR-TRKR0002,foot_left,0.5214236772941739,0.18638352953623277,-1.1409170564006146,0.0,0.31730465640509214,0.0,0.9483236552061993,1
1009.3568049406865,LHR-CTRL0002,hand_right,0.7996313915258472,0.9512977067842918,-1.3509779780443325,0.0,0.31730465640509214,0.0,0.9483236552061993,1
1009.36499239079,LHR-TRKR0001,pelvis,0.5993891063295668,0.9997314000797967,-1.1994062437653623,0.0,0.31730465640509214,0.0,0.9483236552061993,1
1009.3650690682005,LHR-CTRL0002,hand_right,0.8007577236507354,0.9506759013174556,-1.3509987776267876,0.0,0.31730465640509214,0.0,0.9483236552061993,1
1009.3667065250843,LHR-HMD00001,head,0.6008581569804343,1.7008602201684544,-1.1985076819750986,0.0,0.31730465640509214,0.0,0.9483236552061993,1
1009.3667985369608,LHR-TRKR0002,foot_left,0.5210762858955812,0.18621429187871827,-1.13974415859605,0.0,0.31730465640509214,0.0,0.9483236552061993,1
1009.3669634828457,LHR-CTRL0001,hand_left,0.4002600645917325,0.9499708893792704,-1.0481418094713097,0.0,0.31730465640509214,0.0,0.9483236552061993,1
1009.3768865874107,LHR-HMD00001,head,0.6004867009814675,1.6999381361847163,-1.1991270808559498,0.0,0.31730465640509214,0.0,0.9483236552061993,1
1009.3774792396833,LHR-TRKR0001,pelvis,0.5993588723995635,0.9980356258584647,-1.1979601674221838,0.0,0.31730465640509214,0.0,0.9483236552061993,1
1009.3780033073299,LHR-CTRL0002,hand_right,0.7987375940100251,0.9499445486004064,-1.3505746257149662,0.0,0.31730465640509214,0.0,0.9483236552061993,1
1009.3786356688146,LHR-TRKR0002,foot_left,0.5204088078508166,0.1847524656962013,-1.1401716876580141,0.0,0.31730465640509214,0.0,0.9483236552061993,1
1009.3788592537477,LHR-CTRL0001,hand_left,0.4015666051285269,0.9500786193419213,-1.0499558724063867,0.0,0.31730465640509214,0.0,0.9483236552061993,1
1009.3875535643613,LHR-CTRL0001,hand_left,0.40075851370951887,0.9497132214002992,-1.0484579185538505,0.0,0.31730465640509214,0.0,0.9483236552061993,1
1009.3877217108163,LHR-TRKR0001,pelvis,0.6001516261369831,0.9979457108795772,-1.1995938657059921,0.0,0.31730465640509214,0.0,0.9483236552061993,1
1009.3895035224346,LHR-CTRL0002,hand_right,0.7994521437456849,0.9485377143966857,-1.3512433622162714,0.0,0.31730465640509214,0.0,0.9483236552061993,1
1009.3896926464688,LHR-HMD00001,head,0.6006973655769067,1.7013777174976858,-1.1995223194165967,0.0,0.31730465640509214,0.0,0.9483236552061993,1
1009.3899770776196,LHR-TRKR0002,foot_left,0.519262931638142,0.1819227545035133,-1.1397749860411652,0.0,0.31730465640509214,0.0,0.9483236552061993,1
1009.3993263501071,LHR-CTRL0001,hand_left,0.39905277640945064,0.9495444593483147,-1.049986452630469,0.0,0.31730465640509214,0.0,0.9483236552061993,1
1009.4004046015203,LHR-TRKR0001,pelvis,0.5994689551087776,1.0001452509533522,-1.2002725916268828,0.0,0.31730465640509214,0.0,0.9483236552061993,1
1009.4005461239524,LHR-TRKR0002,foot_left,0.520293797025532,0.17764626743933148,-1.1405036769879477,0.0,0.31730465640509214,0.0,0.9483236552061993,1
1009.400692313909,LHR-HMD00001,head,0.6006114093041245,1.7010123748320327,-1.19999973227562,0.0,0.31730465640509214,0.0,0.9483236552061993,1
1009.4010542188493,LHR-CTRL0002,hand_right,0.7987421600705682,0.9499715435146907,-1.350728461165656,0.0,0.31730465640509214,0.0,0.9483236552061993,1
1009.4097812074978,LHR-TRKR0002,foot_left,0.5196242905519467,0.17525736824987867,-1.1390729400322501,0.0,0.31730465640509214,0.0,0.9483236552061993,1
1009.4098404440824,LHR-CTRL0001,hand_left,0.4000969372551064,0.9500366977346733,-1.0499867195016948,0.0,0.31730465640509214,0.0,0.9483236552061993,1
1009.4106569700399,LHR-CTRL0002,hand_right,0.7992650848280726,0.9504961701505406,-1.3502274189429564,0.0,0.31730465640509214,0.0,0.9483236552061993,1
1009.4119726350402,LHR-HMD00001,head,0.5989157087311789,1.699965034258428,-1.1999005464249621,0.0,0.31730465640509214,0.0,0.9483236552061993,1
1009.4122422890772,LHR-TRKR0001,pelvis,0.5990453761310687,0.9995775870969017,-1.1995963511064096,0.0,0.31730465640509214,0.0,0.9483236552061993,1
1009.4214609064051,LHR-CTRL0002,hand_right,0.7982727947370168,0.9500909601317022,-1.350055051074676,0.0,0.31730465640509214,0.0,0.9483236552061993,1
1009.4217190567925,LHR-TRKR0002,foot_left,0.5204916207312404,0.17304006349324844,-1.1411542575480706,0.0,0.31730465640509214,0.0,0.9483236552061993,1
1009.422831011628,LHR-CTRL0001,hand_left,0.3990678087321424,0.9499822697346397,-1.0486336675543546,0.0,0.31730465640509214,0.0,0.9483236552061993,1
1009.4238127984212,LHR-TRKR0001,pelvis,0.6007671684049664,0.9993858116073101,-1.199994622721021,0.0,0.31730465640509214,0.0,0.9483236552061993,1
1009.4244496083031,LHR-HMD00001,head,0.6011276657514404,1.7006532010045279,-1.2005004121213507,0.0,0.31730465640509214,0.0,0.9483236552061993,1
1009.4326117696667,LHR-CTRL0002,hand_right,0.8007390569519806,0.9497093502402078,-1.3503009974003446,0.0,0.31730465640509214,0.0,0.9483236552061993,1
1009.4329191072062,LHR-TRKR0001,pelvis,0.6004643082183414,1.0016296126679842,-1.1994588343114665,0.0,0.31730465640509214,0.0,0.9483236552061993,1
1009.433280813951,LHR-HMD00001,head,0.6002312579455358,1.6997018542953837,-1.2004938485854577,0.0,0.31730465640509214,0.0,0.9483236552061993,1
1009.4333105152697,LHR-CTRL0001,hand_left,0.3981452544399489,0.95012910060701,-1.0493646827086842,0.0,0.31730465640509214,0.0,0.9483236552061993,1
1009.433714145695,LHR-TRKR0002,foot_left,0.5210393061285921,0.1694530506231065,-1.1391315775679942,0.0,0.31730465640509214,0.0,0.9483236552061993,1
1009.443574054128,LHR-CTRL0001,hand_left,0.4013423371826827,0.9494230155366458,-1.0495301851769054,0.0,0.31730465640509214,0.0,0.9483236552061993,1
1009.4438282238904,LHR-CTRL0002,hand_right,0.8005500949629525,0.9490543475676236,-1.3513035174608203,0.0,0.31730465640509214,0.0,0.9483236552061993,1
1009.4440412351864,LHR-TRKR0002,foot_left,0.5208753625303157,0.16957129555568407,-1.142004482156105,0.0,0.31730465640509214,0.0,0.9483236552061993,1
1009.4453175549767,LHR-TRKR0001,pelvis,0.5992371053527401,1.0004906112813008,-1.198420372344524,0.0,0.31730465640509214,0.0,0.9483236552061993,1
1009.4456478472803,LHR-HMD00001,head,0.6008142445360771,1.698955478833232,-1.198936129192292,0.0,0.31730465640509214,0.0,0.9483236552061993,1
1009.4550431817931,LHR-TRKR0001,pelvis,0.5988958321046932,1.0015752015104435,-1.2005407746105383,0.0,0.31730465640509214,0.0,0.9483236552061993,1
1009.455339828391,LHR-CTRL0002,hand_right,0.7985568297653372,0.9504395378283909,-1.3495347971987905,0.0,0.31730465640509214,0.0,0.9483236552061993,1
1009.4554317277491,LHR-HMD00001,head,0.5996570792335862,1.7004321700425442,-1.2003998819071398,0.0,0.31730465640509214,0.0,0.9483236552061993,1
1009.4559421224599,LHR-TRKR0002,foot_left,0.518662878847118,0.16551046104899733,-1.1400795018923107,0.0,0.31730465640509214,0.0,0.9483236552061993,1
1009.4560654313091,LHR-CTRL0001,hand_left,0.40095401952494886,0.9495689729959055,-1.0498257165953884,0.0,0.31730465640509214,0.0,0.9483236552061993,1
1009.4659077136205,LHR-TRKR0002,foot_left,0.5210310306907052,0.1625479087431994,-1.1395802136114994,0.0,0.31730465640509214,0.0,0.9483236552061993,1
1009.4662025852277,LHR-CTRL0002,hand_right,0.8002506179994557,0.9500286443621954,-1.3519723510229977,0.0,0.31730465640509214,0.0,0.9483236552061993,1
1009.4663104599396,LHR-CTRL0001,hand_left,0.40002599082663887,0.9486641984680511,-1.0489624246748817,0.0,0.31730465640509214,0.0,0.9483236552061993,1
1009.4667120736311,LHR-TRKR0001,pelvis,0.59919452794942,0.9999457014396769,-1.2008968623066192,0.0,0.31730465640509214,0.0,0.9483236552061993,1
1009.4670607539625,LHR-HMD00001,head,0.5993376944780546,1.6993700368888731,-1.199154841319646,0.0,0.31730465640509214,0.0,0.9483236552061993,1
1009.4780421382824,LHR-TRKR0002,foot_left,0.5195076229437093,0.16005816529658795,-1.1428464583919857,0.0,0.31730465640509214,0.0,0.9483236552061993,1
1009.4780798494489,LHR-CTRL0002,hand_right,0.8007943526753395,0.9511683528244859,-1.3506557721277779,0.0,0.31730465640509214,0.0,0.9483236552061993,1
1009.4781431152054,LHR-HMD00001,head,0.598302311493498,1.7001177883321155,-1.2006435804296072,0.0,0.31730465640509214,0.0,0.9483236552061993,1
1009.4787647318815,LHR-CTRL0001,hand_left,0.4007582438006379,0.9500723355771279,-1.0504160142079622,0.0,0.31730465640509214,0.0,0.9483236552061993,1
1009.4788937127548,LHR-TRKR0001,pelvis,0.5999666833355115,0.9993201001205338,-1.1994761312156248,0.0,0.31730465640509214,0.0,0.9483236552061993,1
1009.4879681374424,LHR-CTRL0002,hand_right,0.7990135058974329,0.9498021163547495,-1.3511724759075125,0.0,0.31730465640509214,0.0,0.9483236552061993,1
1009.4886935213539,LHR-CTRL0001,hand_left,0.4007071261118643,0.9502102406697853,-1.050093911376331,0.0,0.31730465640509214,0.0,0.9483236552061993,1
1009.4888286930062,LHR-TRKR0002,foot_left,0.5205194950414255,0.1581656821682474,-1.1382619944543124,0.0,0.31730465640509214,0.0,0.9483236552061993,1
1009.488999922171,LHR-TRKR0001,pelvis,0.6021177509171635,0.999835009126988,-1.19938692507416,0.0,0.31730465640509214,0.0,0.9483236552061993,1
1009.4891534806522,LHR-HMD00001,head,0.5994930325162012,1.70182336989239,-1.2007010577010027,0.0,0.31730465640509214,0.0,0.9483236552061993,1
1009.4997621808614,LHR-CTRL0002,hand_right,0.7997668822126146,0.95001242534123,-1.3502283217186484,0.0,0.31730465640509214,0.0,0.9483236552061993,1
1009.5003307847411,LHR-CTRL0001,hand_left,0.3988851360013253,0.9504514071260045,-1.049548474526539,0.0,0.31730465640509214,0.0,0.9483236552061993,1
1009.5004793901726,LHR-TRKR0002,foot_left,0.5192547002164564,0.1545510224003823,-1.1396047604637312,0.0,0.31730465640509214,0.0,0.9483236552061993,1
1009.5005533916134,LHR-TRKR0001,pelvis,0.5992327124054184,1.001655920071116,-1.2011047773668315,0.0,0.31730465640509214,0.0,0.9483236552061993,1
1009.5006582561786,LHR-HMD00001,head,0.5992628666035487,1.6984532258777594,-1.20187015463622,0.0,0.31730465640509214,0.0,0.9483236552061993,1
1009.5097223950506,LHR-CTRL0001,hand_left,0.4010464226333604,0.9488083144643925,-1.0520548018392883,0.0,0.31730465640509214,0.0,0.9483236552061993,1
1009.5108071747308,LHR-HMD00001,head,0.599758590771343,1.6993146062981583,-1.1993091061978869,0.0,0.31730465640509214,0.0,0.9483236552061993,1
1009.5113316000742,LHR-CTRL0002,hand_right,0.7998691067316739,0.94909447455614,-1.351589371091674,0.0,0.31730465640509214,0.0,0.9483236552061993,1
1009.5115386210437,LHR-TRKR0002,foot_left,0.5199063780167361,0.15077309631862643,-1.1384443687340708,0.0,0.31730465640509214,0.0,0.9483236552061993,1
1009.5122333043333,LHR-TRKR0001,pelvis,0.6004384785420178,1.0010489218926175,-1.2006927102029463,0.0,0.31730465640509214,0.0,0.9483236552061993,1
1009.5219359956833,LHR-TRKR0001,pelvis,0.5982751471516501,1.0004058877319237,-1.1989109339471977,0.0,0.31730465640509214,0.0,0.9483236552061993,1
1009.5222631545038,LHR-HMD00001,head,0.60020255155163,1.6990898238044754,-1.198531510248807,0.0,0.31730465640509214,0.0,0.9483236552061993,1
1009.5226753624041,LHR-CTRL0001,hand_left,0.40067712289536517,0.949800051001519,-1.0507616791066992,0.0,0.31730465640509214,0.0,0.9483236552061993,1
1009.5229854668239,LHR-CTRL0002,hand_right,0.7994804298925423,0.9501985144549072,-1.3509915507912778,0.0,0.31730465640509214,0.0,0.9483236552061993,1
1009.523494107185,LHR-TRKR0002,foot_left,0.5183393206271333,0.14811181049086666,-1.140370516637233,0.0,0.31730465640509214,0.0,0.9483236552061993,1
1009.5329547262189,LHR-CTRL0001,hand_left,0.39981710584117136,0.9495980357116536,-1.0503562788778193,0.0,0.31730465640509214,0.0,0.9483236552061993,1
1009.533282824075,LHR-TRKR0002,foot_left,0.5196832392351456,0.14783609910349402,-1.1400439902808013,0.0,0.31730465640509214,0.0,0.9483236552061993,1
1009.5338686429807,LHR-HMD00001,head,0.6010994947519854,1.7000190025396265,-1.1992164138553263,0.0,0.31730465640509214,0.0,0.9483236552061993,1
1009.5340581195491,LHR-TRKR0001,pelvis,0.5994234773329626,1.0008217026457107,-1.199352100453054,0.0,0.31730465640509214,0.0,0.9483236552061993,1
1009.5342210828413,LHR-CTRL0002,hand_right,0.7971732066011291,0.9498469792824135,-1.3504252882820909,0.0,0.31730465640509214,0.0,0.9483236552061993,1
1009.542752672665,LHR-CTRL0001,hand_left,0.40101504343771355,0.9482645764999874,-1.0514963134902076,0.0,0.31730465640509214,0.0,0.9483236552061993,1
1009.5440936086014,LHR-TRKR0002,foot_left,0.5207685445100664,0.14478166039120918,-1.1406594411100035,0.0,0.31730465640509214,0.0,0.9483236552061993,1
1009.5456765159381,LHR-CTRL0002,hand_right,0.8007682630057329,0.9504521575032516,-1.3499988717394504,0.0,0.31730465640509214,0.0,0.9483236552061993,1
1009.5461922983445,LHR-HMD00001,head,0.6017129083636872,1.7003936423602921,-1.2005470528130997,0.0,0.31730465640509214,0.0,0.9483236552061993,1
1009.5469776780974,LHR-TRKR0001,pelvis,0.6012524911090801,0.9993754777599827,-1.2009580793356673,0.0,0.31730465640509214,0.0,0.9483236552061993,1
1009.5537444459914,LHR-CTRL0001,hand_left,0.3981026719545019,0.9503414291196738,-1.0527307690073764,0.0,0.31730465640509214,0.0,0.9483236552061993,1
1009.5547131988866,LHR-HMD00001,head,0.6001171944418672,1.7001737006404054,-1.1997224271116338,0.0,0.31730465640509214,0.0,0.9483236552061993,1
1009.5555556807625,LHR-CTRL0002,hand_right,0.7995875829125709,0.9500605807626213,-1.3511235290744774,0.0,0.31730465640509214,0.0,0.9483236552061993,1
1009.555713815831,LHR-TRKR0001,pelvis,0.6002010766009974,1.0004475177017271,-1.2005825078339851,0.0,0.31730465640509214,0.0,0.9483236552061993,1
1009.5565055462915,LHR-TRKR0002,foot_left,0.5211257458461043,0.14260456030362198,-1.1415086274539774,0.0,0.31730465640509214,0.0,0.9483236552061993,1
1009.5648605340464,LHR-HMD00001,head,0.6011458308448329,1.700317678683477,-1.201652064474198,0.0,0.31730465640509214,0.0,0.9483236552061993,1
1009.5656930938428,LHR-CTRL0001,hand_left,0.4005428816758268,0.9503208117923675,-1.0496782035578232,0.0,0.31730465640509214,0.0,0.9483236552061993,1
1009.5660987488552,LHR-TRKR0002,foot_left,0.5209431206726117,0.13905242956381036,-1.1388766702358295,0.0,0.31730465640509214,0.0,0.9483236552061993,1
1009.5664501935538,LHR-CTRL0002,hand_right,0.8004170042589449,0.950939514099617,-1.3473929813848995,0.0,0.31730465640509214,0.0,0.9483236552061993,1
1009.5666102277047,LHR-TRKR0001,pelvis,0.5983686634655138,1.0009878604623383,-1.2002401765468058,0.0,0.31730465640509214,0.0,0.9483236552061993,1
1009.5772936922866,LHR-HMD00001,head,0.599199482471408,1.6989334725289706,-1.1996454827433571,0.0,0.31730465640509214,0.0,0.9483236552061993,1
1009.5777070133986,LHR-CTRL0002,hand_right,0.799031550557369,0.9531941032346046,-1.3511755987492402,0.0,0.31730465640509214,0.0,0.9483236552061993,1
1009.5785613931681,LHR-CTRL0001,hand_left,0.4004289407214453,0.950780763039654,-1.05005163188817,0.0,0.31730465640509214,0.0,0.9483236552061993,1
1009.5785933755621,LHR-TRKR0001,pelvis,0.5993487495654876,1.000734785250316,-1.1987234953696606,0.0,0.31730465640509214,0.0,0.9483236552061993,1
1009.5786322097927,LHR-TRKR0002,foot_left,0.5224323243821181,0.1387997486354004,-1.1395476414716632,0.0,0.31730465640509214,0.0,0.9483236552061993,1
1009.5867700830769,LHR-CTRL0001,hand_left,0.40033305142608366,0.9519135363947744,-1.0499057629974233,0.0,0.31730465640509214,0.0,0.9483236552061993,1
1009.5878431106372,LHR-CTRL0002,hand_right,0.7997846766599891,0.9494163164628313,-1.3498160409110662,0.0,0.31730465640509214,0.0,0.9483236552061993,1
1009.5886699881255,LHR-TRKR0001,pelvis,0.6001417162160015,0.9999625472799709,-1.2007792882963193,0.0,0.31730465640509214,0.0,0.9483236552061993,1
1009.5889788173218,LHR-HMD00001,head,0.5997313771619377,1.7003526765818233,-1.2004943667555044,0.0,0.31730465640509214,0.0,0.9483236552061993,1
1009.5897418601662,LHR-TRKR0002,foot_left,0.5208420588177373,0.13295066265504718,-1.1390402123006647,0.0,0.31730465640509214,0.0,0.9483236552061993,1
1009.5991457081091,LHR-CTRL0002,hand_right,0.800358928730471,0.9495234612642807,-1.3515021111909702,0.0,0.31730465640509214,0.0,0.9483236552061993,1
1009.6001749770933,LHR-HMD00001,head,0.5992716543211246,1.7010173226112337,-1.199596997948461,0.0,0.31730465640509214,0.0,0.9483236552061993,1
1009.6007720787039,LHR-TRKR0001,pelvis,0.5987066232188283,0.9992696149033877,-1.1996034411269902,0.0,0.31730465640509214,0.0,0.9483236552061993,1
1009.6007841807686,LHR-TRKR0002,foot_left,0.519713987911393,0.13136508023658283,-1.141403501095964,0.0,0.31730465640509214,0.0,0.9483236552061993,1
1009.6011758754,LHR-CTRL0001,hand_left,0.4000582341533578,0.9507471352310054,-1.0492475650297606,0.0,0.31730465640509214,0.0,0.9483236552061993,1
1009.6094447571418,LHR-CTRL0002,hand_right,0.799009046059003,0.95052616559738,-1.3533459303856425,0.0,0.31730465640509214,0.0,0.9483236552061993,1
1009.6109371803493,LHR-CTRL0001,hand_left,0.400297202793552,0.9502069302075666,-1.0501899866122557,0.0,0.31730465640509214,0.0,0.9483236552061993,1
1009.6112033288969,LHR-HMD00001,head,0.5997606606845132,1.6983370877889499,-1.201286588910003,0.0,0.31730465640509214,0.0,0.9483236552061993,1
1009.6117251081806,LHR-TRKR0001,pelvis,0.6005957145948787,0.9997948284384677,-1.19891319666926,0.0,0.31730465640509214,0.0,0.9483236552061993,1
1009.611742096792,LHR-TRKR0002,foot_left,0.5178438951019598,0.12985743218348678,-1.1400464977798292,0.0,0.31730465640509214,0.0,0.9483236552061993,1
1009.6211774994403,LHR-CTRL0002,hand_right,0.7981534846449551,0.9501563386536866,-1.3491236375234135,0.0,0.31730465640509214,0.0,0.9483236552061993,1
1009.6218421030917,LHR-TRKR0001,pelvis,0.6020293495764855,0.9993664788627232,-1.19886690802419,0.0,0.31730465640509214,0.0,0.9483236552061993,1
1009.6224562489475,LHR-CTRL0001,hand_left,0.40039352216291507,0.9510015754090777,-1.0493156952907388,0.0,0.31730465640509214,0.0,0.9483236552061993,1
1009.623405012345,LHR-HMD00001,head,0.5988156259697102,1.699938812061671,-1.2009586064663362,0.0,0.31730465640509214,0.0,0.9483236552061993,1
1009.62430398281,LHR-TRKR0002,foot_left,0.5215582400393423,0.12674949915126354,-1.139984448864789,0.0,0.31730465640509214,0.0,0.9483236552061993,1
1009.6328759580892,LHR-TRKR0002,foot_left,0.5200821884394187,0.12707394459732496,-1.1400498775681325,0.0,0.31730465640509214,0.0,0.9483236552061993,1
1009.6332616697782,LHR-TRKR0001,pelvis,0.5993985048265722,0.9991168635655654,-1.1997662442234855,0.0,0.31730465640509214,0.0,0.9483236552061993,1
1009.6333823578065,LHR-CTRL0002,hand_right,0.8001317185360087,0.9498866278759713,-1.349967822102995,0.0,0.31730465640509214,0.0,0.9483236552061993,1
1009.634087211659,LHR-CTRL0001,hand_left,0.3991795090516926,0.9490527637768162,-1.0511057135116597,0.0,0.31730465640509214,0.0,0.9483236552061993,1
1009.6343093831262,LHR-HMD00001,head,0.6010700356275749,1.7007424188269087,-1.2001649367060063,0.0,0.31730465640509214,0.0,0.9483236552061993,1
1009.6436534017835,LHR-CTRL0001,hand_left,0.4006109604138928,0.9510495383696944,-1.0501704529599352,0.0,0.31730465640509214,0.0,0.9483236552061993,1
1009.6443951765394,LHR-HMD00001,head,0.5991482541878886,1.6994973896819985,-1.1997089267855703,0.0,0.31730465640509214,0.0,0.9483236552061993,1
1009.6446916142193,LHR-TRKR0002,foot_left,0.5211928902563695,0.12248675506647044,-1.1401606833543942,0.0,0.31730465640509214,0.0,0.9483236552061993,1
1009.645377126861,LHR-TRKR0001,pelvis,0.6007523348015246,0.9991551235294049,-1.200204676299585,0.0,0.31730465640509214,0.0,0.9483236552061993,1
1009.6460410563783,LHR-CTRL0002,hand_right,0.799751269882508,0.9502060190632999,-1.3517247789294549,0.0,0.31730465640509214,0.0,0.9483236552061993,1
1009.6550254904577,LHR-TRKR0001,pelvis,0.6017053533059852,1.0004301334342367,-1.1992080843817579,0.0,0.31730465640509214,0.0,0.9483236552061993,1
1009.6550860084328,LHR-HMD00001,head,0.6000210380823776,1.6997876775506608,-1.198827076503047,0.0,0.31730465640509214,0.0,0.9483236552061993,1
1009.6555270765559,LHR-CTRL0001,hand_left,0.40180800062519384,0.9494875634203471,-1.0511329791767927,0.0,0.31730465640509214,0.0,0.9483236552061993,1
1009.6564363151441,LHR-CTRL0002,hand_right,0.7985695206771471,0.9490687547369353,-1.350142118907681,0.0,0.31730465640509214,0.0,0.9483236552061993,1
1009.6572225849424,LHR-TRKR0002,foot_left,0.5200153097242938,0.11831066291841626,-1.137452286026865,0.0,0.31730465640509214,0.0,0.9483236552061993,1
1009.6649784246017,LHR-TRKR0001,pelvis,0.6001001922632476,1.0006342454257178,-1.1995159164808924,0.0,0.31730465640509214,0.0,0.9483236552061993,1
1009.6659065520532,LHR-TRKR0002,foot_left,0.5202387909463402,0.11652074079697919,-1.139313855636594,0.0,0.31730465640509214,0.0,0.9483236552061993,1
1009.6663206577853,LHR-HMD00001,head,0.5996503975229965,1.699861951720595,-1.1994460384293093,0.0,0.31730465640509214,0.0,0.9483236552061993,1
1009.666521390731,LHR-CTRL0001,hand_left,0.39970955308307465,0.9502782085303796,-1.0494503473871242,0.0,0.31730465640509214,0.0,0.9483236552061993,1
1009.6667675638425,LHR-CTRL0002,hand_right,0.7988952737481234,0.9502263400073151,-1.351076675691706,0.0,0.31730465640509214,0.0,0.9483236552061993,1
1009.6758655902544,LHR-TRKR0001,pelvis,0.6005708643068763,1.0006667744322166,-1.1994079293013995,0.0,0.31730465640509214,0.0,0.9483236552061993,1
1009.6769876473187,LHR-TRKR0002,foot_left,0.5205039075084829,0.11566699530839317,-1.139131912157235,0.0,0.31730465640509214,0.0,0.9483236552061993,1
1009.6770066562171,LHR-CTRL0002,hand_right,0.7988191914862472,0.9502376440267646,-1.351326119559761,0.0,0.31730465640509214,0.0,0.9483236552061993,1
1009.6771887428105,LHR-CTRL0001,hand_left,0.4003048728226325,0.9485694267216666,-1.049131623346146,0.0,0.31730465640509214,0.0,0.9483236552061993,1
1009.6774214736248,LHR-HMD00001,head,0.60027078537296,1.7010808259321988,-1.2004923216481007,0.0,0.31730465640509214,0.0,0.9483236552061993,1
1009.6883598259669,LHR-TRKR0002,foot_left,0.5213293593001249,0.11376084651262088,-1.1387165590936288,0.0,0.31730465640509214,0.0,0.9483236552061993,1
1009.688663289415,LHR-HMD00001,head,0.5992213025305694,1.7006578637215608,-1.1998725222247042,0.0,0.31730465640509214,0.0,0.9483236552061993,1
1009.6891536387847,LHR-TRKR0001,pelvis,0.5988100087843629,0.9996949131945551,-1.1989283763736391,0.0,0.31730465640509214,0.0,0.9483236552061993,1
1009.6897446670986,LHR-CTRL0001,hand_left,0.39975368017850305,0.9486503288333562,-1.049336345286023,0.0,0.31730465640509214,0.0,0.9483236552061993,1
1009.6899529206228,LHR-CTRL0002,hand_right,0.8000308389350985,0.9501407357507152,-1.3498037096085709,0.0,0.31730465640509214,0.0,0.9483236552061993,1
1009.6984273494385,LHR-HMD00001,head,0.6007919184461252,1.700721766256027,-1.1992929878829648,0.0,0.31730465640509214,0.0,0.9483236552061993,1
1009.6991559088972,LHR-TRKR0001,pelvis,0.5994392254588822,1.0002696438101664,-1.2017625964024956,0.0,0.31730465640509214,0.0,0.9483236552061993,1
1009.7001226487148,LHR-CTRL0001,hand_left,0.4005016668682239,0.9508884790570018,-1.0498754331137252,0.0,0.31730465640509214,0.0,0.9483236552061993,1
1009.7003203288805,LHR-TRKR0002,foot_left,0.5201745291954706,0.1087810062024685,-1.140182223465204,0.0,0.31730465640509214,0.0,0.9483236552061993,1
1009.700528510788,LHR-CTRL0002,hand_right,0.8000978101832447,0.9494922455748676,-1.3496538372404188,0.0,0.31730465640509214,0.0,0.9483236552061993,1
1009.7097924815806,LHR-TRKR0001,pelvis,0.6009542150268017,1.0007795562907096,-1.2010147911247167,0.0,0.31730465640509214,0.0,0.9483236552061993,1
1009.7105139746271,LHR-TRKR0002,foot_left,0.5188523870153349,0.10784318277267578,-1.139980364612417,0.0,0.31730465640509214,0.0,0.9483236552061993,1
1009.7106500703675,LHR-HMD00001,head,0.5990249204484481,1.6999032254922146,-1.2005395531409926,0.0,0.31730465640509214,0.0,0.9483236552061993,1
1009.7109185789124,LHR-CTRL0002,hand_right,0.7995813673711456,0.9515863629798867,-1.3507119591175036,0.0,0.31730465640509214,0.0,0.9483236552061993,1
1009.7118668347621,LHR-CTRL0001,hand_left,0.4027695123465313,0.9510646276585201,-1.0487465176859911,0.0,0.31730465640509214,0.0,0.9483236552061993,1
1009.7206757795257,LHR-TRKR0001,pelvis,0.6006437794519577,1.0011159174777773,-1.201513841736475,0.0,0.31730465640509214,0.0,0.9483236552061993,1
1009.7214823923541,LHR-TRKR0002,foot_left,0.5202127695936135,0.10704806281633127,-1.1402271930037604,0.0,0.31730465640509214,0.0,0.9483236552061993,1
1009.7217973422008,LHR-HMD00001,head,0.5995330340753529,1.7001233399241835,-1.1984840977060045,0.0,0.31730465640509214,0.0,0.9483236552061993,1
1009.7230819476573,LHR-CTRL0001,hand_left,0.3987859407569457,0.9478393450814944,-1.0495521853489553,0.0,0.31730465640509214,0.0,0.9483236552061993,1
1009.7231413134976,LHR-CTRL0002,hand_right,0.7992885926193353,0.9495570285239127,-1.3490250160203316,0.0,0.31730465640509214,0.0,0.9483236552061993,1
1009.7322115293629,LHR-CTRL0002,hand_right,0.7983683071892739,0.950160755702287,-1.3480958853695777,0.0,0.31730465640509214,0.0,0.9483236552061993,1
1009.7331332449227,LHR-TRKR0001,pelvis,0.6018058329325662,0.9981138129243157,-1.198852427112678,0.0,0.31730465640509214,0.0,0.9483236552061993,1
1009.7331444529476,LHR-HMD00001,head,0.602088503609873,1.699177142861548,-1.2000407676455631,0.0,0.31730465640509214,0.0,0.9483236552061993,1
1009.7337341712193,LHR-CTRL0001,hand_left,0.4011859546023077,0.951249190573145,-1.0504971841303627,0.0,0.31730465640509214,0.0,0.9483236552061993,1
1009.7342622272662,LHR-TRKR0002,foot_left,0.5205329657420801,0.10572307933513152,-1.1397248336942287,0.0,0.31730465640509214,0.0,0.9483236552061993,1
1009.7427896263532,LHR-TRKR0002,foot_left,0.5197852358557559,0.1039497924621391,-1.1391219272810602,0.0,0.31730465640509214,0.0,0.9483236552061993,1
1009.744190144432,LHR-HMD00001,head,0.599195068879944,1.69922020120771,-1.2002703182652563,0.0,0.31730465640509214,0.0,0.9483236552061993,1
1009.7443572191671,LHR-TRKR0001,pelvis,0.598560362442193,1.0008461258295753,-1.2003550375645489,0.0,0.31730465640509214,0.0,0.9483236552061993,1
1009.7446385923306,LHR-CTRL0002,hand_right,0.8014179852382584,0.9501086501374585,-1.350273113388804,0.0,0.31730465640509214,0.0,0.9483236552061993,1
1009.7452177609058,LHR-CTRL0001,hand_left,0.4020725633585374,0.9487132736777948,-1.050305020677855,0.0,0.31730465640509214,0.0,0.9483236552061993,1
1009.7544317175982,LHR-CTRL0001,hand_left,0.39959402358202983,0.9506982919026729,-1.0499566206381203,0.0,0.31730465640509214,0.0,0.9483236552061993,1
1009.7560424152642,LHR-TRKR0002,foot_left,0.5213030830141727,0.09979654220399664,-1.1396894683116094,0.0,0.31730465640509214,0.0,0.9483236552061993,1
1009.7560860760588,LHR-TRKR0001,pelvis,0.599392974324102,1.0012200078975106,-1.1993165065041198,0.0,0.31730465640509214,0.0,0.9483236552061993,1
1009.7562275626972,LHR-HMD00001,head,0.5983782596697108,1.7003595308566601,-1.201127578674146,0.0,0.31730465640509214,0.0,0.9483236552061993,1
1009.7563218235871,LHR-CTRL0002,hand_right,0.8008414732748442,0.9506424545963109,-1.3492569471711129,0.0,0.31730465640509214,0.0,0.9483236552061993,1
1009.7650254646799,LHR-CTRL0002,hand_right,0.7994912750641189,0.9510645449609886,-1.3511325305988702,0.0,0.31730465640509214,0.0,0.9483236552061993,1
1009.7653576039896,LHR-CTRL0001,hand_left,0.4015757470291986,0.9492666846604193,-1.0479724354076179,0.0,0.31730465640509214,0.0,0.9483236552061993,1
1009.7661347233106,LHR-HMD00001,head,0.5998251040927652,1.6992015373281892,-1.1993205249226468,0.0,0.31730465640509214,0.0,0.9483236552061993,1
1009.7669183268298,LHR-TRKR0001,pelvis,0.5991637219525562,1.0011458326226177,-1.200979502612287,0.0,0.31730465640509214,0.0,0.9483236552061993,1
1009.7673514938299,LHR-TRKR0002,foot_left,0.5200746954430725,0.09820019737605672,-1.1395537302779466,0.0,0.31730465640509214,0.0,0.9483236552061993,1
1009.7773392000764,LHR-HMD00001,head,0.6008002652412823,1.7006045387157565,-1.2000602092028716,0.0,0.31730465640509214,0.0,0.9483236552061993,1
1009.7774969427178,LHR-CTRL0002,hand_right,0.7981837460732437,0.9501225539781728,-1.3500882236779208,0.0,0.31730465640509214,0.0,0.9483236552061993,1
1009.7778220396713,LHR-TRKR0002,foot_left,0.5201091457562208,0.09804583962807382,-1.1410389781841312,0.0,0.31730465640509214,0.0,0.9483236552061993,1
1009.7792306442346,LHR-CTRL0001,hand_left,0.40046238523208605,0.9494318436593473,-1.0495845721189743,0.0,0.31730465640509214,0.0,0.9483236552061993,1
1009.7795927542061,LHR-TRKR0001,pelvis,0.5998853474674083,1.0009781186159101,-1.2006433792184124,0.0,0.31730465640509214,0.0,0.9483236552061993,1
1009.7885107059216,LHR-CTRL0001,hand_left,0.40113701300169247,0.9494240656136869,-1.0503542776587964,0.0,0.31730465640509214,0.0,0.9483236552061993,1
1009.7886407967484,LHR-TRKR0002,foot_left,0.5210093973394937,0.0970285499011821,-1.1374311927350662,0.0,0.31730465640509214,0.0,0.9483236552061993,1
1009.7886604664984,LHR-CTRL0002,hand_right,0.7993532528905716,0.9510400648138616,-1.3492235301123872,0.0,0.31730465640509214,0.0,0.9483236552061993,1
1009.7894308276435,LHR-HMD00001,head,0.5983904690783659,1.6989402519921224,-1.199557716642327,0.0,0.31730465640509214,0.0,0.9483236552061993,1
1009.7899066587013,LHR-TRKR0001,pelvis,0.6021850886228863,0.9996090294815911,-1.1996144470733272,0.0,0.31730465640509214,0.0,0.9483236552061993,1
1009.7983806876535,LHR-CTRL0002,hand_right,0.7994502028180318,0.9500060636546357,-1.3517531030120322,0.0,0.31730465640509214,0.0,0.9483236552061993,1
1009.7997646851533,LHR-HMD00001,head,0.5993899954259347,1.699679165647558,-1.1994859289353552,0.0,0.31730465640509214,0.0,0.9483236552061993,1
1009.800005032206,LHR-TRKR0001,pelvis,0.6006611151384281,1.0003725293032677,-1.2003126679179812,0.0,0.31730465640509214,0.0,0.9483236552061993,1
1009.8000404837401,LHR-TRKR0002,foot_left,0.5207409456828779,0.09480374795363795,-1.1390037223446867,0.0,0.31730465640509214,0.0,0.9483236552061993,1
1009.8006514164427,LHR-CTRL0001,hand_left,0.40131722275632875,0.9512258454366302,-1.0482043348891037,0.0,0.31730465640509214,0.0,0.9483236552061993,1
1009.8111669166287,LHR-CTRL0002,hand_right,0.7990928108017225,0.9488629500960628,-1.3506157210101224,0.0,0.31730465640509214,0.0,0.9483236552061993,1
1009.8113275658379,LHR-HMD00001,head,0.6021128916344832,1.699254548657725,-1.199568389095236,0.0,0.31730465640509214,0.0,0.9483236552061993,1
1009.8122086800624,LHR-CTRL0001,hand_left,0.3990680769745783,0.9503668356769897,-1.0489124787299697,0.0,0.31730465640509214,0.0,0.9483236552061993,1
1009.812210305252,LHR-TRKR0001,pelvis,0.5997811227256675,1.0007643522899816,-1.2004522181316422,0.0,0.31730465640509214,0.0,0.9483236552061993,1
1009.8126005253466,LHR-TRKR0002,foot_left,0.5190294610403522,0.09276044653190466,-1.14033170327394,0.0,0.31730465640509214,0.0,0.9483236552061993,1
1009.8219692708539,LHR-CTRL0002,hand_right,0.7990061243311182,0.9495712317304384,-1.3493073556577646,0.0,0.31730465640509214,0.0,0.9483236552061993,1
1009.8225898500039,LHR-CTRL0001,hand_left,0.398782418979768,0.9504533635875702,-1.0489033652192798,0.0,0.31730465640509214,0.0,0.9483236552061993,1
1009.8226038643229,LHR-TRKR0001,pelvis,0.6008145431850785,0.9998733125123508,-1.198951338882662,0.0,0.31730465640509214,0.0,0.9483236552061993,1
1009.8228915579206,LHR-HMD00001,head,0.5994289630683463,1.6988738025069121,-1.2003447999742487,0.0,0.31730465640509214,0.0,0.9483236552061993,1
1009.8242441251646,LHR-TRKR0002,foot_left,0.5190310605742324,0.09102206299880583,-1.1407985230724373,0.0,0.31730465640509214,0.0,0.9483236552061993,1
1009.831955196098,LHR-TRKR0002,foot_left,0.5187281151609412,0.08950643684228071,-1.1394189221723818,0.0,0.31730465640509214,0.0,0.9483236552061993,1
1009.8320401029829,LHR-TRKR0001,pelvis,0.5996304879020105,0.9989362559870448,-1.1998733857745807,0.0,0.31730465640509214,0.0,0.9483236552061993,1
1009.8325592027369,LHR-CTRL0002,hand_right,0.7994511098431913,0.9509521403671767,-1.3489005680663892,0.0,0.31730465640509214,0.0,0.9483236552061993,1
1009.8337553028282,LHR-HMD00001,head,0.5997470481557006,1.699564034270329,-1.1994914980715377,0.0,0.31730465640509214,0.0,0.9483236552061993,1
1009.8341410367697,LHR-CTRL0001,hand_left,0.40221546993912427,0.9488848717633818,-1.0496132519273937,0.0,0.31730465640509214,0.0,0.9483236552061993,1
1009.8432308273339,LHR-CTRL0001,hand_left,0.40292703905969857,0.9491205338836755,-1.050066241024,0.0,0.31730465640509214,0.0,0.9483236552061993,1
1009.8436703306485,LHR-CTRL0002,hand_right,0.7990804991625873,0.9506567149491156,-1.3498958279723403,0.0,0.31730465640509214,0.0,0.9483236552061993,1
1009.8439465851778,LHR-TRKR0002,foot_left,0.5196770449553554,0.08871900270826551,-1.1389063718940209,0.0,0.31730465640509214,0.0,0.9483236552061993,1
1009.8446946068924,LHR-HMD00001,head,0.5997103580349842,1.6979376825520536,-1.199472536265541,0.0,0.31730465640509214,0.0,0.9483236552061993,1
1009.8450814946424,LHR-TRKR0001,pelvis,0.5989993352684299,0.9986785310392724,-1.200259299380426,0.0,0.31730465640509214,0.0,0.9483236552061993,1
1009.8542165813054,LHR-TRKR0002,foot_left,0.5196668675814472,0.08887097893328522,-1.139043892806422,0.0,0.31730465640509214,0.0,0.9483236552061993,1
1009.8542414067133,LHR-CTRL0001,hand_left,0.39984682739816596,0.9485019526276234,-1.0486851363543392,0.0,0.31730465640509214,0.0,0.9483236552061993,1
1009.8553591139979,LHR-HMD00001,head,0.6004806465458493,1.698564665155179,-1.2006762406441214,0.0,0.31730465640509214,0.0,0.9483236552061993,1
1009.8567799674813,LHR-TRKR0001,pelvis,0.6008434213724887,1.0001779842252398,-1.2000512509218162,0.0,0.31730465640509214,0.0,0.9483236552061993,1
1009.856805874652,LHR-CTRL0002,hand_right,0.7989757078153584,0.9481834829030432,-1.348675822051947,0.0,0.31730465640509214,0.0,0.9483236552061993,1
1009.8655091427855,LHR-CTRL0001,hand_left,0.4027706251472367,0.9506463633799003,-1.0486225525516089,0.0,0.31730465640509214,0.0,0.9483236552061993,1
1009.8656259313275,LHR-CTRL0002,hand_right,0.8018444645879462,0.9495381981461979,-1.3490237173418265,0.0,0.31730465640509214,0.0,0.9483236552061993,1
1009.866271386231,LHR-TRKR0001,pelvis,0.6000343617853082,1.0011085130745896,-1.1981846649958134,0.0,0.31730465640509214,0.0,0.9483236552061993,1
1009.866416180627,LHR-TRKR0002,foot_left,0.5192318001694676,0.08765900423450447,-1.1406012061688675,0.0,0.31730465640509214,0.0,0.9483236552061993,1
1009.8673485607698,LHR-HMD00001,head,0.5995177986376635,1.7006777548807488,-1.200250794481938,0.0,0.31730465640509214,0.0,0.9483236552061993,1
1009.877169732954,LHR-CTRL0001,hand_left,0.3989523369474379,0.9497460465637508,-1.0503337655320266,0.0,0.31730465640509214,0.0,0.9483236552061993,1
1009.8776381019164,LHR-TRKR0002,foot_left,0.5188819344372498,0.08603287508772246,-1.1384857277532114,0.0,0.31730465640509214,0.0,0.9483236552061993,1
1009.877953327719,LHR-HMD00001,head,0.600950623910977,1.6992423374660277,-1.1991478591051814,0.0,0.31730465640509214,0.0,0.9483236552061993,1
1009.8781654683779,LHR-TRKR0001,pelvis,0.6004749159140915,1.001604555462045,-1.1992734783662922,0.0,0.31730465640509214,0.0,0.9483236552061993,1
1009.8789559705904,LHR-CTRL0002,hand_right,0.7972875707340146,0.9511091574333275,-1.3501834070934753,0.0,0.31730465640509214,0.0,0.9483236552061993,1
1009.8862841297114,LHR-CTRL0001,hand_left,0.3991150593356828,0.9483343861038723,-1.0488826312899433,0.0,0.31730465640509214,0.0,0.9483236552061993,1
1009.8883840361378,LHR-HMD00001,head,0.600001649336174,1.6996288290326684,-1.199166748643526,0.0,0.31730465640509214,0.0,0.9483236552061993,1
1009.888698262225,LHR-CTRL0002,hand_right,0.7983236388017064,0.9488568973632066,-1.3506096884954424,0.0,0.31730465640509214,0.0,0.9483236552061993,1
1009.8888056122826,LHR-TRKR0001,pelvis,0.6002959513688272,1.0004296665488313,-1.2001020106362004,0.0,0.31730465640509214,0.0,0.9483236552061993,1
1009.8895703198338,LHR-TRKR0002,foot_left,0.5203040306045965,0.08698511470766469,-1.140124875518248,0.0,0.31730465640509214,0.0,0.9483236552061993,1
1009.8995965704104,LHR-CTRL0001,hand_left,0.39930429291919367,0.9506766599542915,-1.0489818566504898,0.0,0.31730465640509214,0.0,0.9483236552061993,1
1009.899849190813,LHR-HMD00001,head,0.6007960680689479,1.700575345787327,-1.2001283383533914,0.0,0.31730465640509214,0.0,0.9483236552061993,1
1009.9003645894422,LHR-TRKR0002,foot_left,0.5211036585184693,0.08248791347574431,-1.140639983531447,0.0,0.31730465640509214,0.0,0.9483236552061993,1
1009.900558864873,LHR-CTRL0002,hand_right,0.8005772564722612,0.950884385171051,-1.3503914509252688,0.0,0.31730465640509214,0.0,0.9483236552061993,1
1009.9008191796925,LHR-TRKR0001,pelvis,0.5999944579590195,1.0004411734511207,-1.2013512032646245,0.0,0.31730465640509214,0.0,0.9483236552061993,1
1009.9092591550303,LHR-CTRL0001,hand_left,0.40065955168448636,0.948910542816956,-1.0481176201551934,0.0,0.31730465640509214,0.0,0.9483236552061993,1
1009.9098929817338,LHR-HMD00001,head,0.6010466017573833,1.7011937346947945,-1.20031110981123,0.0,0.31730465640509214,0.0,0.9483236552061993,1
1009.9105918585441,LHR-CTRL0002,hand_right,0.8007724186634391,0.9496835111012203,-1.3511070733602324,0.0,0.31730465640509214,0.0,0.9483236552061993,1
1009.9114870277459,LHR-TRKR0002,foot_left,0.5204921201654195,0.08208669113578486,-1.1411703985533965,0.0,0.31730465640509214,0.0,0.9483236552061993,1
1009.9115153432685,LHR-TRKR0001,pelvis,0.6008664244290409,0.9994177150223391,-1.1987422366202276,0.0,0.31730465640509214,0.0,0.9483236552061993,1
1009.921260666248,LHR-HMD00001,head,0.6001075106759435,1.6984837241356816,-1.200681774643737,0.0,0.31730465640509214,0.0,0.9483236552061993,1
1009.923214431648,LHR-TRKR0002,foot_left,0.5209955376951605,0.08271589960578705,-1.1397001574948808,0.0,0.31730465640509214,0.0,0.9483236552061993,1
1009.9232188161951,LHR-CTRL0001,hand_left,0.40112728273164266,0.9516193202783009,-1.0482110472979966,0.0,0.31730465640509214,0.0,0.9483236552061993,1
1009.9232358261324,LHR-CTRL0002,hand_right,0.7998765709491074,0.9510652383928472,-1.3505896539794124,0.0,0.31730465640509214,0.0,0.9483236552061993,1
1009.923793829834,LHR-TRKR0001,pelvis,0.6002814582357843,0.9999057098735196,-1.201364055928924,0.0,0.31730465640509214,0.0,0.9483236552061993,1
1009.9314504252965,LHR-HMD00001,head,0.6009735815888387,1.6990445614223892,-1.199666009429272,0.0,0.31730465640509214,0.0,0.9483236552061993,1
1009.9320073526918,LHR-TRKR0001,pelvis,0.5995040953453276,1.0002893261006307,-1.2003023707048455,0.0,0.31730465640509214,0.0,0.9483236552061993,1
1009.9327029772091,LHR-CTRL0002,hand_right,0.7995066308891858,0.9496863546784875,-1.3502017780790236,0.0,0.31730465640509214,0.0,0.9483236552061993,1
1009.9337658375778,LHR-CTRL0001,hand_left,0.400775328587537,0.9514405806562615,-1.0492324864759455,0.0,0.31730465640509214,0.0,0.9483236552061993,1
1009.9347446284296,LHR-TRKR0002,foot_left,0.5198650400867424,0.08416953666484164,-1.140183950183484,0.0,0.31730465640509214,0.0,0.9483236552061993,1
1009.9437645130629,LHR-HMD00001,head,0.5999618698158515,1.7016435768388678,-1.199860591418387,0.0,0.31730465640509214,0.0,0.9483236552061993,1
1009.9442067010041,LHR-TRKR0002,foot_left,0.5185672691463893,0.08166206779975739,-1.1381735714005734,0.0,0.31730465640509214,0.0,0.9483236552061993,1
1009.9449305832896,LHR-CTRL0001,hand_left,0.4000717266098543,0.9493327440767646,-1.0494408559811117,0.0,0.31730465640509214,0.0,0.9483236552061993,1
1009.9453491500587,LHR-CTRL0002,hand_right,0.7978973301559203,0.9517888061833605,-1.3501099700196384,0.0,0.31730465640509214,0.0,0.9483236552061993,1
1009.9463729527474,LHR-TRKR0001,pelvis,0.5990043125767581,0.9996656181848351,-1.199088449213844,0.0,0.31730465640509214,0.0,0.9483236552061993,1
1009.953618515624,LHR-CTRL0001,hand_left,0.4004529091663907,0.9482774801225352,-1.0492875173075176,0.0,0.31730465640509214,0.0,0.9483236552061993,1
1009.9556352834196,LHR-TRKR0001,pelvis,0.600174712229892,1.0014719137545052,-1.1995427936061445,0.0,0.31730465640509214,0.0,0.9483236552061993,1
1009.955770441348,LHR-TRKR0002,foot_left,0.5206997950636476,0.07989855770333479,-1.1399277091165212,0.0,0.31730465640509214,0.0,0.9483236552061993,1
1009.9567031683035,LHR-CTRL0002,hand_right,0.800163650666478,0.9518433078989559,-1.3492528059916498,0.0,0.31730465640509214,0.0,0.9483236552061993,1
1009.9568911009771,LHR-HMD00001,head,0.5981228756793523,1.6995773373109853,-1.199577657944484,0.0,0.31730465640509214,0.0,0.9483236552061993,1
1009.9649724690254,LHR-TRKR0002,foot_left,0.5209281954557112,0.0803888411951344,-1.1384916371410525,0.0,0.31730465640509214,0.0,0.9483236552061993,1
1009.9656862322022,LHR-CTRL0002,hand_right,0.801391231625439,0.9499233644017969,-1.3504799273246582,0.0,0.31730465640509214,0.0,0.9483236552061993,1
1009.9661101778267,LHR-HMD00001,head,0.6006074503258568,1.7004643603855607,-1.1987295989872624,0.0,0.31730465640509214,0.0,0.9483236552061993,1
1009.9662743693725,LHR-CTRL0001,hand_left,0.40162796097263337,0.9494708837244101,-1.0472043367578847,0.0,0.31730465640509214,0.0,0.9483236552061993,1
1009.9664867236837,LHR-TRKR0001,pelvis,0.5983313226925978,1.0008435678555048,-1.199766793697573,0.0,0.31730465640509214,0.0,0.9483236552061993,1
1009.9771108983496,LHR-TRKR0001,pelvis,0.6013507134392123,0.9998477763209687,-1.1975677820491117,0.0,0.31730465640509214,0.0,0.9483236552061993,1
1009.9784791025904,LHR-CTRL0002,hand_right,0.8001048392317928,0.9485013464557052,-1.3514016495468943,0.0,0.31730465640509214,0.0,0.9483236552061993,1
1009.9785653185949,LHR-HMD00001,head,0.6002526693587601,1.6981062702172944,-1.2006395740957523,0.0,0.31730465640509214,0.0,0.9483236552061993,1
1009.9792325434773,LHR-CTRL0001,hand_left,0.3995584626439927,0.950453078579397,-1.0483127100296854,0.0,0.31730465640509214,0.0,0.9483236552061993,1
1009.9792897562354,LHR-TRKR0002,foot_left,0.5194772989768915,0.08118825063145578,-1.1392538504001612,0.0,0.31730465640509214,0.0,0.9483236552061993,1
1009.9881757976666,LHR-CTRL0001,hand_left,0.4015618162402773,0.950574424302602,-1.0493361055089931,0.0,0.31730465640509214,0.0,0.9483236552061993,1
1009.9882189105142,LHR-CTRL0002,hand_right,0.7993711649662602,0.9490003199095939,-1.3495413753985066,0.0,0.31730465640509214,0.0,0.9483236552061993,1
1009.9884982735338,LHR-TRKR0002,foot_left,0.5210578363472165,0.08000522750977372,-1.1399067548080988,0.0,0.31730465640509214,0.0,0.9483236552061993,1
1009.9888854390347,LHR-HMD00001,head,0.6002113682522386,1.6993157920756614,-1.1996520228677934,0.0,0.31730465640509214,0.0,0.9483236552061993,1
1009.9892754863341,LHR-TRKR0001,pelvis,0.601716087598038,0.9982500319295611,-1.1993275170239643,0.0,0.31730465640509214,0.0,0.9483236552061993,1
